#pragma once

// Generated from Unicode emoji-test.txt (15.1).
static const struct EmojiListEntry
{
    const char* emoji;
    const char* name;
} kEmojiList[] = {
    {"\xF0\x9F\x98\x80", "grinning face"},
    {"\xF0\x9F\x98\x83", "grinning face with big eyes"},
    {"\xF0\x9F\x98\x84", "grinning face with smiling eyes"},
    {"\xF0\x9F\x98\x81", "beaming face with smiling eyes"},
    {"\xF0\x9F\x98\x86", "grinning squinting face"},
    {"\xF0\x9F\x98\x85", "grinning face with sweat"},
    {"\xF0\x9F\xA4\xA3", "rolling on the floor laughing"},
    {"\xF0\x9F\x98\x82", "face with tears of joy"},
    {"\xF0\x9F\x99\x82", "slightly smiling face"},
    {"\xF0\x9F\x99\x83", "upside-down face"},
    {"\xF0\x9F\xAB\xA0", "melting face"},
    {"\xF0\x9F\x98\x89", "winking face"},
    {"\xF0\x9F\x98\x8A", "smiling face with smiling eyes"},
    {"\xF0\x9F\x98\x87", "smiling face with halo"},
    {"\xF0\x9F\xA5\xB0", "smiling face with hearts"},
    {"\xF0\x9F\x98\x8D", "smiling face with heart-eyes"},
    {"\xF0\x9F\xA4\xA9", "star-struck"},
    {"\xF0\x9F\x98\x98", "face blowing a kiss"},
    {"\xF0\x9F\x98\x97", "kissing face"},
    {"\xE2\x98\xBA\xEF\xB8\x8F", "smiling face"},
    {"\xF0\x9F\x98\x9A", "kissing face with closed eyes"},
    {"\xF0\x9F\x98\x99", "kissing face with smiling eyes"},
    {"\xF0\x9F\xA5\xB2", "smiling face with tear"},
    {"\xF0\x9F\x98\x8B", "face savoring food"},
    {"\xF0\x9F\x98\x9B", "face with tongue"},
    {"\xF0\x9F\x98\x9C", "winking face with tongue"},
    {"\xF0\x9F\xA4\xAA", "zany face"},
    {"\xF0\x9F\x98\x9D", "squinting face with tongue"},
    {"\xF0\x9F\xA4\x91", "money-mouth face"},
    {"\xF0\x9F\xA4\x97", "smiling face with open hands"},
    {"\xF0\x9F\xA4\xAD", "face with hand over mouth"},
    {"\xF0\x9F\xAB\xA2", "face with open eyes and hand over mouth"},
    {"\xF0\x9F\xAB\xA3", "face with peeking eye"},
    {"\xF0\x9F\xA4\xAB", "shushing face"},
    {"\xF0\x9F\xA4\x94", "thinking face"},
    {"\xF0\x9F\xAB\xA1", "saluting face"},
    {"\xF0\x9F\xA4\x90", "zipper-mouth face"},
    {"\xF0\x9F\xA4\xA8", "face with raised eyebrow"},
    {"\xF0\x9F\x98\x90", "neutral face"},
    {"\xF0\x9F\x98\x91", "expressionless face"},
    {"\xF0\x9F\x98\xB6", "face without mouth"},
    {"\xF0\x9F\xAB\xA5", "dotted line face"},
    {"\xF0\x9F\x98\xB6\xE2\x80\x8D\xF0\x9F\x8C\xAB\xEF\xB8\x8F",
     "face in clouds"},
    {"\xF0\x9F\x98\x8F", "smirking face"},
    {"\xF0\x9F\x98\x92", "unamused face"},
    {"\xF0\x9F\x99\x84", "face with rolling eyes"},
    {"\xF0\x9F\x98\xAC", "grimacing face"},
    {"\xF0\x9F\x98\xAE\xE2\x80\x8D\xF0\x9F\x92\xA8", "face exhaling"},
    {"\xF0\x9F\xA4\xA5", "lying face"},
    {"\xF0\x9F\xAB\xA8", "shaking face"},
    {"\xF0\x9F\x99\x82\xE2\x80\x8D\xE2\x86\x94\xEF\xB8\x8F",
     "head shaking horizontally"},
    {"\xF0\x9F\x99\x82\xE2\x80\x8D\xE2\x86\x95\xEF\xB8\x8F",
     "head shaking vertically"},
    {"\xF0\x9F\x98\x8C", "relieved face"},
    {"\xF0\x9F\x98\x94", "pensive face"},
    {"\xF0\x9F\x98\xAA", "sleepy face"},
    {"\xF0\x9F\xA4\xA4", "drooling face"},
    {"\xF0\x9F\x98\xB4", "sleeping face"},
    {"\xF0\x9F\x98\xB7", "face with medical mask"},
    {"\xF0\x9F\xA4\x92", "face with thermometer"},
    {"\xF0\x9F\xA4\x95", "face with head-bandage"},
    {"\xF0\x9F\xA4\xA2", "nauseated face"},
    {"\xF0\x9F\xA4\xAE", "face vomiting"},
    {"\xF0\x9F\xA4\xA7", "sneezing face"},
    {"\xF0\x9F\xA5\xB5", "hot face"},
    {"\xF0\x9F\xA5\xB6", "cold face"},
    {"\xF0\x9F\xA5\xB4", "woozy face"},
    {"\xF0\x9F\x98\xB5", "face with crossed-out eyes"},
    {"\xF0\x9F\x98\xB5\xE2\x80\x8D\xF0\x9F\x92\xAB", "face with spiral eyes"},
    {"\xF0\x9F\xA4\xAF", "exploding head"},
    {"\xF0\x9F\xA4\xA0", "cowboy hat face"},
    {"\xF0\x9F\xA5\xB3", "partying face"},
    {"\xF0\x9F\xA5\xB8", "disguised face"},
    {"\xF0\x9F\x98\x8E", "smiling face with sunglasses"},
    {"\xF0\x9F\xA4\x93", "nerd face"},
    {"\xF0\x9F\xA7\x90", "face with monocle"},
    {"\xF0\x9F\x98\x95", "confused face"},
    {"\xF0\x9F\xAB\xA4", "face with diagonal mouth"},
    {"\xF0\x9F\x98\x9F", "worried face"},
    {"\xF0\x9F\x99\x81", "slightly frowning face"},
    {"\xE2\x98\xB9\xEF\xB8\x8F", "frowning face"},
    {"\xF0\x9F\x98\xAE", "face with open mouth"},
    {"\xF0\x9F\x98\xAF", "hushed face"},
    {"\xF0\x9F\x98\xB2", "astonished face"},
    {"\xF0\x9F\x98\xB3", "flushed face"},
    {"\xF0\x9F\xA5\xBA", "pleading face"},
    {"\xF0\x9F\xA5\xB9", "face holding back tears"},
    {"\xF0\x9F\x98\xA6", "frowning face with open mouth"},
    {"\xF0\x9F\x98\xA7", "anguished face"},
    {"\xF0\x9F\x98\xA8", "fearful face"},
    {"\xF0\x9F\x98\xB0", "anxious face with sweat"},
    {"\xF0\x9F\x98\xA5", "sad but relieved face"},
    {"\xF0\x9F\x98\xA2", "crying face"},
    {"\xF0\x9F\x98\xAD", "loudly crying face"},
    {"\xF0\x9F\x98\xB1", "face screaming in fear"},
    {"\xF0\x9F\x98\x96", "confounded face"},
    {"\xF0\x9F\x98\xA3", "persevering face"},
    {"\xF0\x9F\x98\x9E", "disappointed face"},
    {"\xF0\x9F\x98\x93", "downcast face with sweat"},
    {"\xF0\x9F\x98\xA9", "weary face"},
    {"\xF0\x9F\x98\xAB", "tired face"},
    {"\xF0\x9F\xA5\xB1", "yawning face"},
    {"\xF0\x9F\x98\xA4", "face with steam from nose"},
    {"\xF0\x9F\x98\xA1", "enraged face"},
    {"\xF0\x9F\x98\xA0", "angry face"},
    {"\xF0\x9F\xA4\xAC", "face with symbols on mouth"},
    {"\xF0\x9F\x98\x88", "smiling face with horns"},
    {"\xF0\x9F\x91\xBF", "angry face with horns"},
    {"\xF0\x9F\x92\x80", "skull"},
    {"\xE2\x98\xA0\xEF\xB8\x8F", "skull and crossbones"},
    {"\xF0\x9F\x92\xA9", "pile of poo"},
    {"\xF0\x9F\xA4\xA1", "clown face"},
    {"\xF0\x9F\x91\xB9", "ogre"},
    {"\xF0\x9F\x91\xBA", "goblin"},
    {"\xF0\x9F\x91\xBB", "ghost"},
    {"\xF0\x9F\x91\xBD", "alien"},
    {"\xF0\x9F\x91\xBE", "alien monster"},
    {"\xF0\x9F\xA4\x96", "robot"},
    {"\xF0\x9F\x98\xBA", "grinning cat"},
    {"\xF0\x9F\x98\xB8", "grinning cat with smiling eyes"},
    {"\xF0\x9F\x98\xB9", "cat with tears of joy"},
    {"\xF0\x9F\x98\xBB", "smiling cat with heart-eyes"},
    {"\xF0\x9F\x98\xBC", "cat with wry smile"},
    {"\xF0\x9F\x98\xBD", "kissing cat"},
    {"\xF0\x9F\x99\x80", "weary cat"},
    {"\xF0\x9F\x98\xBF", "crying cat"},
    {"\xF0\x9F\x98\xBE", "pouting cat"},
    {"\xF0\x9F\x99\x88", "see-no-evil monkey"},
    {"\xF0\x9F\x99\x89", "hear-no-evil monkey"},
    {"\xF0\x9F\x99\x8A", "speak-no-evil monkey"},
    {"\xF0\x9F\x92\x8C", "love letter"},
    {"\xF0\x9F\x92\x98", "heart with arrow"},
    {"\xF0\x9F\x92\x9D", "heart with ribbon"},
    {"\xF0\x9F\x92\x96", "sparkling heart"},
    {"\xF0\x9F\x92\x97", "growing heart"},
    {"\xF0\x9F\x92\x93", "beating heart"},
    {"\xF0\x9F\x92\x9E", "revolving hearts"},
    {"\xF0\x9F\x92\x95", "two hearts"},
    {"\xF0\x9F\x92\x9F", "heart decoration"},
    {"\xE2\x9D\xA3\xEF\xB8\x8F", "heart exclamation"},
    {"\xF0\x9F\x92\x94", "broken heart"},
    {"\xE2\x9D\xA4\xEF\xB8\x8F\xE2\x80\x8D\xF0\x9F\x94\xA5", "heart on fire"},
    {"\xE2\x9D\xA4\xEF\xB8\x8F\xE2\x80\x8D\xF0\x9F\xA9\xB9", "mending heart"},
    {"\xE2\x9D\xA4\xEF\xB8\x8F", "red heart"},
    {"\xF0\x9F\xA9\xB7", "pink heart"},
    {"\xF0\x9F\xA7\xA1", "orange heart"},
    {"\xF0\x9F\x92\x9B", "yellow heart"},
    {"\xF0\x9F\x92\x9A", "green heart"},
    {"\xF0\x9F\x92\x99", "blue heart"},
    {"\xF0\x9F\xA9\xB5", "light blue heart"},
    {"\xF0\x9F\x92\x9C", "purple heart"},
    {"\xF0\x9F\xA4\x8E", "brown heart"},
    {"\xF0\x9F\x96\xA4", "black heart"},
    {"\xF0\x9F\xA9\xB6", "grey heart"},
    {"\xF0\x9F\xA4\x8D", "white heart"},
    {"\xF0\x9F\x92\x8B", "kiss mark"},
    {"\xF0\x9F\x92\xAF", "hundred points"},
    {"\xF0\x9F\x92\xA2", "anger symbol"},
    {"\xF0\x9F\x92\xA5", "collision"},
    {"\xF0\x9F\x92\xAB", "dizzy"},
    {"\xF0\x9F\x92\xA6", "sweat droplets"},
    {"\xF0\x9F\x92\xA8", "dashing away"},
    {"\xF0\x9F\x95\xB3\xEF\xB8\x8F", "hole"},
    {"\xF0\x9F\x92\xAC", "speech balloon"},
    {"\xF0\x9F\x91\x81\xEF\xB8\x8F\xE2\x80\x8D\xF0\x9F\x97\xA8\xEF\xB8\x8F",
     "eye in speech bubble"},
    {"\xF0\x9F\x97\xA8\xEF\xB8\x8F", "left speech bubble"},
    {"\xF0\x9F\x97\xAF\xEF\xB8\x8F", "right anger bubble"},
    {"\xF0\x9F\x92\xAD", "thought balloon"},
    {"\xF0\x9F\x92\xA4", "ZZZ"},
    {"\xF0\x9F\x91\x8B", "waving hand"},
    {"\xF0\x9F\x91\x8B\xF0\x9F\x8F\xBB", "waving hand: light skin tone"},
    {"\xF0\x9F\x91\x8B\xF0\x9F\x8F\xBC", "waving hand: medium-light skin tone"},
    {"\xF0\x9F\x91\x8B\xF0\x9F\x8F\xBD", "waving hand: medium skin tone"},
    {"\xF0\x9F\x91\x8B\xF0\x9F\x8F\xBE", "waving hand: medium-dark skin tone"},
    {"\xF0\x9F\x91\x8B\xF0\x9F\x8F\xBF", "waving hand: dark skin tone"},
    {"\xF0\x9F\xA4\x9A", "raised back of hand"},
    {"\xF0\x9F\xA4\x9A\xF0\x9F\x8F\xBB",
     "raised back of hand: light skin tone"},
    {"\xF0\x9F\xA4\x9A\xF0\x9F\x8F\xBC",
     "raised back of hand: medium-light skin tone"},
    {"\xF0\x9F\xA4\x9A\xF0\x9F\x8F\xBD",
     "raised back of hand: medium skin tone"},
    {"\xF0\x9F\xA4\x9A\xF0\x9F\x8F\xBE",
     "raised back of hand: medium-dark skin tone"},
    {"\xF0\x9F\xA4\x9A\xF0\x9F\x8F\xBF", "raised back of hand: dark skin tone"},
    {"\xF0\x9F\x96\x90\xEF\xB8\x8F", "hand with fingers splayed"},
    {"\xF0\x9F\x96\x90\xF0\x9F\x8F\xBB",
     "hand with fingers splayed: light skin tone"},
    {"\xF0\x9F\x96\x90\xF0\x9F\x8F\xBC",
     "hand with fingers splayed: medium-light skin tone"},
    {"\xF0\x9F\x96\x90\xF0\x9F\x8F\xBD",
     "hand with fingers splayed: medium skin tone"},
    {"\xF0\x9F\x96\x90\xF0\x9F\x8F\xBE",
     "hand with fingers splayed: medium-dark skin tone"},
    {"\xF0\x9F\x96\x90\xF0\x9F\x8F\xBF",
     "hand with fingers splayed: dark skin tone"},
    {"\xE2\x9C\x8B", "raised hand"},
    {"\xE2\x9C\x8B\xF0\x9F\x8F\xBB", "raised hand: light skin tone"},
    {"\xE2\x9C\x8B\xF0\x9F\x8F\xBC", "raised hand: medium-light skin tone"},
    {"\xE2\x9C\x8B\xF0\x9F\x8F\xBD", "raised hand: medium skin tone"},
    {"\xE2\x9C\x8B\xF0\x9F\x8F\xBE", "raised hand: medium-dark skin tone"},
    {"\xE2\x9C\x8B\xF0\x9F\x8F\xBF", "raised hand: dark skin tone"},
    {"\xF0\x9F\x96\x96", "vulcan salute"},
    {"\xF0\x9F\x96\x96\xF0\x9F\x8F\xBB", "vulcan salute: light skin tone"},
    {"\xF0\x9F\x96\x96\xF0\x9F\x8F\xBC",
     "vulcan salute: medium-light skin tone"},
    {"\xF0\x9F\x96\x96\xF0\x9F\x8F\xBD", "vulcan salute: medium skin tone"},
    {"\xF0\x9F\x96\x96\xF0\x9F\x8F\xBE",
     "vulcan salute: medium-dark skin tone"},
    {"\xF0\x9F\x96\x96\xF0\x9F\x8F\xBF", "vulcan salute: dark skin tone"},
    {"\xF0\x9F\xAB\xB1", "rightwards hand"},
    {"\xF0\x9F\xAB\xB1\xF0\x9F\x8F\xBB", "rightwards hand: light skin tone"},
    {"\xF0\x9F\xAB\xB1\xF0\x9F\x8F\xBC",
     "rightwards hand: medium-light skin tone"},
    {"\xF0\x9F\xAB\xB1\xF0\x9F\x8F\xBD", "rightwards hand: medium skin tone"},
    {"\xF0\x9F\xAB\xB1\xF0\x9F\x8F\xBE",
     "rightwards hand: medium-dark skin tone"},
    {"\xF0\x9F\xAB\xB1\xF0\x9F\x8F\xBF", "rightwards hand: dark skin tone"},
    {"\xF0\x9F\xAB\xB2", "leftwards hand"},
    {"\xF0\x9F\xAB\xB2\xF0\x9F\x8F\xBB", "leftwards hand: light skin tone"},
    {"\xF0\x9F\xAB\xB2\xF0\x9F\x8F\xBC",
     "leftwards hand: medium-light skin tone"},
    {"\xF0\x9F\xAB\xB2\xF0\x9F\x8F\xBD", "leftwards hand: medium skin tone"},
    {"\xF0\x9F\xAB\xB2\xF0\x9F\x8F\xBE",
     "leftwards hand: medium-dark skin tone"},
    {"\xF0\x9F\xAB\xB2\xF0\x9F\x8F\xBF", "leftwards hand: dark skin tone"},
    {"\xF0\x9F\xAB\xB3", "palm down hand"},
    {"\xF0\x9F\xAB\xB3\xF0\x9F\x8F\xBB", "palm down hand: light skin tone"},
    {"\xF0\x9F\xAB\xB3\xF0\x9F\x8F\xBC",
     "palm down hand: medium-light skin tone"},
    {"\xF0\x9F\xAB\xB3\xF0\x9F\x8F\xBD", "palm down hand: medium skin tone"},
    {"\xF0\x9F\xAB\xB3\xF0\x9F\x8F\xBE",
     "palm down hand: medium-dark skin tone"},
    {"\xF0\x9F\xAB\xB3\xF0\x9F\x8F\xBF", "palm down hand: dark skin tone"},
    {"\xF0\x9F\xAB\xB4", "palm up hand"},
    {"\xF0\x9F\xAB\xB4\xF0\x9F\x8F\xBB", "palm up hand: light skin tone"},
    {"\xF0\x9F\xAB\xB4\xF0\x9F\x8F\xBC",
     "palm up hand: medium-light skin tone"},
    {"\xF0\x9F\xAB\xB4\xF0\x9F\x8F\xBD", "palm up hand: medium skin tone"},
    {"\xF0\x9F\xAB\xB4\xF0\x9F\x8F\xBE", "palm up hand: medium-dark skin tone"},
    {"\xF0\x9F\xAB\xB4\xF0\x9F\x8F\xBF", "palm up hand: dark skin tone"},
    {"\xF0\x9F\xAB\xB7", "leftwards pushing hand"},
    {"\xF0\x9F\xAB\xB7\xF0\x9F\x8F\xBB",
     "leftwards pushing hand: light skin tone"},
    {"\xF0\x9F\xAB\xB7\xF0\x9F\x8F\xBC",
     "leftwards pushing hand: medium-light skin tone"},
    {"\xF0\x9F\xAB\xB7\xF0\x9F\x8F\xBD",
     "leftwards pushing hand: medium skin tone"},
    {"\xF0\x9F\xAB\xB7\xF0\x9F\x8F\xBE",
     "leftwards pushing hand: medium-dark skin tone"},
    {"\xF0\x9F\xAB\xB7\xF0\x9F\x8F\xBF",
     "leftwards pushing hand: dark skin tone"},
    {"\xF0\x9F\xAB\xB8", "rightwards pushing hand"},
    {"\xF0\x9F\xAB\xB8\xF0\x9F\x8F\xBB",
     "rightwards pushing hand: light skin tone"},
    {"\xF0\x9F\xAB\xB8\xF0\x9F\x8F\xBC",
     "rightwards pushing hand: medium-light skin tone"},
    {"\xF0\x9F\xAB\xB8\xF0\x9F\x8F\xBD",
     "rightwards pushing hand: medium skin tone"},
    {"\xF0\x9F\xAB\xB8\xF0\x9F\x8F\xBE",
     "rightwards pushing hand: medium-dark skin tone"},
    {"\xF0\x9F\xAB\xB8\xF0\x9F\x8F\xBF",
     "rightwards pushing hand: dark skin tone"},
    {"\xF0\x9F\x91\x8C", "OK hand"},
    {"\xF0\x9F\x91\x8C\xF0\x9F\x8F\xBB", "OK hand: light skin tone"},
    {"\xF0\x9F\x91\x8C\xF0\x9F\x8F\xBC", "OK hand: medium-light skin tone"},
    {"\xF0\x9F\x91\x8C\xF0\x9F\x8F\xBD", "OK hand: medium skin tone"},
    {"\xF0\x9F\x91\x8C\xF0\x9F\x8F\xBE", "OK hand: medium-dark skin tone"},
    {"\xF0\x9F\x91\x8C\xF0\x9F\x8F\xBF", "OK hand: dark skin tone"},
    {"\xF0\x9F\xA4\x8C", "pinched fingers"},
    {"\xF0\x9F\xA4\x8C\xF0\x9F\x8F\xBB", "pinched fingers: light skin tone"},
    {"\xF0\x9F\xA4\x8C\xF0\x9F\x8F\xBC",
     "pinched fingers: medium-light skin tone"},
    {"\xF0\x9F\xA4\x8C\xF0\x9F\x8F\xBD", "pinched fingers: medium skin tone"},
    {"\xF0\x9F\xA4\x8C\xF0\x9F\x8F\xBE",
     "pinched fingers: medium-dark skin tone"},
    {"\xF0\x9F\xA4\x8C\xF0\x9F\x8F\xBF", "pinched fingers: dark skin tone"},
    {"\xF0\x9F\xA4\x8F", "pinching hand"},
    {"\xF0\x9F\xA4\x8F\xF0\x9F\x8F\xBB", "pinching hand: light skin tone"},
    {"\xF0\x9F\xA4\x8F\xF0\x9F\x8F\xBC",
     "pinching hand: medium-light skin tone"},
    {"\xF0\x9F\xA4\x8F\xF0\x9F\x8F\xBD", "pinching hand: medium skin tone"},
    {"\xF0\x9F\xA4\x8F\xF0\x9F\x8F\xBE",
     "pinching hand: medium-dark skin tone"},
    {"\xF0\x9F\xA4\x8F\xF0\x9F\x8F\xBF", "pinching hand: dark skin tone"},
    {"\xE2\x9C\x8C\xEF\xB8\x8F", "victory hand"},
    {"\xE2\x9C\x8C\xF0\x9F\x8F\xBB", "victory hand: light skin tone"},
    {"\xE2\x9C\x8C\xF0\x9F\x8F\xBC", "victory hand: medium-light skin tone"},
    {"\xE2\x9C\x8C\xF0\x9F\x8F\xBD", "victory hand: medium skin tone"},
    {"\xE2\x9C\x8C\xF0\x9F\x8F\xBE", "victory hand: medium-dark skin tone"},
    {"\xE2\x9C\x8C\xF0\x9F\x8F\xBF", "victory hand: dark skin tone"},
    {"\xF0\x9F\xA4\x9E", "crossed fingers"},
    {"\xF0\x9F\xA4\x9E\xF0\x9F\x8F\xBB", "crossed fingers: light skin tone"},
    {"\xF0\x9F\xA4\x9E\xF0\x9F\x8F\xBC",
     "crossed fingers: medium-light skin tone"},
    {"\xF0\x9F\xA4\x9E\xF0\x9F\x8F\xBD", "crossed fingers: medium skin tone"},
    {"\xF0\x9F\xA4\x9E\xF0\x9F\x8F\xBE",
     "crossed fingers: medium-dark skin tone"},
    {"\xF0\x9F\xA4\x9E\xF0\x9F\x8F\xBF", "crossed fingers: dark skin tone"},
    {"\xF0\x9F\xAB\xB0", "hand with index finger and thumb crossed"},
    {"\xF0\x9F\xAB\xB0\xF0\x9F\x8F\xBB",
     "hand with index finger and thumb crossed: light skin tone"},
    {"\xF0\x9F\xAB\xB0\xF0\x9F\x8F\xBC",
     "hand with index finger and thumb crossed: medium-light skin tone"},
    {"\xF0\x9F\xAB\xB0\xF0\x9F\x8F\xBD",
     "hand with index finger and thumb crossed: medium skin tone"},
    {"\xF0\x9F\xAB\xB0\xF0\x9F\x8F\xBE",
     "hand with index finger and thumb crossed: medium-dark skin tone"},
    {"\xF0\x9F\xAB\xB0\xF0\x9F\x8F\xBF",
     "hand with index finger and thumb crossed: dark skin tone"},
    {"\xF0\x9F\xA4\x9F", "love-you gesture"},
    {"\xF0\x9F\xA4\x9F\xF0\x9F\x8F\xBB", "love-you gesture: light skin tone"},
    {"\xF0\x9F\xA4\x9F\xF0\x9F\x8F\xBC",
     "love-you gesture: medium-light skin tone"},
    {"\xF0\x9F\xA4\x9F\xF0\x9F\x8F\xBD", "love-you gesture: medium skin tone"},
    {"\xF0\x9F\xA4\x9F\xF0\x9F\x8F\xBE",
     "love-you gesture: medium-dark skin tone"},
    {"\xF0\x9F\xA4\x9F\xF0\x9F\x8F\xBF", "love-you gesture: dark skin tone"},
    {"\xF0\x9F\xA4\x98", "sign of the horns"},
    {"\xF0\x9F\xA4\x98\xF0\x9F\x8F\xBB", "sign of the horns: light skin tone"},
    {"\xF0\x9F\xA4\x98\xF0\x9F\x8F\xBC",
     "sign of the horns: medium-light skin tone"},
    {"\xF0\x9F\xA4\x98\xF0\x9F\x8F\xBD", "sign of the horns: medium skin tone"},
    {"\xF0\x9F\xA4\x98\xF0\x9F\x8F\xBE",
     "sign of the horns: medium-dark skin tone"},
    {"\xF0\x9F\xA4\x98\xF0\x9F\x8F\xBF", "sign of the horns: dark skin tone"},
    {"\xF0\x9F\xA4\x99", "call me hand"},
    {"\xF0\x9F\xA4\x99\xF0\x9F\x8F\xBB", "call me hand: light skin tone"},
    {"\xF0\x9F\xA4\x99\xF0\x9F\x8F\xBC",
     "call me hand: medium-light skin tone"},
    {"\xF0\x9F\xA4\x99\xF0\x9F\x8F\xBD", "call me hand: medium skin tone"},
    {"\xF0\x9F\xA4\x99\xF0\x9F\x8F\xBE", "call me hand: medium-dark skin tone"},
    {"\xF0\x9F\xA4\x99\xF0\x9F\x8F\xBF", "call me hand: dark skin tone"},
    {"\xF0\x9F\x91\x88", "backhand index pointing left"},
    {"\xF0\x9F\x91\x88\xF0\x9F\x8F\xBB",
     "backhand index pointing left: light skin tone"},
    {"\xF0\x9F\x91\x88\xF0\x9F\x8F\xBC",
     "backhand index pointing left: medium-light skin tone"},
    {"\xF0\x9F\x91\x88\xF0\x9F\x8F\xBD",
     "backhand index pointing left: medium skin tone"},
    {"\xF0\x9F\x91\x88\xF0\x9F\x8F\xBE",
     "backhand index pointing left: medium-dark skin tone"},
    {"\xF0\x9F\x91\x88\xF0\x9F\x8F\xBF",
     "backhand index pointing left: dark skin tone"},
    {"\xF0\x9F\x91\x89", "backhand index pointing right"},
    {"\xF0\x9F\x91\x89\xF0\x9F\x8F\xBB",
     "backhand index pointing right: light skin tone"},
    {"\xF0\x9F\x91\x89\xF0\x9F\x8F\xBC",
     "backhand index pointing right: medium-light skin tone"},
    {"\xF0\x9F\x91\x89\xF0\x9F\x8F\xBD",
     "backhand index pointing right: medium skin tone"},
    {"\xF0\x9F\x91\x89\xF0\x9F\x8F\xBE",
     "backhand index pointing right: medium-dark skin tone"},
    {"\xF0\x9F\x91\x89\xF0\x9F\x8F\xBF",
     "backhand index pointing right: dark skin tone"},
    {"\xF0\x9F\x91\x86", "backhand index pointing up"},
    {"\xF0\x9F\x91\x86\xF0\x9F\x8F\xBB",
     "backhand index pointing up: light skin tone"},
    {"\xF0\x9F\x91\x86\xF0\x9F\x8F\xBC",
     "backhand index pointing up: medium-light skin tone"},
    {"\xF0\x9F\x91\x86\xF0\x9F\x8F\xBD",
     "backhand index pointing up: medium skin tone"},
    {"\xF0\x9F\x91\x86\xF0\x9F\x8F\xBE",
     "backhand index pointing up: medium-dark skin tone"},
    {"\xF0\x9F\x91\x86\xF0\x9F\x8F\xBF",
     "backhand index pointing up: dark skin tone"},
    {"\xF0\x9F\x96\x95", "middle finger"},
    {"\xF0\x9F\x96\x95\xF0\x9F\x8F\xBB", "middle finger: light skin tone"},
    {"\xF0\x9F\x96\x95\xF0\x9F\x8F\xBC",
     "middle finger: medium-light skin tone"},
    {"\xF0\x9F\x96\x95\xF0\x9F\x8F\xBD", "middle finger: medium skin tone"},
    {"\xF0\x9F\x96\x95\xF0\x9F\x8F\xBE",
     "middle finger: medium-dark skin tone"},
    {"\xF0\x9F\x96\x95\xF0\x9F\x8F\xBF", "middle finger: dark skin tone"},
    {"\xF0\x9F\x91\x87", "backhand index pointing down"},
    {"\xF0\x9F\x91\x87\xF0\x9F\x8F\xBB",
     "backhand index pointing down: light skin tone"},
    {"\xF0\x9F\x91\x87\xF0\x9F\x8F\xBC",
     "backhand index pointing down: medium-light skin tone"},
    {"\xF0\x9F\x91\x87\xF0\x9F\x8F\xBD",
     "backhand index pointing down: medium skin tone"},
    {"\xF0\x9F\x91\x87\xF0\x9F\x8F\xBE",
     "backhand index pointing down: medium-dark skin tone"},
    {"\xF0\x9F\x91\x87\xF0\x9F\x8F\xBF",
     "backhand index pointing down: dark skin tone"},
    {"\xE2\x98\x9D\xEF\xB8\x8F", "index pointing up"},
    {"\xE2\x98\x9D\xF0\x9F\x8F\xBB", "index pointing up: light skin tone"},
    {"\xE2\x98\x9D\xF0\x9F\x8F\xBC",
     "index pointing up: medium-light skin tone"},
    {"\xE2\x98\x9D\xF0\x9F\x8F\xBD", "index pointing up: medium skin tone"},
    {"\xE2\x98\x9D\xF0\x9F\x8F\xBE",
     "index pointing up: medium-dark skin tone"},
    {"\xE2\x98\x9D\xF0\x9F\x8F\xBF", "index pointing up: dark skin tone"},
    {"\xF0\x9F\xAB\xB5", "index pointing at the viewer"},
    {"\xF0\x9F\xAB\xB5\xF0\x9F\x8F\xBB",
     "index pointing at the viewer: light skin tone"},
    {"\xF0\x9F\xAB\xB5\xF0\x9F\x8F\xBC",
     "index pointing at the viewer: medium-light skin tone"},
    {"\xF0\x9F\xAB\xB5\xF0\x9F\x8F\xBD",
     "index pointing at the viewer: medium skin tone"},
    {"\xF0\x9F\xAB\xB5\xF0\x9F\x8F\xBE",
     "index pointing at the viewer: medium-dark skin tone"},
    {"\xF0\x9F\xAB\xB5\xF0\x9F\x8F\xBF",
     "index pointing at the viewer: dark skin tone"},
    {"\xF0\x9F\x91\x8D", "thumbs up"},
    {"\xF0\x9F\x91\x8D\xF0\x9F\x8F\xBB", "thumbs up: light skin tone"},
    {"\xF0\x9F\x91\x8D\xF0\x9F\x8F\xBC", "thumbs up: medium-light skin tone"},
    {"\xF0\x9F\x91\x8D\xF0\x9F\x8F\xBD", "thumbs up: medium skin tone"},
    {"\xF0\x9F\x91\x8D\xF0\x9F\x8F\xBE", "thumbs up: medium-dark skin tone"},
    {"\xF0\x9F\x91\x8D\xF0\x9F\x8F\xBF", "thumbs up: dark skin tone"},
    {"\xF0\x9F\x91\x8E", "thumbs down"},
    {"\xF0\x9F\x91\x8E\xF0\x9F\x8F\xBB", "thumbs down: light skin tone"},
    {"\xF0\x9F\x91\x8E\xF0\x9F\x8F\xBC", "thumbs down: medium-light skin tone"},
    {"\xF0\x9F\x91\x8E\xF0\x9F\x8F\xBD", "thumbs down: medium skin tone"},
    {"\xF0\x9F\x91\x8E\xF0\x9F\x8F\xBE", "thumbs down: medium-dark skin tone"},
    {"\xF0\x9F\x91\x8E\xF0\x9F\x8F\xBF", "thumbs down: dark skin tone"},
    {"\xE2\x9C\x8A", "raised fist"},
    {"\xE2\x9C\x8A\xF0\x9F\x8F\xBB", "raised fist: light skin tone"},
    {"\xE2\x9C\x8A\xF0\x9F\x8F\xBC", "raised fist: medium-light skin tone"},
    {"\xE2\x9C\x8A\xF0\x9F\x8F\xBD", "raised fist: medium skin tone"},
    {"\xE2\x9C\x8A\xF0\x9F\x8F\xBE", "raised fist: medium-dark skin tone"},
    {"\xE2\x9C\x8A\xF0\x9F\x8F\xBF", "raised fist: dark skin tone"},
    {"\xF0\x9F\x91\x8A", "oncoming fist"},
    {"\xF0\x9F\x91\x8A\xF0\x9F\x8F\xBB", "oncoming fist: light skin tone"},
    {"\xF0\x9F\x91\x8A\xF0\x9F\x8F\xBC",
     "oncoming fist: medium-light skin tone"},
    {"\xF0\x9F\x91\x8A\xF0\x9F\x8F\xBD", "oncoming fist: medium skin tone"},
    {"\xF0\x9F\x91\x8A\xF0\x9F\x8F\xBE",
     "oncoming fist: medium-dark skin tone"},
    {"\xF0\x9F\x91\x8A\xF0\x9F\x8F\xBF", "oncoming fist: dark skin tone"},
    {"\xF0\x9F\xA4\x9B", "left-facing fist"},
    {"\xF0\x9F\xA4\x9B\xF0\x9F\x8F\xBB", "left-facing fist: light skin tone"},
    {"\xF0\x9F\xA4\x9B\xF0\x9F\x8F\xBC",
     "left-facing fist: medium-light skin tone"},
    {"\xF0\x9F\xA4\x9B\xF0\x9F\x8F\xBD", "left-facing fist: medium skin tone"},
    {"\xF0\x9F\xA4\x9B\xF0\x9F\x8F\xBE",
     "left-facing fist: medium-dark skin tone"},
    {"\xF0\x9F\xA4\x9B\xF0\x9F\x8F\xBF", "left-facing fist: dark skin tone"},
    {"\xF0\x9F\xA4\x9C", "right-facing fist"},
    {"\xF0\x9F\xA4\x9C\xF0\x9F\x8F\xBB", "right-facing fist: light skin tone"},
    {"\xF0\x9F\xA4\x9C\xF0\x9F\x8F\xBC",
     "right-facing fist: medium-light skin tone"},
    {"\xF0\x9F\xA4\x9C\xF0\x9F\x8F\xBD", "right-facing fist: medium skin tone"},
    {"\xF0\x9F\xA4\x9C\xF0\x9F\x8F\xBE",
     "right-facing fist: medium-dark skin tone"},
    {"\xF0\x9F\xA4\x9C\xF0\x9F\x8F\xBF", "right-facing fist: dark skin tone"},
    {"\xF0\x9F\x91\x8F", "clapping hands"},
    {"\xF0\x9F\x91\x8F\xF0\x9F\x8F\xBB", "clapping hands: light skin tone"},
    {"\xF0\x9F\x91\x8F\xF0\x9F\x8F\xBC",
     "clapping hands: medium-light skin tone"},
    {"\xF0\x9F\x91\x8F\xF0\x9F\x8F\xBD", "clapping hands: medium skin tone"},
    {"\xF0\x9F\x91\x8F\xF0\x9F\x8F\xBE",
     "clapping hands: medium-dark skin tone"},
    {"\xF0\x9F\x91\x8F\xF0\x9F\x8F\xBF", "clapping hands: dark skin tone"},
    {"\xF0\x9F\x99\x8C", "raising hands"},
    {"\xF0\x9F\x99\x8C\xF0\x9F\x8F\xBB", "raising hands: light skin tone"},
    {"\xF0\x9F\x99\x8C\xF0\x9F\x8F\xBC",
     "raising hands: medium-light skin tone"},
    {"\xF0\x9F\x99\x8C\xF0\x9F\x8F\xBD", "raising hands: medium skin tone"},
    {"\xF0\x9F\x99\x8C\xF0\x9F\x8F\xBE",
     "raising hands: medium-dark skin tone"},
    {"\xF0\x9F\x99\x8C\xF0\x9F\x8F\xBF", "raising hands: dark skin tone"},
    {"\xF0\x9F\xAB\xB6", "heart hands"},
    {"\xF0\x9F\xAB\xB6\xF0\x9F\x8F\xBB", "heart hands: light skin tone"},
    {"\xF0\x9F\xAB\xB6\xF0\x9F\x8F\xBC", "heart hands: medium-light skin tone"},
    {"\xF0\x9F\xAB\xB6\xF0\x9F\x8F\xBD", "heart hands: medium skin tone"},
    {"\xF0\x9F\xAB\xB6\xF0\x9F\x8F\xBE", "heart hands: medium-dark skin tone"},
    {"\xF0\x9F\xAB\xB6\xF0\x9F\x8F\xBF", "heart hands: dark skin tone"},
    {"\xF0\x9F\x91\x90", "open hands"},
    {"\xF0\x9F\x91\x90\xF0\x9F\x8F\xBB", "open hands: light skin tone"},
    {"\xF0\x9F\x91\x90\xF0\x9F\x8F\xBC", "open hands: medium-light skin tone"},
    {"\xF0\x9F\x91\x90\xF0\x9F\x8F\xBD", "open hands: medium skin tone"},
    {"\xF0\x9F\x91\x90\xF0\x9F\x8F\xBE", "open hands: medium-dark skin tone"},
    {"\xF0\x9F\x91\x90\xF0\x9F\x8F\xBF", "open hands: dark skin tone"},
    {"\xF0\x9F\xA4\xB2", "palms up together"},
    {"\xF0\x9F\xA4\xB2\xF0\x9F\x8F\xBB", "palms up together: light skin tone"},
    {"\xF0\x9F\xA4\xB2\xF0\x9F\x8F\xBC",
     "palms up together: medium-light skin tone"},
    {"\xF0\x9F\xA4\xB2\xF0\x9F\x8F\xBD", "palms up together: medium skin tone"},
    {"\xF0\x9F\xA4\xB2\xF0\x9F\x8F\xBE",
     "palms up together: medium-dark skin tone"},
    {"\xF0\x9F\xA4\xB2\xF0\x9F\x8F\xBF", "palms up together: dark skin tone"},
    {"\xF0\x9F\xA4\x9D", "handshake"},
    {"\xF0\x9F\xA4\x9D\xF0\x9F\x8F\xBB", "handshake: light skin tone"},
    {"\xF0\x9F\xA4\x9D\xF0\x9F\x8F\xBC", "handshake: medium-light skin tone"},
    {"\xF0\x9F\xA4\x9D\xF0\x9F\x8F\xBD", "handshake: medium skin tone"},
    {"\xF0\x9F\xA4\x9D\xF0\x9F\x8F\xBE", "handshake: medium-dark skin tone"},
    {"\xF0\x9F\xA4\x9D\xF0\x9F\x8F\xBF", "handshake: dark skin tone"},
    {"\xF0\x9F\xAB\xB1\xF0\x9F\x8F\xBB\xE2\x80\x8D\xF0\x9F\xAB\xB2\xF0\x9F\x8F"
     "\xBC",
     "handshake: light skin tone, medium-light skin tone"},
    {"\xF0\x9F\xAB\xB1\xF0\x9F\x8F\xBB\xE2\x80\x8D\xF0\x9F\xAB\xB2\xF0\x9F\x8F"
     "\xBD",
     "handshake: light skin tone, medium skin tone"},
    {"\xF0\x9F\xAB\xB1\xF0\x9F\x8F\xBB\xE2\x80\x8D\xF0\x9F\xAB\xB2\xF0\x9F\x8F"
     "\xBE",
     "handshake: light skin tone, medium-dark skin tone"},
    {"\xF0\x9F\xAB\xB1\xF0\x9F\x8F\xBB\xE2\x80\x8D\xF0\x9F\xAB\xB2\xF0\x9F\x8F"
     "\xBF",
     "handshake: light skin tone, dark skin tone"},
    {"\xF0\x9F\xAB\xB1\xF0\x9F\x8F\xBC\xE2\x80\x8D\xF0\x9F\xAB\xB2\xF0\x9F\x8F"
     "\xBB",
     "handshake: medium-light skin tone, light skin tone"},
    {"\xF0\x9F\xAB\xB1\xF0\x9F\x8F\xBC\xE2\x80\x8D\xF0\x9F\xAB\xB2\xF0\x9F\x8F"
     "\xBD",
     "handshake: medium-light skin tone, medium skin tone"},
    {"\xF0\x9F\xAB\xB1\xF0\x9F\x8F\xBC\xE2\x80\x8D\xF0\x9F\xAB\xB2\xF0\x9F\x8F"
     "\xBE",
     "handshake: medium-light skin tone, medium-dark skin tone"},
    {"\xF0\x9F\xAB\xB1\xF0\x9F\x8F\xBC\xE2\x80\x8D\xF0\x9F\xAB\xB2\xF0\x9F\x8F"
     "\xBF",
     "handshake: medium-light skin tone, dark skin tone"},
    {"\xF0\x9F\xAB\xB1\xF0\x9F\x8F\xBD\xE2\x80\x8D\xF0\x9F\xAB\xB2\xF0\x9F\x8F"
     "\xBB",
     "handshake: medium skin tone, light skin tone"},
    {"\xF0\x9F\xAB\xB1\xF0\x9F\x8F\xBD\xE2\x80\x8D\xF0\x9F\xAB\xB2\xF0\x9F\x8F"
     "\xBC",
     "handshake: medium skin tone, medium-light skin tone"},
    {"\xF0\x9F\xAB\xB1\xF0\x9F\x8F\xBD\xE2\x80\x8D\xF0\x9F\xAB\xB2\xF0\x9F\x8F"
     "\xBE",
     "handshake: medium skin tone, medium-dark skin tone"},
    {"\xF0\x9F\xAB\xB1\xF0\x9F\x8F\xBD\xE2\x80\x8D\xF0\x9F\xAB\xB2\xF0\x9F\x8F"
     "\xBF",
     "handshake: medium skin tone, dark skin tone"},
    {"\xF0\x9F\xAB\xB1\xF0\x9F\x8F\xBE\xE2\x80\x8D\xF0\x9F\xAB\xB2\xF0\x9F\x8F"
     "\xBB",
     "handshake: medium-dark skin tone, light skin tone"},
    {"\xF0\x9F\xAB\xB1\xF0\x9F\x8F\xBE\xE2\x80\x8D\xF0\x9F\xAB\xB2\xF0\x9F\x8F"
     "\xBC",
     "handshake: medium-dark skin tone, medium-light skin tone"},
    {"\xF0\x9F\xAB\xB1\xF0\x9F\x8F\xBE\xE2\x80\x8D\xF0\x9F\xAB\xB2\xF0\x9F\x8F"
     "\xBD",
     "handshake: medium-dark skin tone, medium skin tone"},
    {"\xF0\x9F\xAB\xB1\xF0\x9F\x8F\xBE\xE2\x80\x8D\xF0\x9F\xAB\xB2\xF0\x9F\x8F"
     "\xBF",
     "handshake: medium-dark skin tone, dark skin tone"},
    {"\xF0\x9F\xAB\xB1\xF0\x9F\x8F\xBF\xE2\x80\x8D\xF0\x9F\xAB\xB2\xF0\x9F\x8F"
     "\xBB",
     "handshake: dark skin tone, light skin tone"},
    {"\xF0\x9F\xAB\xB1\xF0\x9F\x8F\xBF\xE2\x80\x8D\xF0\x9F\xAB\xB2\xF0\x9F\x8F"
     "\xBC",
     "handshake: dark skin tone, medium-light skin tone"},
    {"\xF0\x9F\xAB\xB1\xF0\x9F\x8F\xBF\xE2\x80\x8D\xF0\x9F\xAB\xB2\xF0\x9F\x8F"
     "\xBD",
     "handshake: dark skin tone, medium skin tone"},
    {"\xF0\x9F\xAB\xB1\xF0\x9F\x8F\xBF\xE2\x80\x8D\xF0\x9F\xAB\xB2\xF0\x9F\x8F"
     "\xBE",
     "handshake: dark skin tone, medium-dark skin tone"},
    {"\xF0\x9F\x99\x8F", "folded hands"},
    {"\xF0\x9F\x99\x8F\xF0\x9F\x8F\xBB", "folded hands: light skin tone"},
    {"\xF0\x9F\x99\x8F\xF0\x9F\x8F\xBC",
     "folded hands: medium-light skin tone"},
    {"\xF0\x9F\x99\x8F\xF0\x9F\x8F\xBD", "folded hands: medium skin tone"},
    {"\xF0\x9F\x99\x8F\xF0\x9F\x8F\xBE", "folded hands: medium-dark skin tone"},
    {"\xF0\x9F\x99\x8F\xF0\x9F\x8F\xBF", "folded hands: dark skin tone"},
    {"\xE2\x9C\x8D\xEF\xB8\x8F", "writing hand"},
    {"\xE2\x9C\x8D\xF0\x9F\x8F\xBB", "writing hand: light skin tone"},
    {"\xE2\x9C\x8D\xF0\x9F\x8F\xBC", "writing hand: medium-light skin tone"},
    {"\xE2\x9C\x8D\xF0\x9F\x8F\xBD", "writing hand: medium skin tone"},
    {"\xE2\x9C\x8D\xF0\x9F\x8F\xBE", "writing hand: medium-dark skin tone"},
    {"\xE2\x9C\x8D\xF0\x9F\x8F\xBF", "writing hand: dark skin tone"},
    {"\xF0\x9F\x92\x85", "nail polish"},
    {"\xF0\x9F\x92\x85\xF0\x9F\x8F\xBB", "nail polish: light skin tone"},
    {"\xF0\x9F\x92\x85\xF0\x9F\x8F\xBC", "nail polish: medium-light skin tone"},
    {"\xF0\x9F\x92\x85\xF0\x9F\x8F\xBD", "nail polish: medium skin tone"},
    {"\xF0\x9F\x92\x85\xF0\x9F\x8F\xBE", "nail polish: medium-dark skin tone"},
    {"\xF0\x9F\x92\x85\xF0\x9F\x8F\xBF", "nail polish: dark skin tone"},
    {"\xF0\x9F\xA4\xB3", "selfie"},
    {"\xF0\x9F\xA4\xB3\xF0\x9F\x8F\xBB", "selfie: light skin tone"},
    {"\xF0\x9F\xA4\xB3\xF0\x9F\x8F\xBC", "selfie: medium-light skin tone"},
    {"\xF0\x9F\xA4\xB3\xF0\x9F\x8F\xBD", "selfie: medium skin tone"},
    {"\xF0\x9F\xA4\xB3\xF0\x9F\x8F\xBE", "selfie: medium-dark skin tone"},
    {"\xF0\x9F\xA4\xB3\xF0\x9F\x8F\xBF", "selfie: dark skin tone"},
    {"\xF0\x9F\x92\xAA", "flexed biceps"},
    {"\xF0\x9F\x92\xAA\xF0\x9F\x8F\xBB", "flexed biceps: light skin tone"},
    {"\xF0\x9F\x92\xAA\xF0\x9F\x8F\xBC",
     "flexed biceps: medium-light skin tone"},
    {"\xF0\x9F\x92\xAA\xF0\x9F\x8F\xBD", "flexed biceps: medium skin tone"},
    {"\xF0\x9F\x92\xAA\xF0\x9F\x8F\xBE",
     "flexed biceps: medium-dark skin tone"},
    {"\xF0\x9F\x92\xAA\xF0\x9F\x8F\xBF", "flexed biceps: dark skin tone"},
    {"\xF0\x9F\xA6\xBE", "mechanical arm"},
    {"\xF0\x9F\xA6\xBF", "mechanical leg"},
    {"\xF0\x9F\xA6\xB5", "leg"},
    {"\xF0\x9F\xA6\xB5\xF0\x9F\x8F\xBB", "leg: light skin tone"},
    {"\xF0\x9F\xA6\xB5\xF0\x9F\x8F\xBC", "leg: medium-light skin tone"},
    {"\xF0\x9F\xA6\xB5\xF0\x9F\x8F\xBD", "leg: medium skin tone"},
    {"\xF0\x9F\xA6\xB5\xF0\x9F\x8F\xBE", "leg: medium-dark skin tone"},
    {"\xF0\x9F\xA6\xB5\xF0\x9F\x8F\xBF", "leg: dark skin tone"},
    {"\xF0\x9F\xA6\xB6", "foot"},
    {"\xF0\x9F\xA6\xB6\xF0\x9F\x8F\xBB", "foot: light skin tone"},
    {"\xF0\x9F\xA6\xB6\xF0\x9F\x8F\xBC", "foot: medium-light skin tone"},
    {"\xF0\x9F\xA6\xB6\xF0\x9F\x8F\xBD", "foot: medium skin tone"},
    {"\xF0\x9F\xA6\xB6\xF0\x9F\x8F\xBE", "foot: medium-dark skin tone"},
    {"\xF0\x9F\xA6\xB6\xF0\x9F\x8F\xBF", "foot: dark skin tone"},
    {"\xF0\x9F\x91\x82", "ear"},
    {"\xF0\x9F\x91\x82\xF0\x9F\x8F\xBB", "ear: light skin tone"},
    {"\xF0\x9F\x91\x82\xF0\x9F\x8F\xBC", "ear: medium-light skin tone"},
    {"\xF0\x9F\x91\x82\xF0\x9F\x8F\xBD", "ear: medium skin tone"},
    {"\xF0\x9F\x91\x82\xF0\x9F\x8F\xBE", "ear: medium-dark skin tone"},
    {"\xF0\x9F\x91\x82\xF0\x9F\x8F\xBF", "ear: dark skin tone"},
    {"\xF0\x9F\xA6\xBB", "ear with hearing aid"},
    {"\xF0\x9F\xA6\xBB\xF0\x9F\x8F\xBB",
     "ear with hearing aid: light skin tone"},
    {"\xF0\x9F\xA6\xBB\xF0\x9F\x8F\xBC",
     "ear with hearing aid: medium-light skin tone"},
    {"\xF0\x9F\xA6\xBB\xF0\x9F\x8F\xBD",
     "ear with hearing aid: medium skin tone"},
    {"\xF0\x9F\xA6\xBB\xF0\x9F\x8F\xBE",
     "ear with hearing aid: medium-dark skin tone"},
    {"\xF0\x9F\xA6\xBB\xF0\x9F\x8F\xBF",
     "ear with hearing aid: dark skin tone"},
    {"\xF0\x9F\x91\x83", "nose"},
    {"\xF0\x9F\x91\x83\xF0\x9F\x8F\xBB", "nose: light skin tone"},
    {"\xF0\x9F\x91\x83\xF0\x9F\x8F\xBC", "nose: medium-light skin tone"},
    {"\xF0\x9F\x91\x83\xF0\x9F\x8F\xBD", "nose: medium skin tone"},
    {"\xF0\x9F\x91\x83\xF0\x9F\x8F\xBE", "nose: medium-dark skin tone"},
    {"\xF0\x9F\x91\x83\xF0\x9F\x8F\xBF", "nose: dark skin tone"},
    {"\xF0\x9F\xA7\xA0", "brain"},
    {"\xF0\x9F\xAB\x80", "anatomical heart"},
    {"\xF0\x9F\xAB\x81", "lungs"},
    {"\xF0\x9F\xA6\xB7", "tooth"},
    {"\xF0\x9F\xA6\xB4", "bone"},
    {"\xF0\x9F\x91\x80", "eyes"},
    {"\xF0\x9F\x91\x81\xEF\xB8\x8F", "eye"},
    {"\xF0\x9F\x91\x85", "tongue"},
    {"\xF0\x9F\x91\x84", "mouth"},
    {"\xF0\x9F\xAB\xA6", "biting lip"},
    {"\xF0\x9F\x91\xB6", "baby"},
    {"\xF0\x9F\x91\xB6\xF0\x9F\x8F\xBB", "baby: light skin tone"},
    {"\xF0\x9F\x91\xB6\xF0\x9F\x8F\xBC", "baby: medium-light skin tone"},
    {"\xF0\x9F\x91\xB6\xF0\x9F\x8F\xBD", "baby: medium skin tone"},
    {"\xF0\x9F\x91\xB6\xF0\x9F\x8F\xBE", "baby: medium-dark skin tone"},
    {"\xF0\x9F\x91\xB6\xF0\x9F\x8F\xBF", "baby: dark skin tone"},
    {"\xF0\x9F\xA7\x92", "child"},
    {"\xF0\x9F\xA7\x92\xF0\x9F\x8F\xBB", "child: light skin tone"},
    {"\xF0\x9F\xA7\x92\xF0\x9F\x8F\xBC", "child: medium-light skin tone"},
    {"\xF0\x9F\xA7\x92\xF0\x9F\x8F\xBD", "child: medium skin tone"},
    {"\xF0\x9F\xA7\x92\xF0\x9F\x8F\xBE", "child: medium-dark skin tone"},
    {"\xF0\x9F\xA7\x92\xF0\x9F\x8F\xBF", "child: dark skin tone"},
    {"\xF0\x9F\x91\xA6", "boy"},
    {"\xF0\x9F\x91\xA6\xF0\x9F\x8F\xBB", "boy: light skin tone"},
    {"\xF0\x9F\x91\xA6\xF0\x9F\x8F\xBC", "boy: medium-light skin tone"},
    {"\xF0\x9F\x91\xA6\xF0\x9F\x8F\xBD", "boy: medium skin tone"},
    {"\xF0\x9F\x91\xA6\xF0\x9F\x8F\xBE", "boy: medium-dark skin tone"},
    {"\xF0\x9F\x91\xA6\xF0\x9F\x8F\xBF", "boy: dark skin tone"},
    {"\xF0\x9F\x91\xA7", "girl"},
    {"\xF0\x9F\x91\xA7\xF0\x9F\x8F\xBB", "girl: light skin tone"},
    {"\xF0\x9F\x91\xA7\xF0\x9F\x8F\xBC", "girl: medium-light skin tone"},
    {"\xF0\x9F\x91\xA7\xF0\x9F\x8F\xBD", "girl: medium skin tone"},
    {"\xF0\x9F\x91\xA7\xF0\x9F\x8F\xBE", "girl: medium-dark skin tone"},
    {"\xF0\x9F\x91\xA7\xF0\x9F\x8F\xBF", "girl: dark skin tone"},
    {"\xF0\x9F\xA7\x91", "person"},
    {"\xF0\x9F\xA7\x91\xF0\x9F\x8F\xBB", "person: light skin tone"},
    {"\xF0\x9F\xA7\x91\xF0\x9F\x8F\xBC", "person: medium-light skin tone"},
    {"\xF0\x9F\xA7\x91\xF0\x9F\x8F\xBD", "person: medium skin tone"},
    {"\xF0\x9F\xA7\x91\xF0\x9F\x8F\xBE", "person: medium-dark skin tone"},
    {"\xF0\x9F\xA7\x91\xF0\x9F\x8F\xBF", "person: dark skin tone"},
    {"\xF0\x9F\x91\xB1", "person: blond hair"},
    {"\xF0\x9F\x91\xB1\xF0\x9F\x8F\xBB", "person: light skin tone, blond hair"},
    {"\xF0\x9F\x91\xB1\xF0\x9F\x8F\xBC",
     "person: medium-light skin tone, blond hair"},
    {"\xF0\x9F\x91\xB1\xF0\x9F\x8F\xBD",
     "person: medium skin tone, blond hair"},
    {"\xF0\x9F\x91\xB1\xF0\x9F\x8F\xBE",
     "person: medium-dark skin tone, blond hair"},
    {"\xF0\x9F\x91\xB1\xF0\x9F\x8F\xBF", "person: dark skin tone, blond hair"},
    {"\xF0\x9F\x91\xA8", "man"},
    {"\xF0\x9F\x91\xA8\xF0\x9F\x8F\xBB", "man: light skin tone"},
    {"\xF0\x9F\x91\xA8\xF0\x9F\x8F\xBC", "man: medium-light skin tone"},
    {"\xF0\x9F\x91\xA8\xF0\x9F\x8F\xBD", "man: medium skin tone"},
    {"\xF0\x9F\x91\xA8\xF0\x9F\x8F\xBE", "man: medium-dark skin tone"},
    {"\xF0\x9F\x91\xA8\xF0\x9F\x8F\xBF", "man: dark skin tone"},
    {"\xF0\x9F\xA7\x94", "person: beard"},
    {"\xF0\x9F\xA7\x94\xF0\x9F\x8F\xBB", "person: light skin tone, beard"},
    {"\xF0\x9F\xA7\x94\xF0\x9F\x8F\xBC",
     "person: medium-light skin tone, beard"},
    {"\xF0\x9F\xA7\x94\xF0\x9F\x8F\xBD", "person: medium skin tone, beard"},
    {"\xF0\x9F\xA7\x94\xF0\x9F\x8F\xBE",
     "person: medium-dark skin tone, beard"},
    {"\xF0\x9F\xA7\x94\xF0\x9F\x8F\xBF", "person: dark skin tone, beard"},
    {"\xF0\x9F\xA7\x94\xE2\x80\x8D\xE2\x99\x82\xEF\xB8\x8F", "man: beard"},
    {"\xF0\x9F\xA7\x94\xF0\x9F\x8F\xBB\xE2\x80\x8D\xE2\x99\x82\xEF\xB8\x8F",
     "man: light skin tone, beard"},
    {"\xF0\x9F\xA7\x94\xF0\x9F\x8F\xBC\xE2\x80\x8D\xE2\x99\x82\xEF\xB8\x8F",
     "man: medium-light skin tone, beard"},
    {"\xF0\x9F\xA7\x94\xF0\x9F\x8F\xBD\xE2\x80\x8D\xE2\x99\x82\xEF\xB8\x8F",
     "man: medium skin tone, beard"},
    {"\xF0\x9F\xA7\x94\xF0\x9F\x8F\xBE\xE2\x80\x8D\xE2\x99\x82\xEF\xB8\x8F",
     "man: medium-dark skin tone, beard"},
    {"\xF0\x9F\xA7\x94\xF0\x9F\x8F\xBF\xE2\x80\x8D\xE2\x99\x82\xEF\xB8\x8F",
     "man: dark skin tone, beard"},
    {"\xF0\x9F\xA7\x94\xE2\x80\x8D\xE2\x99\x80\xEF\xB8\x8F", "woman: beard"},
    {"\xF0\x9F\xA7\x94\xF0\x9F\x8F\xBB\xE2\x80\x8D\xE2\x99\x80\xEF\xB8\x8F",
     "woman: light skin tone, beard"},
    {"\xF0\x9F\xA7\x94\xF0\x9F\x8F\xBC\xE2\x80\x8D\xE2\x99\x80\xEF\xB8\x8F",
     "woman: medium-light skin tone, beard"},
    {"\xF0\x9F\xA7\x94\xF0\x9F\x8F\xBD\xE2\x80\x8D\xE2\x99\x80\xEF\xB8\x8F",
     "woman: medium skin tone, beard"},
    {"\xF0\x9F\xA7\x94\xF0\x9F\x8F\xBE\xE2\x80\x8D\xE2\x99\x80\xEF\xB8\x8F",
     "woman: medium-dark skin tone, beard"},
    {"\xF0\x9F\xA7\x94\xF0\x9F\x8F\xBF\xE2\x80\x8D\xE2\x99\x80\xEF\xB8\x8F",
     "woman: dark skin tone, beard"},
    {"\xF0\x9F\x91\xA8\xE2\x80\x8D\xF0\x9F\xA6\xB0", "man: red hair"},
    {"\xF0\x9F\x91\xA8\xF0\x9F\x8F\xBB\xE2\x80\x8D\xF0\x9F\xA6\xB0",
     "man: light skin tone, red hair"},
    {"\xF0\x9F\x91\xA8\xF0\x9F\x8F\xBC\xE2\x80\x8D\xF0\x9F\xA6\xB0",
     "man: medium-light skin tone, red hair"},
    {"\xF0\x9F\x91\xA8\xF0\x9F\x8F\xBD\xE2\x80\x8D\xF0\x9F\xA6\xB0",
     "man: medium skin tone, red hair"},
    {"\xF0\x9F\x91\xA8\xF0\x9F\x8F\xBE\xE2\x80\x8D\xF0\x9F\xA6\xB0",
     "man: medium-dark skin tone, red hair"},
    {"\xF0\x9F\x91\xA8\xF0\x9F\x8F\xBF\xE2\x80\x8D\xF0\x9F\xA6\xB0",
     "man: dark skin tone, red hair"},
    {"\xF0\x9F\x91\xA8\xE2\x80\x8D\xF0\x9F\xA6\xB1", "man: curly hair"},
    {"\xF0\x9F\x91\xA8\xF0\x9F\x8F\xBB\xE2\x80\x8D\xF0\x9F\xA6\xB1",
     "man: light skin tone, curly hair"},
    {"\xF0\x9F\x91\xA8\xF0\x9F\x8F\xBC\xE2\x80\x8D\xF0\x9F\xA6\xB1",
     "man: medium-light skin tone, curly hair"},
    {"\xF0\x9F\x91\xA8\xF0\x9F\x8F\xBD\xE2\x80\x8D\xF0\x9F\xA6\xB1",
     "man: medium skin tone, curly hair"},
    {"\xF0\x9F\x91\xA8\xF0\x9F\x8F\xBE\xE2\x80\x8D\xF0\x9F\xA6\xB1",
     "man: medium-dark skin tone, curly hair"},
    {"\xF0\x9F\x91\xA8\xF0\x9F\x8F\xBF\xE2\x80\x8D\xF0\x9F\xA6\xB1",
     "man: dark skin tone, curly hair"},
    {"\xF0\x9F\x91\xA8\xE2\x80\x8D\xF0\x9F\xA6\xB3", "man: white hair"},
    {"\xF0\x9F\x91\xA8\xF0\x9F\x8F\xBB\xE2\x80\x8D\xF0\x9F\xA6\xB3",
     "man: light skin tone, white hair"},
    {"\xF0\x9F\x91\xA8\xF0\x9F\x8F\xBC\xE2\x80\x8D\xF0\x9F\xA6\xB3",
     "man: medium-light skin tone, white hair"},
    {"\xF0\x9F\x91\xA8\xF0\x9F\x8F\xBD\xE2\x80\x8D\xF0\x9F\xA6\xB3",
     "man: medium skin tone, white hair"},
    {"\xF0\x9F\x91\xA8\xF0\x9F\x8F\xBE\xE2\x80\x8D\xF0\x9F\xA6\xB3",
     "man: medium-dark skin tone, white hair"},
    {"\xF0\x9F\x91\xA8\xF0\x9F\x8F\xBF\xE2\x80\x8D\xF0\x9F\xA6\xB3",
     "man: dark skin tone, white hair"},
    {"\xF0\x9F\x91\xA8\xE2\x80\x8D\xF0\x9F\xA6\xB2", "man: bald"},
    {"\xF0\x9F\x91\xA8\xF0\x9F\x8F\xBB\xE2\x80\x8D\xF0\x9F\xA6\xB2",
     "man: light skin tone, bald"},
    {"\xF0\x9F\x91\xA8\xF0\x9F\x8F\xBC\xE2\x80\x8D\xF0\x9F\xA6\xB2",
     "man: medium-light skin tone, bald"},
    {"\xF0\x9F\x91\xA8\xF0\x9F\x8F\xBD\xE2\x80\x8D\xF0\x9F\xA6\xB2",
     "man: medium skin tone, bald"},
    {"\xF0\x9F\x91\xA8\xF0\x9F\x8F\xBE\xE2\x80\x8D\xF0\x9F\xA6\xB2",
     "man: medium-dark skin tone, bald"},
    {"\xF0\x9F\x91\xA8\xF0\x9F\x8F\xBF\xE2\x80\x8D\xF0\x9F\xA6\xB2",
     "man: dark skin tone, bald"},
    {"\xF0\x9F\x91\xA9", "woman"},
    {"\xF0\x9F\x91\xA9\xF0\x9F\x8F\xBB", "woman: light skin tone"},
    {"\xF0\x9F\x91\xA9\xF0\x9F\x8F\xBC", "woman: medium-light skin tone"},
    {"\xF0\x9F\x91\xA9\xF0\x9F\x8F\xBD", "woman: medium skin tone"},
    {"\xF0\x9F\x91\xA9\xF0\x9F\x8F\xBE", "woman: medium-dark skin tone"},
    {"\xF0\x9F\x91\xA9\xF0\x9F\x8F\xBF", "woman: dark skin tone"},
    {"\xF0\x9F\x91\xA9\xE2\x80\x8D\xF0\x9F\xA6\xB0", "woman: red hair"},
    {"\xF0\x9F\x91\xA9\xF0\x9F\x8F\xBB\xE2\x80\x8D\xF0\x9F\xA6\xB0",
     "woman: light skin tone, red hair"},
    {"\xF0\x9F\x91\xA9\xF0\x9F\x8F\xBC\xE2\x80\x8D\xF0\x9F\xA6\xB0",
     "woman: medium-light skin tone, red hair"},
    {"\xF0\x9F\x91\xA9\xF0\x9F\x8F\xBD\xE2\x80\x8D\xF0\x9F\xA6\xB0",
     "woman: medium skin tone, red hair"},
    {"\xF0\x9F\x91\xA9\xF0\x9F\x8F\xBE\xE2\x80\x8D\xF0\x9F\xA6\xB0",
     "woman: medium-dark skin tone, red hair"},
    {"\xF0\x9F\x91\xA9\xF0\x9F\x8F\xBF\xE2\x80\x8D\xF0\x9F\xA6\xB0",
     "woman: dark skin tone, red hair"},
    {"\xF0\x9F\xA7\x91\xE2\x80\x8D\xF0\x9F\xA6\xB0", "person: red hair"},
    {"\xF0\x9F\xA7\x91\xF0\x9F\x8F\xBB\xE2\x80\x8D\xF0\x9F\xA6\xB0",
     "person: light skin tone, red hair"},
    {"\xF0\x9F\xA7\x91\xF0\x9F\x8F\xBC\xE2\x80\x8D\xF0\x9F\xA6\xB0",
     "person: medium-light skin tone, red hair"},
    {"\xF0\x9F\xA7\x91\xF0\x9F\x8F\xBD\xE2\x80\x8D\xF0\x9F\xA6\xB0",
     "person: medium skin tone, red hair"},
    {"\xF0\x9F\xA7\x91\xF0\x9F\x8F\xBE\xE2\x80\x8D\xF0\x9F\xA6\xB0",
     "person: medium-dark skin tone, red hair"},
    {"\xF0\x9F\xA7\x91\xF0\x9F\x8F\xBF\xE2\x80\x8D\xF0\x9F\xA6\xB0",
     "person: dark skin tone, red hair"},
    {"\xF0\x9F\x91\xA9\xE2\x80\x8D\xF0\x9F\xA6\xB1", "woman: curly hair"},
    {"\xF0\x9F\x91\xA9\xF0\x9F\x8F\xBB\xE2\x80\x8D\xF0\x9F\xA6\xB1",
     "woman: light skin tone, curly hair"},
    {"\xF0\x9F\x91\xA9\xF0\x9F\x8F\xBC\xE2\x80\x8D\xF0\x9F\xA6\xB1",
     "woman: medium-light skin tone, curly hair"},
    {"\xF0\x9F\x91\xA9\xF0\x9F\x8F\xBD\xE2\x80\x8D\xF0\x9F\xA6\xB1",
     "woman: medium skin tone, curly hair"},
    {"\xF0\x9F\x91\xA9\xF0\x9F\x8F\xBE\xE2\x80\x8D\xF0\x9F\xA6\xB1",
     "woman: medium-dark skin tone, curly hair"},
    {"\xF0\x9F\x91\xA9\xF0\x9F\x8F\xBF\xE2\x80\x8D\xF0\x9F\xA6\xB1",
     "woman: dark skin tone, curly hair"},
    {"\xF0\x9F\xA7\x91\xE2\x80\x8D\xF0\x9F\xA6\xB1", "person: curly hair"},
    {"\xF0\x9F\xA7\x91\xF0\x9F\x8F\xBB\xE2\x80\x8D\xF0\x9F\xA6\xB1",
     "person: light skin tone, curly hair"},
    {"\xF0\x9F\xA7\x91\xF0\x9F\x8F\xBC\xE2\x80\x8D\xF0\x9F\xA6\xB1",
     "person: medium-light skin tone, curly hair"},
    {"\xF0\x9F\xA7\x91\xF0\x9F\x8F\xBD\xE2\x80\x8D\xF0\x9F\xA6\xB1",
     "person: medium skin tone, curly hair"},
    {"\xF0\x9F\xA7\x91\xF0\x9F\x8F\xBE\xE2\x80\x8D\xF0\x9F\xA6\xB1",
     "person: medium-dark skin tone, curly hair"},
    {"\xF0\x9F\xA7\x91\xF0\x9F\x8F\xBF\xE2\x80\x8D\xF0\x9F\xA6\xB1",
     "person: dark skin tone, curly hair"},
    {"\xF0\x9F\x91\xA9\xE2\x80\x8D\xF0\x9F\xA6\xB3", "woman: white hair"},
    {"\xF0\x9F\x91\xA9\xF0\x9F\x8F\xBB\xE2\x80\x8D\xF0\x9F\xA6\xB3",
     "woman: light skin tone, white hair"},
    {"\xF0\x9F\x91\xA9\xF0\x9F\x8F\xBC\xE2\x80\x8D\xF0\x9F\xA6\xB3",
     "woman: medium-light skin tone, white hair"},
    {"\xF0\x9F\x91\xA9\xF0\x9F\x8F\xBD\xE2\x80\x8D\xF0\x9F\xA6\xB3",
     "woman: medium skin tone, white hair"},
    {"\xF0\x9F\x91\xA9\xF0\x9F\x8F\xBE\xE2\x80\x8D\xF0\x9F\xA6\xB3",
     "woman: medium-dark skin tone, white hair"},
    {"\xF0\x9F\x91\xA9\xF0\x9F\x8F\xBF\xE2\x80\x8D\xF0\x9F\xA6\xB3",
     "woman: dark skin tone, white hair"},
    {"\xF0\x9F\xA7\x91\xE2\x80\x8D\xF0\x9F\xA6\xB3", "person: white hair"},
    {"\xF0\x9F\xA7\x91\xF0\x9F\x8F\xBB\xE2\x80\x8D\xF0\x9F\xA6\xB3",
     "person: light skin tone, white hair"},
    {"\xF0\x9F\xA7\x91\xF0\x9F\x8F\xBC\xE2\x80\x8D\xF0\x9F\xA6\xB3",
     "person: medium-light skin tone, white hair"},
    {"\xF0\x9F\xA7\x91\xF0\x9F\x8F\xBD\xE2\x80\x8D\xF0\x9F\xA6\xB3",
     "person: medium skin tone, white hair"},
    {"\xF0\x9F\xA7\x91\xF0\x9F\x8F\xBE\xE2\x80\x8D\xF0\x9F\xA6\xB3",
     "person: medium-dark skin tone, white hair"},
    {"\xF0\x9F\xA7\x91\xF0\x9F\x8F\xBF\xE2\x80\x8D\xF0\x9F\xA6\xB3",
     "person: dark skin tone, white hair"},
    {"\xF0\x9F\x91\xA9\xE2\x80\x8D\xF0\x9F\xA6\xB2", "woman: bald"},
    {"\xF0\x9F\x91\xA9\xF0\x9F\x8F\xBB\xE2\x80\x8D\xF0\x9F\xA6\xB2",
     "woman: light skin tone, bald"},
    {"\xF0\x9F\x91\xA9\xF0\x9F\x8F\xBC\xE2\x80\x8D\xF0\x9F\xA6\xB2",
     "woman: medium-light skin tone, bald"},
    {"\xF0\x9F\x91\xA9\xF0\x9F\x8F\xBD\xE2\x80\x8D\xF0\x9F\xA6\xB2",
     "woman: medium skin tone, bald"},
    {"\xF0\x9F\x91\xA9\xF0\x9F\x8F\xBE\xE2\x80\x8D\xF0\x9F\xA6\xB2",
     "woman: medium-dark skin tone, bald"},
    {"\xF0\x9F\x91\xA9\xF0\x9F\x8F\xBF\xE2\x80\x8D\xF0\x9F\xA6\xB2",
     "woman: dark skin tone, bald"},
    {"\xF0\x9F\xA7\x91\xE2\x80\x8D\xF0\x9F\xA6\xB2", "person: bald"},
    {"\xF0\x9F\xA7\x91\xF0\x9F\x8F\xBB\xE2\x80\x8D\xF0\x9F\xA6\xB2",
     "person: light skin tone, bald"},
    {"\xF0\x9F\xA7\x91\xF0\x9F\x8F\xBC\xE2\x80\x8D\xF0\x9F\xA6\xB2",
     "person: medium-light skin tone, bald"},
    {"\xF0\x9F\xA7\x91\xF0\x9F\x8F\xBD\xE2\x80\x8D\xF0\x9F\xA6\xB2",
     "person: medium skin tone, bald"},
    {"\xF0\x9F\xA7\x91\xF0\x9F\x8F\xBE\xE2\x80\x8D\xF0\x9F\xA6\xB2",
     "person: medium-dark skin tone, bald"},
    {"\xF0\x9F\xA7\x91\xF0\x9F\x8F\xBF\xE2\x80\x8D\xF0\x9F\xA6\xB2",
     "person: dark skin tone, bald"},
    {"\xF0\x9F\x91\xB1\xE2\x80\x8D\xE2\x99\x80\xEF\xB8\x8F",
     "woman: blond hair"},
    {"\xF0\x9F\x91\xB1\xF0\x9F\x8F\xBB\xE2\x80\x8D\xE2\x99\x80\xEF\xB8\x8F",
     "woman: light skin tone, blond hair"},
    {"\xF0\x9F\x91\xB1\xF0\x9F\x8F\xBC\xE2\x80\x8D\xE2\x99\x80\xEF\xB8\x8F",
     "woman: medium-light skin tone, blond hair"},
    {"\xF0\x9F\x91\xB1\xF0\x9F\x8F\xBD\xE2\x80\x8D\xE2\x99\x80\xEF\xB8\x8F",
     "woman: medium skin tone, blond hair"},
    {"\xF0\x9F\x91\xB1\xF0\x9F\x8F\xBE\xE2\x80\x8D\xE2\x99\x80\xEF\xB8\x8F",
     "woman: medium-dark skin tone, blond hair"},
    {"\xF0\x9F\x91\xB1\xF0\x9F\x8F\xBF\xE2\x80\x8D\xE2\x99\x80\xEF\xB8\x8F",
     "woman: dark skin tone, blond hair"},
    {"\xF0\x9F\x91\xB1\xE2\x80\x8D\xE2\x99\x82\xEF\xB8\x8F", "man: blond hair"},
    {"\xF0\x9F\x91\xB1\xF0\x9F\x8F\xBB\xE2\x80\x8D\xE2\x99\x82\xEF\xB8\x8F",
     "man: light skin tone, blond hair"},
    {"\xF0\x9F\x91\xB1\xF0\x9F\x8F\xBC\xE2\x80\x8D\xE2\x99\x82\xEF\xB8\x8F",
     "man: medium-light skin tone, blond hair"},
    {"\xF0\x9F\x91\xB1\xF0\x9F\x8F\xBD\xE2\x80\x8D\xE2\x99\x82\xEF\xB8\x8F",
     "man: medium skin tone, blond hair"},
    {"\xF0\x9F\x91\xB1\xF0\x9F\x8F\xBE\xE2\x80\x8D\xE2\x99\x82\xEF\xB8\x8F",
     "man: medium-dark skin tone, blond hair"},
    {"\xF0\x9F\x91\xB1\xF0\x9F\x8F\xBF\xE2\x80\x8D\xE2\x99\x82\xEF\xB8\x8F",
     "man: dark skin tone, blond hair"},
    {"\xF0\x9F\xA7\x93", "older person"},
    {"\xF0\x9F\xA7\x93\xF0\x9F\x8F\xBB", "older person: light skin tone"},
    {"\xF0\x9F\xA7\x93\xF0\x9F\x8F\xBC",
     "older person: medium-light skin tone"},
    {"\xF0\x9F\xA7\x93\xF0\x9F\x8F\xBD", "older person: medium skin tone"},
    {"\xF0\x9F\xA7\x93\xF0\x9F\x8F\xBE", "older person: medium-dark skin tone"},
    {"\xF0\x9F\xA7\x93\xF0\x9F\x8F\xBF", "older person: dark skin tone"},
    {"\xF0\x9F\x91\xB4", "old man"},
    {"\xF0\x9F\x91\xB4\xF0\x9F\x8F\xBB", "old man: light skin tone"},
    {"\xF0\x9F\x91\xB4\xF0\x9F\x8F\xBC", "old man: medium-light skin tone"},
    {"\xF0\x9F\x91\xB4\xF0\x9F\x8F\xBD", "old man: medium skin tone"},
    {"\xF0\x9F\x91\xB4\xF0\x9F\x8F\xBE", "old man: medium-dark skin tone"},
    {"\xF0\x9F\x91\xB4\xF0\x9F\x8F\xBF", "old man: dark skin tone"},
    {"\xF0\x9F\x91\xB5", "old woman"},
    {"\xF0\x9F\x91\xB5\xF0\x9F\x8F\xBB", "old woman: light skin tone"},
    {"\xF0\x9F\x91\xB5\xF0\x9F\x8F\xBC", "old woman: medium-light skin tone"},
    {"\xF0\x9F\x91\xB5\xF0\x9F\x8F\xBD", "old woman: medium skin tone"},
    {"\xF0\x9F\x91\xB5\xF0\x9F\x8F\xBE", "old woman: medium-dark skin tone"},
    {"\xF0\x9F\x91\xB5\xF0\x9F\x8F\xBF", "old woman: dark skin tone"},
    {"\xF0\x9F\x99\x8D", "person frowning"},
    {"\xF0\x9F\x99\x8D\xF0\x9F\x8F\xBB", "person frowning: light skin tone"},
    {"\xF0\x9F\x99\x8D\xF0\x9F\x8F\xBC",
     "person frowning: medium-light skin tone"},
    {"\xF0\x9F\x99\x8D\xF0\x9F\x8F\xBD", "person frowning: medium skin tone"},
    {"\xF0\x9F\x99\x8D\xF0\x9F\x8F\xBE",
     "person frowning: medium-dark skin tone"},
    {"\xF0\x9F\x99\x8D\xF0\x9F\x8F\xBF", "person frowning: dark skin tone"},
    {"\xF0\x9F\x99\x8D\xE2\x80\x8D\xE2\x99\x82\xEF\xB8\x8F", "man frowning"},
    {"\xF0\x9F\x99\x8D\xF0\x9F\x8F\xBB\xE2\x80\x8D\xE2\x99\x82\xEF\xB8\x8F",
     "man frowning: light skin tone"},
    {"\xF0\x9F\x99\x8D\xF0\x9F\x8F\xBC\xE2\x80\x8D\xE2\x99\x82\xEF\xB8\x8F",
     "man frowning: medium-light skin tone"},
    {"\xF0\x9F\x99\x8D\xF0\x9F\x8F\xBD\xE2\x80\x8D\xE2\x99\x82\xEF\xB8\x8F",
     "man frowning: medium skin tone"},
    {"\xF0\x9F\x99\x8D\xF0\x9F\x8F\xBE\xE2\x80\x8D\xE2\x99\x82\xEF\xB8\x8F",
     "man frowning: medium-dark skin tone"},
    {"\xF0\x9F\x99\x8D\xF0\x9F\x8F\xBF\xE2\x80\x8D\xE2\x99\x82\xEF\xB8\x8F",
     "man frowning: dark skin tone"},
    {"\xF0\x9F\x99\x8D\xE2\x80\x8D\xE2\x99\x80\xEF\xB8\x8F", "woman frowning"},
    {"\xF0\x9F\x99\x8D\xF0\x9F\x8F\xBB\xE2\x80\x8D\xE2\x99\x80\xEF\xB8\x8F",
     "woman frowning: light skin tone"},
    {"\xF0\x9F\x99\x8D\xF0\x9F\x8F\xBC\xE2\x80\x8D\xE2\x99\x80\xEF\xB8\x8F",
     "woman frowning: medium-light skin tone"},
    {"\xF0\x9F\x99\x8D\xF0\x9F\x8F\xBD\xE2\x80\x8D\xE2\x99\x80\xEF\xB8\x8F",
     "woman frowning: medium skin tone"},
    {"\xF0\x9F\x99\x8D\xF0\x9F\x8F\xBE\xE2\x80\x8D\xE2\x99\x80\xEF\xB8\x8F",
     "woman frowning: medium-dark skin tone"},
    {"\xF0\x9F\x99\x8D\xF0\x9F\x8F\xBF\xE2\x80\x8D\xE2\x99\x80\xEF\xB8\x8F",
     "woman frowning: dark skin tone"},
    {"\xF0\x9F\x99\x8E", "person pouting"},
    {"\xF0\x9F\x99\x8E\xF0\x9F\x8F\xBB", "person pouting: light skin tone"},
    {"\xF0\x9F\x99\x8E\xF0\x9F\x8F\xBC",
     "person pouting: medium-light skin tone"},
    {"\xF0\x9F\x99\x8E\xF0\x9F\x8F\xBD", "person pouting: medium skin tone"},
    {"\xF0\x9F\x99\x8E\xF0\x9F\x8F\xBE",
     "person pouting: medium-dark skin tone"},
    {"\xF0\x9F\x99\x8E\xF0\x9F\x8F\xBF", "person pouting: dark skin tone"},
    {"\xF0\x9F\x99\x8E\xE2\x80\x8D\xE2\x99\x82\xEF\xB8\x8F", "man pouting"},
    {"\xF0\x9F\x99\x8E\xF0\x9F\x8F\xBB\xE2\x80\x8D\xE2\x99\x82\xEF\xB8\x8F",
     "man pouting: light skin tone"},
    {"\xF0\x9F\x99\x8E\xF0\x9F\x8F\xBC\xE2\x80\x8D\xE2\x99\x82\xEF\xB8\x8F",
     "man pouting: medium-light skin tone"},
    {"\xF0\x9F\x99\x8E\xF0\x9F\x8F\xBD\xE2\x80\x8D\xE2\x99\x82\xEF\xB8\x8F",
     "man pouting: medium skin tone"},
    {"\xF0\x9F\x99\x8E\xF0\x9F\x8F\xBE\xE2\x80\x8D\xE2\x99\x82\xEF\xB8\x8F",
     "man pouting: medium-dark skin tone"},
    {"\xF0\x9F\x99\x8E\xF0\x9F\x8F\xBF\xE2\x80\x8D\xE2\x99\x82\xEF\xB8\x8F",
     "man pouting: dark skin tone"},
    {"\xF0\x9F\x99\x8E\xE2\x80\x8D\xE2\x99\x80\xEF\xB8\x8F", "woman pouting"},
    {"\xF0\x9F\x99\x8E\xF0\x9F\x8F\xBB\xE2\x80\x8D\xE2\x99\x80\xEF\xB8\x8F",
     "woman pouting: light skin tone"},
    {"\xF0\x9F\x99\x8E\xF0\x9F\x8F\xBC\xE2\x80\x8D\xE2\x99\x80\xEF\xB8\x8F",
     "woman pouting: medium-light skin tone"},
    {"\xF0\x9F\x99\x8E\xF0\x9F\x8F\xBD\xE2\x80\x8D\xE2\x99\x80\xEF\xB8\x8F",
     "woman pouting: medium skin tone"},
    {"\xF0\x9F\x99\x8E\xF0\x9F\x8F\xBE\xE2\x80\x8D\xE2\x99\x80\xEF\xB8\x8F",
     "woman pouting: medium-dark skin tone"},
    {"\xF0\x9F\x99\x8E\xF0\x9F\x8F\xBF\xE2\x80\x8D\xE2\x99\x80\xEF\xB8\x8F",
     "woman pouting: dark skin tone"},
    {"\xF0\x9F\x99\x85", "person gesturing NO"},
    {"\xF0\x9F\x99\x85\xF0\x9F\x8F\xBB",
     "person gesturing NO: light skin tone"},
    {"\xF0\x9F\x99\x85\xF0\x9F\x8F\xBC",
     "person gesturing NO: medium-light skin tone"},
    {"\xF0\x9F\x99\x85\xF0\x9F\x8F\xBD",
     "person gesturing NO: medium skin tone"},
    {"\xF0\x9F\x99\x85\xF0\x9F\x8F\xBE",
     "person gesturing NO: medium-dark skin tone"},
    {"\xF0\x9F\x99\x85\xF0\x9F\x8F\xBF", "person gesturing NO: dark skin tone"},
    {"\xF0\x9F\x99\x85\xE2\x80\x8D\xE2\x99\x82\xEF\xB8\x8F",
     "man gesturing NO"},
    {"\xF0\x9F\x99\x85\xF0\x9F\x8F\xBB\xE2\x80\x8D\xE2\x99\x82\xEF\xB8\x8F",
     "man gesturing NO: light skin tone"},
    {"\xF0\x9F\x99\x85\xF0\x9F\x8F\xBC\xE2\x80\x8D\xE2\x99\x82\xEF\xB8\x8F",
     "man gesturing NO: medium-light skin tone"},
    {"\xF0\x9F\x99\x85\xF0\x9F\x8F\xBD\xE2\x80\x8D\xE2\x99\x82\xEF\xB8\x8F",
     "man gesturing NO: medium skin tone"},
    {"\xF0\x9F\x99\x85\xF0\x9F\x8F\xBE\xE2\x80\x8D\xE2\x99\x82\xEF\xB8\x8F",
     "man gesturing NO: medium-dark skin tone"},
    {"\xF0\x9F\x99\x85\xF0\x9F\x8F\xBF\xE2\x80\x8D\xE2\x99\x82\xEF\xB8\x8F",
     "man gesturing NO: dark skin tone"},
    {"\xF0\x9F\x99\x85\xE2\x80\x8D\xE2\x99\x80\xEF\xB8\x8F",
     "woman gesturing NO"},
    {"\xF0\x9F\x99\x85\xF0\x9F\x8F\xBB\xE2\x80\x8D\xE2\x99\x80\xEF\xB8\x8F",
     "woman gesturing NO: light skin tone"},
    {"\xF0\x9F\x99\x85\xF0\x9F\x8F\xBC\xE2\x80\x8D\xE2\x99\x80\xEF\xB8\x8F",
     "woman gesturing NO: medium-light skin tone"},
    {"\xF0\x9F\x99\x85\xF0\x9F\x8F\xBD\xE2\x80\x8D\xE2\x99\x80\xEF\xB8\x8F",
     "woman gesturing NO: medium skin tone"},
    {"\xF0\x9F\x99\x85\xF0\x9F\x8F\xBE\xE2\x80\x8D\xE2\x99\x80\xEF\xB8\x8F",
     "woman gesturing NO: medium-dark skin tone"},
    {"\xF0\x9F\x99\x85\xF0\x9F\x8F\xBF\xE2\x80\x8D\xE2\x99\x80\xEF\xB8\x8F",
     "woman gesturing NO: dark skin tone"},
    {"\xF0\x9F\x99\x86", "person gesturing OK"},
    {"\xF0\x9F\x99\x86\xF0\x9F\x8F\xBB",
     "person gesturing OK: light skin tone"},
    {"\xF0\x9F\x99\x86\xF0\x9F\x8F\xBC",
     "person gesturing OK: medium-light skin tone"},
    {"\xF0\x9F\x99\x86\xF0\x9F\x8F\xBD",
     "person gesturing OK: medium skin tone"},
    {"\xF0\x9F\x99\x86\xF0\x9F\x8F\xBE",
     "person gesturing OK: medium-dark skin tone"},
    {"\xF0\x9F\x99\x86\xF0\x9F\x8F\xBF", "person gesturing OK: dark skin tone"},
    {"\xF0\x9F\x99\x86\xE2\x80\x8D\xE2\x99\x82\xEF\xB8\x8F",
     "man gesturing OK"},
    {"\xF0\x9F\x99\x86\xF0\x9F\x8F\xBB\xE2\x80\x8D\xE2\x99\x82\xEF\xB8\x8F",
     "man gesturing OK: light skin tone"},
    {"\xF0\x9F\x99\x86\xF0\x9F\x8F\xBC\xE2\x80\x8D\xE2\x99\x82\xEF\xB8\x8F",
     "man gesturing OK: medium-light skin tone"},
    {"\xF0\x9F\x99\x86\xF0\x9F\x8F\xBD\xE2\x80\x8D\xE2\x99\x82\xEF\xB8\x8F",
     "man gesturing OK: medium skin tone"},
    {"\xF0\x9F\x99\x86\xF0\x9F\x8F\xBE\xE2\x80\x8D\xE2\x99\x82\xEF\xB8\x8F",
     "man gesturing OK: medium-dark skin tone"},
    {"\xF0\x9F\x99\x86\xF0\x9F\x8F\xBF\xE2\x80\x8D\xE2\x99\x82\xEF\xB8\x8F",
     "man gesturing OK: dark skin tone"},
    {"\xF0\x9F\x99\x86\xE2\x80\x8D\xE2\x99\x80\xEF\xB8\x8F",
     "woman gesturing OK"},
    {"\xF0\x9F\x99\x86\xF0\x9F\x8F\xBB\xE2\x80\x8D\xE2\x99\x80\xEF\xB8\x8F",
     "woman gesturing OK: light skin tone"},
    {"\xF0\x9F\x99\x86\xF0\x9F\x8F\xBC\xE2\x80\x8D\xE2\x99\x80\xEF\xB8\x8F",
     "woman gesturing OK: medium-light skin tone"},
    {"\xF0\x9F\x99\x86\xF0\x9F\x8F\xBD\xE2\x80\x8D\xE2\x99\x80\xEF\xB8\x8F",
     "woman gesturing OK: medium skin tone"},
    {"\xF0\x9F\x99\x86\xF0\x9F\x8F\xBE\xE2\x80\x8D\xE2\x99\x80\xEF\xB8\x8F",
     "woman gesturing OK: medium-dark skin tone"},
    {"\xF0\x9F\x99\x86\xF0\x9F\x8F\xBF\xE2\x80\x8D\xE2\x99\x80\xEF\xB8\x8F",
     "woman gesturing OK: dark skin tone"},
    {"\xF0\x9F\x92\x81", "person tipping hand"},
    {"\xF0\x9F\x92\x81\xF0\x9F\x8F\xBB",
     "person tipping hand: light skin tone"},
    {"\xF0\x9F\x92\x81\xF0\x9F\x8F\xBC",
     "person tipping hand: medium-light skin tone"},
    {"\xF0\x9F\x92\x81\xF0\x9F\x8F\xBD",
     "person tipping hand: medium skin tone"},
    {"\xF0\x9F\x92\x81\xF0\x9F\x8F\xBE",
     "person tipping hand: medium-dark skin tone"},
    {"\xF0\x9F\x92\x81\xF0\x9F\x8F\xBF", "person tipping hand: dark skin tone"},
    {"\xF0\x9F\x92\x81\xE2\x80\x8D\xE2\x99\x82\xEF\xB8\x8F",
     "man tipping hand"},
    {"\xF0\x9F\x92\x81\xF0\x9F\x8F\xBB\xE2\x80\x8D\xE2\x99\x82\xEF\xB8\x8F",
     "man tipping hand: light skin tone"},
    {"\xF0\x9F\x92\x81\xF0\x9F\x8F\xBC\xE2\x80\x8D\xE2\x99\x82\xEF\xB8\x8F",
     "man tipping hand: medium-light skin tone"},
    {"\xF0\x9F\x92\x81\xF0\x9F\x8F\xBD\xE2\x80\x8D\xE2\x99\x82\xEF\xB8\x8F",
     "man tipping hand: medium skin tone"},
    {"\xF0\x9F\x92\x81\xF0\x9F\x8F\xBE\xE2\x80\x8D\xE2\x99\x82\xEF\xB8\x8F",
     "man tipping hand: medium-dark skin tone"},
    {"\xF0\x9F\x92\x81\xF0\x9F\x8F\xBF\xE2\x80\x8D\xE2\x99\x82\xEF\xB8\x8F",
     "man tipping hand: dark skin tone"},
    {"\xF0\x9F\x92\x81\xE2\x80\x8D\xE2\x99\x80\xEF\xB8\x8F",
     "woman tipping hand"},
    {"\xF0\x9F\x92\x81\xF0\x9F\x8F\xBB\xE2\x80\x8D\xE2\x99\x80\xEF\xB8\x8F",
     "woman tipping hand: light skin tone"},
    {"\xF0\x9F\x92\x81\xF0\x9F\x8F\xBC\xE2\x80\x8D\xE2\x99\x80\xEF\xB8\x8F",
     "woman tipping hand: medium-light skin tone"},
    {"\xF0\x9F\x92\x81\xF0\x9F\x8F\xBD\xE2\x80\x8D\xE2\x99\x80\xEF\xB8\x8F",
     "woman tipping hand: medium skin tone"},
    {"\xF0\x9F\x92\x81\xF0\x9F\x8F\xBE\xE2\x80\x8D\xE2\x99\x80\xEF\xB8\x8F",
     "woman tipping hand: medium-dark skin tone"},
    {"\xF0\x9F\x92\x81\xF0\x9F\x8F\xBF\xE2\x80\x8D\xE2\x99\x80\xEF\xB8\x8F",
     "woman tipping hand: dark skin tone"},
    {"\xF0\x9F\x99\x8B", "person raising hand"},
    {"\xF0\x9F\x99\x8B\xF0\x9F\x8F\xBB",
     "person raising hand: light skin tone"},
    {"\xF0\x9F\x99\x8B\xF0\x9F\x8F\xBC",
     "person raising hand: medium-light skin tone"},
    {"\xF0\x9F\x99\x8B\xF0\x9F\x8F\xBD",
     "person raising hand: medium skin tone"},
    {"\xF0\x9F\x99\x8B\xF0\x9F\x8F\xBE",
     "person raising hand: medium-dark skin tone"},
    {"\xF0\x9F\x99\x8B\xF0\x9F\x8F\xBF", "person raising hand: dark skin tone"},
    {"\xF0\x9F\x99\x8B\xE2\x80\x8D\xE2\x99\x82\xEF\xB8\x8F",
     "man raising hand"},
    {"\xF0\x9F\x99\x8B\xF0\x9F\x8F\xBB\xE2\x80\x8D\xE2\x99\x82\xEF\xB8\x8F",
     "man raising hand: light skin tone"},
    {"\xF0\x9F\x99\x8B\xF0\x9F\x8F\xBC\xE2\x80\x8D\xE2\x99\x82\xEF\xB8\x8F",
     "man raising hand: medium-light skin tone"},
    {"\xF0\x9F\x99\x8B\xF0\x9F\x8F\xBD\xE2\x80\x8D\xE2\x99\x82\xEF\xB8\x8F",
     "man raising hand: medium skin tone"},
    {"\xF0\x9F\x99\x8B\xF0\x9F\x8F\xBE\xE2\x80\x8D\xE2\x99\x82\xEF\xB8\x8F",
     "man raising hand: medium-dark skin tone"},
    {"\xF0\x9F\x99\x8B\xF0\x9F\x8F\xBF\xE2\x80\x8D\xE2\x99\x82\xEF\xB8\x8F",
     "man raising hand: dark skin tone"},
    {"\xF0\x9F\x99\x8B\xE2\x80\x8D\xE2\x99\x80\xEF\xB8\x8F",
     "woman raising hand"},
    {"\xF0\x9F\x99\x8B\xF0\x9F\x8F\xBB\xE2\x80\x8D\xE2\x99\x80\xEF\xB8\x8F",
     "woman raising hand: light skin tone"},
    {"\xF0\x9F\x99\x8B\xF0\x9F\x8F\xBC\xE2\x80\x8D\xE2\x99\x80\xEF\xB8\x8F",
     "woman raising hand: medium-light skin tone"},
    {"\xF0\x9F\x99\x8B\xF0\x9F\x8F\xBD\xE2\x80\x8D\xE2\x99\x80\xEF\xB8\x8F",
     "woman raising hand: medium skin tone"},
    {"\xF0\x9F\x99\x8B\xF0\x9F\x8F\xBE\xE2\x80\x8D\xE2\x99\x80\xEF\xB8\x8F",
     "woman raising hand: medium-dark skin tone"},
    {"\xF0\x9F\x99\x8B\xF0\x9F\x8F\xBF\xE2\x80\x8D\xE2\x99\x80\xEF\xB8\x8F",
     "woman raising hand: dark skin tone"},
    {"\xF0\x9F\xA7\x8F", "deaf person"},
    {"\xF0\x9F\xA7\x8F\xF0\x9F\x8F\xBB", "deaf person: light skin tone"},
    {"\xF0\x9F\xA7\x8F\xF0\x9F\x8F\xBC", "deaf person: medium-light skin tone"},
    {"\xF0\x9F\xA7\x8F\xF0\x9F\x8F\xBD", "deaf person: medium skin tone"},
    {"\xF0\x9F\xA7\x8F\xF0\x9F\x8F\xBE", "deaf person: medium-dark skin tone"},
    {"\xF0\x9F\xA7\x8F\xF0\x9F\x8F\xBF", "deaf person: dark skin tone"},
    {"\xF0\x9F\xA7\x8F\xE2\x80\x8D\xE2\x99\x82\xEF\xB8\x8F", "deaf man"},
    {"\xF0\x9F\xA7\x8F\xF0\x9F\x8F\xBB\xE2\x80\x8D\xE2\x99\x82\xEF\xB8\x8F",
     "deaf man: light skin tone"},
    {"\xF0\x9F\xA7\x8F\xF0\x9F\x8F\xBC\xE2\x80\x8D\xE2\x99\x82\xEF\xB8\x8F",
     "deaf man: medium-light skin tone"},
    {"\xF0\x9F\xA7\x8F\xF0\x9F\x8F\xBD\xE2\x80\x8D\xE2\x99\x82\xEF\xB8\x8F",
     "deaf man: medium skin tone"},
    {"\xF0\x9F\xA7\x8F\xF0\x9F\x8F\xBE\xE2\x80\x8D\xE2\x99\x82\xEF\xB8\x8F",
     "deaf man: medium-dark skin tone"},
    {"\xF0\x9F\xA7\x8F\xF0\x9F\x8F\xBF\xE2\x80\x8D\xE2\x99\x82\xEF\xB8\x8F",
     "deaf man: dark skin tone"},
    {"\xF0\x9F\xA7\x8F\xE2\x80\x8D\xE2\x99\x80\xEF\xB8\x8F", "deaf woman"},
    {"\xF0\x9F\xA7\x8F\xF0\x9F\x8F\xBB\xE2\x80\x8D\xE2\x99\x80\xEF\xB8\x8F",
     "deaf woman: light skin tone"},
    {"\xF0\x9F\xA7\x8F\xF0\x9F\x8F\xBC\xE2\x80\x8D\xE2\x99\x80\xEF\xB8\x8F",
     "deaf woman: medium-light skin tone"},
    {"\xF0\x9F\xA7\x8F\xF0\x9F\x8F\xBD\xE2\x80\x8D\xE2\x99\x80\xEF\xB8\x8F",
     "deaf woman: medium skin tone"},
    {"\xF0\x9F\xA7\x8F\xF0\x9F\x8F\xBE\xE2\x80\x8D\xE2\x99\x80\xEF\xB8\x8F",
     "deaf woman: medium-dark skin tone"},
    {"\xF0\x9F\xA7\x8F\xF0\x9F\x8F\xBF\xE2\x80\x8D\xE2\x99\x80\xEF\xB8\x8F",
     "deaf woman: dark skin tone"},
    {"\xF0\x9F\x99\x87", "person bowing"},
    {"\xF0\x9F\x99\x87\xF0\x9F\x8F\xBB", "person bowing: light skin tone"},
    {"\xF0\x9F\x99\x87\xF0\x9F\x8F\xBC",
     "person bowing: medium-light skin tone"},
    {"\xF0\x9F\x99\x87\xF0\x9F\x8F\xBD", "person bowing: medium skin tone"},
    {"\xF0\x9F\x99\x87\xF0\x9F\x8F\xBE",
     "person bowing: medium-dark skin tone"},
    {"\xF0\x9F\x99\x87\xF0\x9F\x8F\xBF", "person bowing: dark skin tone"},
    {"\xF0\x9F\x99\x87\xE2\x80\x8D\xE2\x99\x82\xEF\xB8\x8F", "man bowing"},
    {"\xF0\x9F\x99\x87\xF0\x9F\x8F\xBB\xE2\x80\x8D\xE2\x99\x82\xEF\xB8\x8F",
     "man bowing: light skin tone"},
    {"\xF0\x9F\x99\x87\xF0\x9F\x8F\xBC\xE2\x80\x8D\xE2\x99\x82\xEF\xB8\x8F",
     "man bowing: medium-light skin tone"},
    {"\xF0\x9F\x99\x87\xF0\x9F\x8F\xBD\xE2\x80\x8D\xE2\x99\x82\xEF\xB8\x8F",
     "man bowing: medium skin tone"},
    {"\xF0\x9F\x99\x87\xF0\x9F\x8F\xBE\xE2\x80\x8D\xE2\x99\x82\xEF\xB8\x8F",
     "man bowing: medium-dark skin tone"},
    {"\xF0\x9F\x99\x87\xF0\x9F\x8F\xBF\xE2\x80\x8D\xE2\x99\x82\xEF\xB8\x8F",
     "man bowing: dark skin tone"},
    {"\xF0\x9F\x99\x87\xE2\x80\x8D\xE2\x99\x80\xEF\xB8\x8F", "woman bowing"},
    {"\xF0\x9F\x99\x87\xF0\x9F\x8F\xBB\xE2\x80\x8D\xE2\x99\x80\xEF\xB8\x8F",
     "woman bowing: light skin tone"},
    {"\xF0\x9F\x99\x87\xF0\x9F\x8F\xBC\xE2\x80\x8D\xE2\x99\x80\xEF\xB8\x8F",
     "woman bowing: medium-light skin tone"},
    {"\xF0\x9F\x99\x87\xF0\x9F\x8F\xBD\xE2\x80\x8D\xE2\x99\x80\xEF\xB8\x8F",
     "woman bowing: medium skin tone"},
    {"\xF0\x9F\x99\x87\xF0\x9F\x8F\xBE\xE2\x80\x8D\xE2\x99\x80\xEF\xB8\x8F",
     "woman bowing: medium-dark skin tone"},
    {"\xF0\x9F\x99\x87\xF0\x9F\x8F\xBF\xE2\x80\x8D\xE2\x99\x80\xEF\xB8\x8F",
     "woman bowing: dark skin tone"},
    {"\xF0\x9F\xA4\xA6", "person facepalming"},
    {"\xF0\x9F\xA4\xA6\xF0\x9F\x8F\xBB", "person facepalming: light skin tone"},
    {"\xF0\x9F\xA4\xA6\xF0\x9F\x8F\xBC",
     "person facepalming: medium-light skin tone"},
    {"\xF0\x9F\xA4\xA6\xF0\x9F\x8F\xBD",
     "person facepalming: medium skin tone"},
    {"\xF0\x9F\xA4\xA6\xF0\x9F\x8F\xBE",
     "person facepalming: medium-dark skin tone"},
    {"\xF0\x9F\xA4\xA6\xF0\x9F\x8F\xBF", "person facepalming: dark skin tone"},
    {"\xF0\x9F\xA4\xA6\xE2\x80\x8D\xE2\x99\x82\xEF\xB8\x8F", "man facepalming"},
    {"\xF0\x9F\xA4\xA6\xF0\x9F\x8F\xBB\xE2\x80\x8D\xE2\x99\x82\xEF\xB8\x8F",
     "man facepalming: light skin tone"},
    {"\xF0\x9F\xA4\xA6\xF0\x9F\x8F\xBC\xE2\x80\x8D\xE2\x99\x82\xEF\xB8\x8F",
     "man facepalming: medium-light skin tone"},
    {"\xF0\x9F\xA4\xA6\xF0\x9F\x8F\xBD\xE2\x80\x8D\xE2\x99\x82\xEF\xB8\x8F",
     "man facepalming: medium skin tone"},
    {"\xF0\x9F\xA4\xA6\xF0\x9F\x8F\xBE\xE2\x80\x8D\xE2\x99\x82\xEF\xB8\x8F",
     "man facepalming: medium-dark skin tone"},
    {"\xF0\x9F\xA4\xA6\xF0\x9F\x8F\xBF\xE2\x80\x8D\xE2\x99\x82\xEF\xB8\x8F",
     "man facepalming: dark skin tone"},
    {"\xF0\x9F\xA4\xA6\xE2\x80\x8D\xE2\x99\x80\xEF\xB8\x8F",
     "woman facepalming"},
    {"\xF0\x9F\xA4\xA6\xF0\x9F\x8F\xBB\xE2\x80\x8D\xE2\x99\x80\xEF\xB8\x8F",
     "woman facepalming: light skin tone"},
    {"\xF0\x9F\xA4\xA6\xF0\x9F\x8F\xBC\xE2\x80\x8D\xE2\x99\x80\xEF\xB8\x8F",
     "woman facepalming: medium-light skin tone"},
    {"\xF0\x9F\xA4\xA6\xF0\x9F\x8F\xBD\xE2\x80\x8D\xE2\x99\x80\xEF\xB8\x8F",
     "woman facepalming: medium skin tone"},
    {"\xF0\x9F\xA4\xA6\xF0\x9F\x8F\xBE\xE2\x80\x8D\xE2\x99\x80\xEF\xB8\x8F",
     "woman facepalming: medium-dark skin tone"},
    {"\xF0\x9F\xA4\xA6\xF0\x9F\x8F\xBF\xE2\x80\x8D\xE2\x99\x80\xEF\xB8\x8F",
     "woman facepalming: dark skin tone"},
    {"\xF0\x9F\xA4\xB7", "person shrugging"},
    {"\xF0\x9F\xA4\xB7\xF0\x9F\x8F\xBB", "person shrugging: light skin tone"},
    {"\xF0\x9F\xA4\xB7\xF0\x9F\x8F\xBC",
     "person shrugging: medium-light skin tone"},
    {"\xF0\x9F\xA4\xB7\xF0\x9F\x8F\xBD", "person shrugging: medium skin tone"},
    {"\xF0\x9F\xA4\xB7\xF0\x9F\x8F\xBE",
     "person shrugging: medium-dark skin tone"},
    {"\xF0\x9F\xA4\xB7\xF0\x9F\x8F\xBF", "person shrugging: dark skin tone"},
    {"\xF0\x9F\xA4\xB7\xE2\x80\x8D\xE2\x99\x82\xEF\xB8\x8F", "man shrugging"},
    {"\xF0\x9F\xA4\xB7\xF0\x9F\x8F\xBB\xE2\x80\x8D\xE2\x99\x82\xEF\xB8\x8F",
     "man shrugging: light skin tone"},
    {"\xF0\x9F\xA4\xB7\xF0\x9F\x8F\xBC\xE2\x80\x8D\xE2\x99\x82\xEF\xB8\x8F",
     "man shrugging: medium-light skin tone"},
    {"\xF0\x9F\xA4\xB7\xF0\x9F\x8F\xBD\xE2\x80\x8D\xE2\x99\x82\xEF\xB8\x8F",
     "man shrugging: medium skin tone"},
    {"\xF0\x9F\xA4\xB7\xF0\x9F\x8F\xBE\xE2\x80\x8D\xE2\x99\x82\xEF\xB8\x8F",
     "man shrugging: medium-dark skin tone"},
    {"\xF0\x9F\xA4\xB7\xF0\x9F\x8F\xBF\xE2\x80\x8D\xE2\x99\x82\xEF\xB8\x8F",
     "man shrugging: dark skin tone"},
    {"\xF0\x9F\xA4\xB7\xE2\x80\x8D\xE2\x99\x80\xEF\xB8\x8F", "woman shrugging"},
    {"\xF0\x9F\xA4\xB7\xF0\x9F\x8F\xBB\xE2\x80\x8D\xE2\x99\x80\xEF\xB8\x8F",
     "woman shrugging: light skin tone"},
    {"\xF0\x9F\xA4\xB7\xF0\x9F\x8F\xBC\xE2\x80\x8D\xE2\x99\x80\xEF\xB8\x8F",
     "woman shrugging: medium-light skin tone"},
    {"\xF0\x9F\xA4\xB7\xF0\x9F\x8F\xBD\xE2\x80\x8D\xE2\x99\x80\xEF\xB8\x8F",
     "woman shrugging: medium skin tone"},
    {"\xF0\x9F\xA4\xB7\xF0\x9F\x8F\xBE\xE2\x80\x8D\xE2\x99\x80\xEF\xB8\x8F",
     "woman shrugging: medium-dark skin tone"},
    {"\xF0\x9F\xA4\xB7\xF0\x9F\x8F\xBF\xE2\x80\x8D\xE2\x99\x80\xEF\xB8\x8F",
     "woman shrugging: dark skin tone"},
    {"\xF0\x9F\xA7\x91\xE2\x80\x8D\xE2\x9A\x95\xEF\xB8\x8F", "health worker"},
    {"\xF0\x9F\xA7\x91\xF0\x9F\x8F\xBB\xE2\x80\x8D\xE2\x9A\x95\xEF\xB8\x8F",
     "health worker: light skin tone"},
    {"\xF0\x9F\xA7\x91\xF0\x9F\x8F\xBC\xE2\x80\x8D\xE2\x9A\x95\xEF\xB8\x8F",
     "health worker: medium-light skin tone"},
    {"\xF0\x9F\xA7\x91\xF0\x9F\x8F\xBD\xE2\x80\x8D\xE2\x9A\x95\xEF\xB8\x8F",
     "health worker: medium skin tone"},
    {"\xF0\x9F\xA7\x91\xF0\x9F\x8F\xBE\xE2\x80\x8D\xE2\x9A\x95\xEF\xB8\x8F",
     "health worker: medium-dark skin tone"},
    {"\xF0\x9F\xA7\x91\xF0\x9F\x8F\xBF\xE2\x80\x8D\xE2\x9A\x95\xEF\xB8\x8F",
     "health worker: dark skin tone"},
    {"\xF0\x9F\x91\xA8\xE2\x80\x8D\xE2\x9A\x95\xEF\xB8\x8F",
     "man health worker"},
    {"\xF0\x9F\x91\xA8\xF0\x9F\x8F\xBB\xE2\x80\x8D\xE2\x9A\x95\xEF\xB8\x8F",
     "man health worker: light skin tone"},
    {"\xF0\x9F\x91\xA8\xF0\x9F\x8F\xBC\xE2\x80\x8D\xE2\x9A\x95\xEF\xB8\x8F",
     "man health worker: medium-light skin tone"},
    {"\xF0\x9F\x91\xA8\xF0\x9F\x8F\xBD\xE2\x80\x8D\xE2\x9A\x95\xEF\xB8\x8F",
     "man health worker: medium skin tone"},
    {"\xF0\x9F\x91\xA8\xF0\x9F\x8F\xBE\xE2\x80\x8D\xE2\x9A\x95\xEF\xB8\x8F",
     "man health worker: medium-dark skin tone"},
    {"\xF0\x9F\x91\xA8\xF0\x9F\x8F\xBF\xE2\x80\x8D\xE2\x9A\x95\xEF\xB8\x8F",
     "man health worker: dark skin tone"},
    {"\xF0\x9F\x91\xA9\xE2\x80\x8D\xE2\x9A\x95\xEF\xB8\x8F",
     "woman health worker"},
    {"\xF0\x9F\x91\xA9\xF0\x9F\x8F\xBB\xE2\x80\x8D\xE2\x9A\x95\xEF\xB8\x8F",
     "woman health worker: light skin tone"},
    {"\xF0\x9F\x91\xA9\xF0\x9F\x8F\xBC\xE2\x80\x8D\xE2\x9A\x95\xEF\xB8\x8F",
     "woman health worker: medium-light skin tone"},
    {"\xF0\x9F\x91\xA9\xF0\x9F\x8F\xBD\xE2\x80\x8D\xE2\x9A\x95\xEF\xB8\x8F",
     "woman health worker: medium skin tone"},
    {"\xF0\x9F\x91\xA9\xF0\x9F\x8F\xBE\xE2\x80\x8D\xE2\x9A\x95\xEF\xB8\x8F",
     "woman health worker: medium-dark skin tone"},
    {"\xF0\x9F\x91\xA9\xF0\x9F\x8F\xBF\xE2\x80\x8D\xE2\x9A\x95\xEF\xB8\x8F",
     "woman health worker: dark skin tone"},
    {"\xF0\x9F\xA7\x91\xE2\x80\x8D\xF0\x9F\x8E\x93", "student"},
    {"\xF0\x9F\xA7\x91\xF0\x9F\x8F\xBB\xE2\x80\x8D\xF0\x9F\x8E\x93",
     "student: light skin tone"},
    {"\xF0\x9F\xA7\x91\xF0\x9F\x8F\xBC\xE2\x80\x8D\xF0\x9F\x8E\x93",
     "student: medium-light skin tone"},
    {"\xF0\x9F\xA7\x91\xF0\x9F\x8F\xBD\xE2\x80\x8D\xF0\x9F\x8E\x93",
     "student: medium skin tone"},
    {"\xF0\x9F\xA7\x91\xF0\x9F\x8F\xBE\xE2\x80\x8D\xF0\x9F\x8E\x93",
     "student: medium-dark skin tone"},
    {"\xF0\x9F\xA7\x91\xF0\x9F\x8F\xBF\xE2\x80\x8D\xF0\x9F\x8E\x93",
     "student: dark skin tone"},
    {"\xF0\x9F\x91\xA8\xE2\x80\x8D\xF0\x9F\x8E\x93", "man student"},
    {"\xF0\x9F\x91\xA8\xF0\x9F\x8F\xBB\xE2\x80\x8D\xF0\x9F\x8E\x93",
     "man student: light skin tone"},
    {"\xF0\x9F\x91\xA8\xF0\x9F\x8F\xBC\xE2\x80\x8D\xF0\x9F\x8E\x93",
     "man student: medium-light skin tone"},
    {"\xF0\x9F\x91\xA8\xF0\x9F\x8F\xBD\xE2\x80\x8D\xF0\x9F\x8E\x93",
     "man student: medium skin tone"},
    {"\xF0\x9F\x91\xA8\xF0\x9F\x8F\xBE\xE2\x80\x8D\xF0\x9F\x8E\x93",
     "man student: medium-dark skin tone"},
    {"\xF0\x9F\x91\xA8\xF0\x9F\x8F\xBF\xE2\x80\x8D\xF0\x9F\x8E\x93",
     "man student: dark skin tone"},
    {"\xF0\x9F\x91\xA9\xE2\x80\x8D\xF0\x9F\x8E\x93", "woman student"},
    {"\xF0\x9F\x91\xA9\xF0\x9F\x8F\xBB\xE2\x80\x8D\xF0\x9F\x8E\x93",
     "woman student: light skin tone"},
    {"\xF0\x9F\x91\xA9\xF0\x9F\x8F\xBC\xE2\x80\x8D\xF0\x9F\x8E\x93",
     "woman student: medium-light skin tone"},
    {"\xF0\x9F\x91\xA9\xF0\x9F\x8F\xBD\xE2\x80\x8D\xF0\x9F\x8E\x93",
     "woman student: medium skin tone"},
    {"\xF0\x9F\x91\xA9\xF0\x9F\x8F\xBE\xE2\x80\x8D\xF0\x9F\x8E\x93",
     "woman student: medium-dark skin tone"},
    {"\xF0\x9F\x91\xA9\xF0\x9F\x8F\xBF\xE2\x80\x8D\xF0\x9F\x8E\x93",
     "woman student: dark skin tone"},
    {"\xF0\x9F\xA7\x91\xE2\x80\x8D\xF0\x9F\x8F\xAB", "teacher"},
    {"\xF0\x9F\xA7\x91\xF0\x9F\x8F\xBB\xE2\x80\x8D\xF0\x9F\x8F\xAB",
     "teacher: light skin tone"},
    {"\xF0\x9F\xA7\x91\xF0\x9F\x8F\xBC\xE2\x80\x8D\xF0\x9F\x8F\xAB",
     "teacher: medium-light skin tone"},
    {"\xF0\x9F\xA7\x91\xF0\x9F\x8F\xBD\xE2\x80\x8D\xF0\x9F\x8F\xAB",
     "teacher: medium skin tone"},
    {"\xF0\x9F\xA7\x91\xF0\x9F\x8F\xBE\xE2\x80\x8D\xF0\x9F\x8F\xAB",
     "teacher: medium-dark skin tone"},
    {"\xF0\x9F\xA7\x91\xF0\x9F\x8F\xBF\xE2\x80\x8D\xF0\x9F\x8F\xAB",
     "teacher: dark skin tone"},
    {"\xF0\x9F\x91\xA8\xE2\x80\x8D\xF0\x9F\x8F\xAB", "man teacher"},
    {"\xF0\x9F\x91\xA8\xF0\x9F\x8F\xBB\xE2\x80\x8D\xF0\x9F\x8F\xAB",
     "man teacher: light skin tone"},
    {"\xF0\x9F\x91\xA8\xF0\x9F\x8F\xBC\xE2\x80\x8D\xF0\x9F\x8F\xAB",
     "man teacher: medium-light skin tone"},
    {"\xF0\x9F\x91\xA8\xF0\x9F\x8F\xBD\xE2\x80\x8D\xF0\x9F\x8F\xAB",
     "man teacher: medium skin tone"},
    {"\xF0\x9F\x91\xA8\xF0\x9F\x8F\xBE\xE2\x80\x8D\xF0\x9F\x8F\xAB",
     "man teacher: medium-dark skin tone"},
    {"\xF0\x9F\x91\xA8\xF0\x9F\x8F\xBF\xE2\x80\x8D\xF0\x9F\x8F\xAB",
     "man teacher: dark skin tone"},
    {"\xF0\x9F\x91\xA9\xE2\x80\x8D\xF0\x9F\x8F\xAB", "woman teacher"},
    {"\xF0\x9F\x91\xA9\xF0\x9F\x8F\xBB\xE2\x80\x8D\xF0\x9F\x8F\xAB",
     "woman teacher: light skin tone"},
    {"\xF0\x9F\x91\xA9\xF0\x9F\x8F\xBC\xE2\x80\x8D\xF0\x9F\x8F\xAB",
     "woman teacher: medium-light skin tone"},
    {"\xF0\x9F\x91\xA9\xF0\x9F\x8F\xBD\xE2\x80\x8D\xF0\x9F\x8F\xAB",
     "woman teacher: medium skin tone"},
    {"\xF0\x9F\x91\xA9\xF0\x9F\x8F\xBE\xE2\x80\x8D\xF0\x9F\x8F\xAB",
     "woman teacher: medium-dark skin tone"},
    {"\xF0\x9F\x91\xA9\xF0\x9F\x8F\xBF\xE2\x80\x8D\xF0\x9F\x8F\xAB",
     "woman teacher: dark skin tone"},
    {"\xF0\x9F\xA7\x91\xE2\x80\x8D\xE2\x9A\x96\xEF\xB8\x8F", "judge"},
    {"\xF0\x9F\xA7\x91\xF0\x9F\x8F\xBB\xE2\x80\x8D\xE2\x9A\x96\xEF\xB8\x8F",
     "judge: light skin tone"},
    {"\xF0\x9F\xA7\x91\xF0\x9F\x8F\xBC\xE2\x80\x8D\xE2\x9A\x96\xEF\xB8\x8F",
     "judge: medium-light skin tone"},
    {"\xF0\x9F\xA7\x91\xF0\x9F\x8F\xBD\xE2\x80\x8D\xE2\x9A\x96\xEF\xB8\x8F",
     "judge: medium skin tone"},
    {"\xF0\x9F\xA7\x91\xF0\x9F\x8F\xBE\xE2\x80\x8D\xE2\x9A\x96\xEF\xB8\x8F",
     "judge: medium-dark skin tone"},
    {"\xF0\x9F\xA7\x91\xF0\x9F\x8F\xBF\xE2\x80\x8D\xE2\x9A\x96\xEF\xB8\x8F",
     "judge: dark skin tone"},
    {"\xF0\x9F\x91\xA8\xE2\x80\x8D\xE2\x9A\x96\xEF\xB8\x8F", "man judge"},
    {"\xF0\x9F\x91\xA8\xF0\x9F\x8F\xBB\xE2\x80\x8D\xE2\x9A\x96\xEF\xB8\x8F",
     "man judge: light skin tone"},
    {"\xF0\x9F\x91\xA8\xF0\x9F\x8F\xBC\xE2\x80\x8D\xE2\x9A\x96\xEF\xB8\x8F",
     "man judge: medium-light skin tone"},
    {"\xF0\x9F\x91\xA8\xF0\x9F\x8F\xBD\xE2\x80\x8D\xE2\x9A\x96\xEF\xB8\x8F",
     "man judge: medium skin tone"},
    {"\xF0\x9F\x91\xA8\xF0\x9F\x8F\xBE\xE2\x80\x8D\xE2\x9A\x96\xEF\xB8\x8F",
     "man judge: medium-dark skin tone"},
    {"\xF0\x9F\x91\xA8\xF0\x9F\x8F\xBF\xE2\x80\x8D\xE2\x9A\x96\xEF\xB8\x8F",
     "man judge: dark skin tone"},
    {"\xF0\x9F\x91\xA9\xE2\x80\x8D\xE2\x9A\x96\xEF\xB8\x8F", "woman judge"},
    {"\xF0\x9F\x91\xA9\xF0\x9F\x8F\xBB\xE2\x80\x8D\xE2\x9A\x96\xEF\xB8\x8F",
     "woman judge: light skin tone"},
    {"\xF0\x9F\x91\xA9\xF0\x9F\x8F\xBC\xE2\x80\x8D\xE2\x9A\x96\xEF\xB8\x8F",
     "woman judge: medium-light skin tone"},
    {"\xF0\x9F\x91\xA9\xF0\x9F\x8F\xBD\xE2\x80\x8D\xE2\x9A\x96\xEF\xB8\x8F",
     "woman judge: medium skin tone"},
    {"\xF0\x9F\x91\xA9\xF0\x9F\x8F\xBE\xE2\x80\x8D\xE2\x9A\x96\xEF\xB8\x8F",
     "woman judge: medium-dark skin tone"},
    {"\xF0\x9F\x91\xA9\xF0\x9F\x8F\xBF\xE2\x80\x8D\xE2\x9A\x96\xEF\xB8\x8F",
     "woman judge: dark skin tone"},
    {"\xF0\x9F\xA7\x91\xE2\x80\x8D\xF0\x9F\x8C\xBE", "farmer"},
    {"\xF0\x9F\xA7\x91\xF0\x9F\x8F\xBB\xE2\x80\x8D\xF0\x9F\x8C\xBE",
     "farmer: light skin tone"},
    {"\xF0\x9F\xA7\x91\xF0\x9F\x8F\xBC\xE2\x80\x8D\xF0\x9F\x8C\xBE",
     "farmer: medium-light skin tone"},
    {"\xF0\x9F\xA7\x91\xF0\x9F\x8F\xBD\xE2\x80\x8D\xF0\x9F\x8C\xBE",
     "farmer: medium skin tone"},
    {"\xF0\x9F\xA7\x91\xF0\x9F\x8F\xBE\xE2\x80\x8D\xF0\x9F\x8C\xBE",
     "farmer: medium-dark skin tone"},
    {"\xF0\x9F\xA7\x91\xF0\x9F\x8F\xBF\xE2\x80\x8D\xF0\x9F\x8C\xBE",
     "farmer: dark skin tone"},
    {"\xF0\x9F\x91\xA8\xE2\x80\x8D\xF0\x9F\x8C\xBE", "man farmer"},
    {"\xF0\x9F\x91\xA8\xF0\x9F\x8F\xBB\xE2\x80\x8D\xF0\x9F\x8C\xBE",
     "man farmer: light skin tone"},
    {"\xF0\x9F\x91\xA8\xF0\x9F\x8F\xBC\xE2\x80\x8D\xF0\x9F\x8C\xBE",
     "man farmer: medium-light skin tone"},
    {"\xF0\x9F\x91\xA8\xF0\x9F\x8F\xBD\xE2\x80\x8D\xF0\x9F\x8C\xBE",
     "man farmer: medium skin tone"},
    {"\xF0\x9F\x91\xA8\xF0\x9F\x8F\xBE\xE2\x80\x8D\xF0\x9F\x8C\xBE",
     "man farmer: medium-dark skin tone"},
    {"\xF0\x9F\x91\xA8\xF0\x9F\x8F\xBF\xE2\x80\x8D\xF0\x9F\x8C\xBE",
     "man farmer: dark skin tone"},
    {"\xF0\x9F\x91\xA9\xE2\x80\x8D\xF0\x9F\x8C\xBE", "woman farmer"},
    {"\xF0\x9F\x91\xA9\xF0\x9F\x8F\xBB\xE2\x80\x8D\xF0\x9F\x8C\xBE",
     "woman farmer: light skin tone"},
    {"\xF0\x9F\x91\xA9\xF0\x9F\x8F\xBC\xE2\x80\x8D\xF0\x9F\x8C\xBE",
     "woman farmer: medium-light skin tone"},
    {"\xF0\x9F\x91\xA9\xF0\x9F\x8F\xBD\xE2\x80\x8D\xF0\x9F\x8C\xBE",
     "woman farmer: medium skin tone"},
    {"\xF0\x9F\x91\xA9\xF0\x9F\x8F\xBE\xE2\x80\x8D\xF0\x9F\x8C\xBE",
     "woman farmer: medium-dark skin tone"},
    {"\xF0\x9F\x91\xA9\xF0\x9F\x8F\xBF\xE2\x80\x8D\xF0\x9F\x8C\xBE",
     "woman farmer: dark skin tone"},
    {"\xF0\x9F\xA7\x91\xE2\x80\x8D\xF0\x9F\x8D\xB3", "cook"},
    {"\xF0\x9F\xA7\x91\xF0\x9F\x8F\xBB\xE2\x80\x8D\xF0\x9F\x8D\xB3",
     "cook: light skin tone"},
    {"\xF0\x9F\xA7\x91\xF0\x9F\x8F\xBC\xE2\x80\x8D\xF0\x9F\x8D\xB3",
     "cook: medium-light skin tone"},
    {"\xF0\x9F\xA7\x91\xF0\x9F\x8F\xBD\xE2\x80\x8D\xF0\x9F\x8D\xB3",
     "cook: medium skin tone"},
    {"\xF0\x9F\xA7\x91\xF0\x9F\x8F\xBE\xE2\x80\x8D\xF0\x9F\x8D\xB3",
     "cook: medium-dark skin tone"},
    {"\xF0\x9F\xA7\x91\xF0\x9F\x8F\xBF\xE2\x80\x8D\xF0\x9F\x8D\xB3",
     "cook: dark skin tone"},
    {"\xF0\x9F\x91\xA8\xE2\x80\x8D\xF0\x9F\x8D\xB3", "man cook"},
    {"\xF0\x9F\x91\xA8\xF0\x9F\x8F\xBB\xE2\x80\x8D\xF0\x9F\x8D\xB3",
     "man cook: light skin tone"},
    {"\xF0\x9F\x91\xA8\xF0\x9F\x8F\xBC\xE2\x80\x8D\xF0\x9F\x8D\xB3",
     "man cook: medium-light skin tone"},
    {"\xF0\x9F\x91\xA8\xF0\x9F\x8F\xBD\xE2\x80\x8D\xF0\x9F\x8D\xB3",
     "man cook: medium skin tone"},
    {"\xF0\x9F\x91\xA8\xF0\x9F\x8F\xBE\xE2\x80\x8D\xF0\x9F\x8D\xB3",
     "man cook: medium-dark skin tone"},
    {"\xF0\x9F\x91\xA8\xF0\x9F\x8F\xBF\xE2\x80\x8D\xF0\x9F\x8D\xB3",
     "man cook: dark skin tone"},
    {"\xF0\x9F\x91\xA9\xE2\x80\x8D\xF0\x9F\x8D\xB3", "woman cook"},
    {"\xF0\x9F\x91\xA9\xF0\x9F\x8F\xBB\xE2\x80\x8D\xF0\x9F\x8D\xB3",
     "woman cook: light skin tone"},
    {"\xF0\x9F\x91\xA9\xF0\x9F\x8F\xBC\xE2\x80\x8D\xF0\x9F\x8D\xB3",
     "woman cook: medium-light skin tone"},
    {"\xF0\x9F\x91\xA9\xF0\x9F\x8F\xBD\xE2\x80\x8D\xF0\x9F\x8D\xB3",
     "woman cook: medium skin tone"},
    {"\xF0\x9F\x91\xA9\xF0\x9F\x8F\xBE\xE2\x80\x8D\xF0\x9F\x8D\xB3",
     "woman cook: medium-dark skin tone"},
    {"\xF0\x9F\x91\xA9\xF0\x9F\x8F\xBF\xE2\x80\x8D\xF0\x9F\x8D\xB3",
     "woman cook: dark skin tone"},
    {"\xF0\x9F\xA7\x91\xE2\x80\x8D\xF0\x9F\x94\xA7", "mechanic"},
    {"\xF0\x9F\xA7\x91\xF0\x9F\x8F\xBB\xE2\x80\x8D\xF0\x9F\x94\xA7",
     "mechanic: light skin tone"},
    {"\xF0\x9F\xA7\x91\xF0\x9F\x8F\xBC\xE2\x80\x8D\xF0\x9F\x94\xA7",
     "mechanic: medium-light skin tone"},
    {"\xF0\x9F\xA7\x91\xF0\x9F\x8F\xBD\xE2\x80\x8D\xF0\x9F\x94\xA7",
     "mechanic: medium skin tone"},
    {"\xF0\x9F\xA7\x91\xF0\x9F\x8F\xBE\xE2\x80\x8D\xF0\x9F\x94\xA7",
     "mechanic: medium-dark skin tone"},
    {"\xF0\x9F\xA7\x91\xF0\x9F\x8F\xBF\xE2\x80\x8D\xF0\x9F\x94\xA7",
     "mechanic: dark skin tone"},
    {"\xF0\x9F\x91\xA8\xE2\x80\x8D\xF0\x9F\x94\xA7", "man mechanic"},
    {"\xF0\x9F\x91\xA8\xF0\x9F\x8F\xBB\xE2\x80\x8D\xF0\x9F\x94\xA7",
     "man mechanic: light skin tone"},
    {"\xF0\x9F\x91\xA8\xF0\x9F\x8F\xBC\xE2\x80\x8D\xF0\x9F\x94\xA7",
     "man mechanic: medium-light skin tone"},
    {"\xF0\x9F\x91\xA8\xF0\x9F\x8F\xBD\xE2\x80\x8D\xF0\x9F\x94\xA7",
     "man mechanic: medium skin tone"},
    {"\xF0\x9F\x91\xA8\xF0\x9F\x8F\xBE\xE2\x80\x8D\xF0\x9F\x94\xA7",
     "man mechanic: medium-dark skin tone"},
    {"\xF0\x9F\x91\xA8\xF0\x9F\x8F\xBF\xE2\x80\x8D\xF0\x9F\x94\xA7",
     "man mechanic: dark skin tone"},
    {"\xF0\x9F\x91\xA9\xE2\x80\x8D\xF0\x9F\x94\xA7", "woman mechanic"},
    {"\xF0\x9F\x91\xA9\xF0\x9F\x8F\xBB\xE2\x80\x8D\xF0\x9F\x94\xA7",
     "woman mechanic: light skin tone"},
    {"\xF0\x9F\x91\xA9\xF0\x9F\x8F\xBC\xE2\x80\x8D\xF0\x9F\x94\xA7",
     "woman mechanic: medium-light skin tone"},
    {"\xF0\x9F\x91\xA9\xF0\x9F\x8F\xBD\xE2\x80\x8D\xF0\x9F\x94\xA7",
     "woman mechanic: medium skin tone"},
    {"\xF0\x9F\x91\xA9\xF0\x9F\x8F\xBE\xE2\x80\x8D\xF0\x9F\x94\xA7",
     "woman mechanic: medium-dark skin tone"},
    {"\xF0\x9F\x91\xA9\xF0\x9F\x8F\xBF\xE2\x80\x8D\xF0\x9F\x94\xA7",
     "woman mechanic: dark skin tone"},
    {"\xF0\x9F\xA7\x91\xE2\x80\x8D\xF0\x9F\x8F\xAD", "factory worker"},
    {"\xF0\x9F\xA7\x91\xF0\x9F\x8F\xBB\xE2\x80\x8D\xF0\x9F\x8F\xAD",
     "factory worker: light skin tone"},
    {"\xF0\x9F\xA7\x91\xF0\x9F\x8F\xBC\xE2\x80\x8D\xF0\x9F\x8F\xAD",
     "factory worker: medium-light skin tone"},
    {"\xF0\x9F\xA7\x91\xF0\x9F\x8F\xBD\xE2\x80\x8D\xF0\x9F\x8F\xAD",
     "factory worker: medium skin tone"},
    {"\xF0\x9F\xA7\x91\xF0\x9F\x8F\xBE\xE2\x80\x8D\xF0\x9F\x8F\xAD",
     "factory worker: medium-dark skin tone"},
    {"\xF0\x9F\xA7\x91\xF0\x9F\x8F\xBF\xE2\x80\x8D\xF0\x9F\x8F\xAD",
     "factory worker: dark skin tone"},
    {"\xF0\x9F\x91\xA8\xE2\x80\x8D\xF0\x9F\x8F\xAD", "man factory worker"},
    {"\xF0\x9F\x91\xA8\xF0\x9F\x8F\xBB\xE2\x80\x8D\xF0\x9F\x8F\xAD",
     "man factory worker: light skin tone"},
    {"\xF0\x9F\x91\xA8\xF0\x9F\x8F\xBC\xE2\x80\x8D\xF0\x9F\x8F\xAD",
     "man factory worker: medium-light skin tone"},
    {"\xF0\x9F\x91\xA8\xF0\x9F\x8F\xBD\xE2\x80\x8D\xF0\x9F\x8F\xAD",
     "man factory worker: medium skin tone"},
    {"\xF0\x9F\x91\xA8\xF0\x9F\x8F\xBE\xE2\x80\x8D\xF0\x9F\x8F\xAD",
     "man factory worker: medium-dark skin tone"},
    {"\xF0\x9F\x91\xA8\xF0\x9F\x8F\xBF\xE2\x80\x8D\xF0\x9F\x8F\xAD",
     "man factory worker: dark skin tone"},
    {"\xF0\x9F\x91\xA9\xE2\x80\x8D\xF0\x9F\x8F\xAD", "woman factory worker"},
    {"\xF0\x9F\x91\xA9\xF0\x9F\x8F\xBB\xE2\x80\x8D\xF0\x9F\x8F\xAD",
     "woman factory worker: light skin tone"},
    {"\xF0\x9F\x91\xA9\xF0\x9F\x8F\xBC\xE2\x80\x8D\xF0\x9F\x8F\xAD",
     "woman factory worker: medium-light skin tone"},
    {"\xF0\x9F\x91\xA9\xF0\x9F\x8F\xBD\xE2\x80\x8D\xF0\x9F\x8F\xAD",
     "woman factory worker: medium skin tone"},
    {"\xF0\x9F\x91\xA9\xF0\x9F\x8F\xBE\xE2\x80\x8D\xF0\x9F\x8F\xAD",
     "woman factory worker: medium-dark skin tone"},
    {"\xF0\x9F\x91\xA9\xF0\x9F\x8F\xBF\xE2\x80\x8D\xF0\x9F\x8F\xAD",
     "woman factory worker: dark skin tone"},
    {"\xF0\x9F\xA7\x91\xE2\x80\x8D\xF0\x9F\x92\xBC", "office worker"},
    {"\xF0\x9F\xA7\x91\xF0\x9F\x8F\xBB\xE2\x80\x8D\xF0\x9F\x92\xBC",
     "office worker: light skin tone"},
    {"\xF0\x9F\xA7\x91\xF0\x9F\x8F\xBC\xE2\x80\x8D\xF0\x9F\x92\xBC",
     "office worker: medium-light skin tone"},
    {"\xF0\x9F\xA7\x91\xF0\x9F\x8F\xBD\xE2\x80\x8D\xF0\x9F\x92\xBC",
     "office worker: medium skin tone"},
    {"\xF0\x9F\xA7\x91\xF0\x9F\x8F\xBE\xE2\x80\x8D\xF0\x9F\x92\xBC",
     "office worker: medium-dark skin tone"},
    {"\xF0\x9F\xA7\x91\xF0\x9F\x8F\xBF\xE2\x80\x8D\xF0\x9F\x92\xBC",
     "office worker: dark skin tone"},
    {"\xF0\x9F\x91\xA8\xE2\x80\x8D\xF0\x9F\x92\xBC", "man office worker"},
    {"\xF0\x9F\x91\xA8\xF0\x9F\x8F\xBB\xE2\x80\x8D\xF0\x9F\x92\xBC",
     "man office worker: light skin tone"},
    {"\xF0\x9F\x91\xA8\xF0\x9F\x8F\xBC\xE2\x80\x8D\xF0\x9F\x92\xBC",
     "man office worker: medium-light skin tone"},
    {"\xF0\x9F\x91\xA8\xF0\x9F\x8F\xBD\xE2\x80\x8D\xF0\x9F\x92\xBC",
     "man office worker: medium skin tone"},
    {"\xF0\x9F\x91\xA8\xF0\x9F\x8F\xBE\xE2\x80\x8D\xF0\x9F\x92\xBC",
     "man office worker: medium-dark skin tone"},
    {"\xF0\x9F\x91\xA8\xF0\x9F\x8F\xBF\xE2\x80\x8D\xF0\x9F\x92\xBC",
     "man office worker: dark skin tone"},
    {"\xF0\x9F\x91\xA9\xE2\x80\x8D\xF0\x9F\x92\xBC", "woman office worker"},
    {"\xF0\x9F\x91\xA9\xF0\x9F\x8F\xBB\xE2\x80\x8D\xF0\x9F\x92\xBC",
     "woman office worker: light skin tone"},
    {"\xF0\x9F\x91\xA9\xF0\x9F\x8F\xBC\xE2\x80\x8D\xF0\x9F\x92\xBC",
     "woman office worker: medium-light skin tone"},
    {"\xF0\x9F\x91\xA9\xF0\x9F\x8F\xBD\xE2\x80\x8D\xF0\x9F\x92\xBC",
     "woman office worker: medium skin tone"},
    {"\xF0\x9F\x91\xA9\xF0\x9F\x8F\xBE\xE2\x80\x8D\xF0\x9F\x92\xBC",
     "woman office worker: medium-dark skin tone"},
    {"\xF0\x9F\x91\xA9\xF0\x9F\x8F\xBF\xE2\x80\x8D\xF0\x9F\x92\xBC",
     "woman office worker: dark skin tone"},
    {"\xF0\x9F\xA7\x91\xE2\x80\x8D\xF0\x9F\x94\xAC", "scientist"},
    {"\xF0\x9F\xA7\x91\xF0\x9F\x8F\xBB\xE2\x80\x8D\xF0\x9F\x94\xAC",
     "scientist: light skin tone"},
    {"\xF0\x9F\xA7\x91\xF0\x9F\x8F\xBC\xE2\x80\x8D\xF0\x9F\x94\xAC",
     "scientist: medium-light skin tone"},
    {"\xF0\x9F\xA7\x91\xF0\x9F\x8F\xBD\xE2\x80\x8D\xF0\x9F\x94\xAC",
     "scientist: medium skin tone"},
    {"\xF0\x9F\xA7\x91\xF0\x9F\x8F\xBE\xE2\x80\x8D\xF0\x9F\x94\xAC",
     "scientist: medium-dark skin tone"},
    {"\xF0\x9F\xA7\x91\xF0\x9F\x8F\xBF\xE2\x80\x8D\xF0\x9F\x94\xAC",
     "scientist: dark skin tone"},
    {"\xF0\x9F\x91\xA8\xE2\x80\x8D\xF0\x9F\x94\xAC", "man scientist"},
    {"\xF0\x9F\x91\xA8\xF0\x9F\x8F\xBB\xE2\x80\x8D\xF0\x9F\x94\xAC",
     "man scientist: light skin tone"},
    {"\xF0\x9F\x91\xA8\xF0\x9F\x8F\xBC\xE2\x80\x8D\xF0\x9F\x94\xAC",
     "man scientist: medium-light skin tone"},
    {"\xF0\x9F\x91\xA8\xF0\x9F\x8F\xBD\xE2\x80\x8D\xF0\x9F\x94\xAC",
     "man scientist: medium skin tone"},
    {"\xF0\x9F\x91\xA8\xF0\x9F\x8F\xBE\xE2\x80\x8D\xF0\x9F\x94\xAC",
     "man scientist: medium-dark skin tone"},
    {"\xF0\x9F\x91\xA8\xF0\x9F\x8F\xBF\xE2\x80\x8D\xF0\x9F\x94\xAC",
     "man scientist: dark skin tone"},
    {"\xF0\x9F\x91\xA9\xE2\x80\x8D\xF0\x9F\x94\xAC", "woman scientist"},
    {"\xF0\x9F\x91\xA9\xF0\x9F\x8F\xBB\xE2\x80\x8D\xF0\x9F\x94\xAC",
     "woman scientist: light skin tone"},
    {"\xF0\x9F\x91\xA9\xF0\x9F\x8F\xBC\xE2\x80\x8D\xF0\x9F\x94\xAC",
     "woman scientist: medium-light skin tone"},
    {"\xF0\x9F\x91\xA9\xF0\x9F\x8F\xBD\xE2\x80\x8D\xF0\x9F\x94\xAC",
     "woman scientist: medium skin tone"},
    {"\xF0\x9F\x91\xA9\xF0\x9F\x8F\xBE\xE2\x80\x8D\xF0\x9F\x94\xAC",
     "woman scientist: medium-dark skin tone"},
    {"\xF0\x9F\x91\xA9\xF0\x9F\x8F\xBF\xE2\x80\x8D\xF0\x9F\x94\xAC",
     "woman scientist: dark skin tone"},
    {"\xF0\x9F\xA7\x91\xE2\x80\x8D\xF0\x9F\x92\xBB", "technologist"},
    {"\xF0\x9F\xA7\x91\xF0\x9F\x8F\xBB\xE2\x80\x8D\xF0\x9F\x92\xBB",
     "technologist: light skin tone"},
    {"\xF0\x9F\xA7\x91\xF0\x9F\x8F\xBC\xE2\x80\x8D\xF0\x9F\x92\xBB",
     "technologist: medium-light skin tone"},
    {"\xF0\x9F\xA7\x91\xF0\x9F\x8F\xBD\xE2\x80\x8D\xF0\x9F\x92\xBB",
     "technologist: medium skin tone"},
    {"\xF0\x9F\xA7\x91\xF0\x9F\x8F\xBE\xE2\x80\x8D\xF0\x9F\x92\xBB",
     "technologist: medium-dark skin tone"},
    {"\xF0\x9F\xA7\x91\xF0\x9F\x8F\xBF\xE2\x80\x8D\xF0\x9F\x92\xBB",
     "technologist: dark skin tone"},
    {"\xF0\x9F\x91\xA8\xE2\x80\x8D\xF0\x9F\x92\xBB", "man technologist"},
    {"\xF0\x9F\x91\xA8\xF0\x9F\x8F\xBB\xE2\x80\x8D\xF0\x9F\x92\xBB",
     "man technologist: light skin tone"},
    {"\xF0\x9F\x91\xA8\xF0\x9F\x8F\xBC\xE2\x80\x8D\xF0\x9F\x92\xBB",
     "man technologist: medium-light skin tone"},
    {"\xF0\x9F\x91\xA8\xF0\x9F\x8F\xBD\xE2\x80\x8D\xF0\x9F\x92\xBB",
     "man technologist: medium skin tone"},
    {"\xF0\x9F\x91\xA8\xF0\x9F\x8F\xBE\xE2\x80\x8D\xF0\x9F\x92\xBB",
     "man technologist: medium-dark skin tone"},
    {"\xF0\x9F\x91\xA8\xF0\x9F\x8F\xBF\xE2\x80\x8D\xF0\x9F\x92\xBB",
     "man technologist: dark skin tone"},
    {"\xF0\x9F\x91\xA9\xE2\x80\x8D\xF0\x9F\x92\xBB", "woman technologist"},
    {"\xF0\x9F\x91\xA9\xF0\x9F\x8F\xBB\xE2\x80\x8D\xF0\x9F\x92\xBB",
     "woman technologist: light skin tone"},
    {"\xF0\x9F\x91\xA9\xF0\x9F\x8F\xBC\xE2\x80\x8D\xF0\x9F\x92\xBB",
     "woman technologist: medium-light skin tone"},
    {"\xF0\x9F\x91\xA9\xF0\x9F\x8F\xBD\xE2\x80\x8D\xF0\x9F\x92\xBB",
     "woman technologist: medium skin tone"},
    {"\xF0\x9F\x91\xA9\xF0\x9F\x8F\xBE\xE2\x80\x8D\xF0\x9F\x92\xBB",
     "woman technologist: medium-dark skin tone"},
    {"\xF0\x9F\x91\xA9\xF0\x9F\x8F\xBF\xE2\x80\x8D\xF0\x9F\x92\xBB",
     "woman technologist: dark skin tone"},
    {"\xF0\x9F\xA7\x91\xE2\x80\x8D\xF0\x9F\x8E\xA4", "singer"},
    {"\xF0\x9F\xA7\x91\xF0\x9F\x8F\xBB\xE2\x80\x8D\xF0\x9F\x8E\xA4",
     "singer: light skin tone"},
    {"\xF0\x9F\xA7\x91\xF0\x9F\x8F\xBC\xE2\x80\x8D\xF0\x9F\x8E\xA4",
     "singer: medium-light skin tone"},
    {"\xF0\x9F\xA7\x91\xF0\x9F\x8F\xBD\xE2\x80\x8D\xF0\x9F\x8E\xA4",
     "singer: medium skin tone"},
    {"\xF0\x9F\xA7\x91\xF0\x9F\x8F\xBE\xE2\x80\x8D\xF0\x9F\x8E\xA4",
     "singer: medium-dark skin tone"},
    {"\xF0\x9F\xA7\x91\xF0\x9F\x8F\xBF\xE2\x80\x8D\xF0\x9F\x8E\xA4",
     "singer: dark skin tone"},
    {"\xF0\x9F\x91\xA8\xE2\x80\x8D\xF0\x9F\x8E\xA4", "man singer"},
    {"\xF0\x9F\x91\xA8\xF0\x9F\x8F\xBB\xE2\x80\x8D\xF0\x9F\x8E\xA4",
     "man singer: light skin tone"},
    {"\xF0\x9F\x91\xA8\xF0\x9F\x8F\xBC\xE2\x80\x8D\xF0\x9F\x8E\xA4",
     "man singer: medium-light skin tone"},
    {"\xF0\x9F\x91\xA8\xF0\x9F\x8F\xBD\xE2\x80\x8D\xF0\x9F\x8E\xA4",
     "man singer: medium skin tone"},
    {"\xF0\x9F\x91\xA8\xF0\x9F\x8F\xBE\xE2\x80\x8D\xF0\x9F\x8E\xA4",
     "man singer: medium-dark skin tone"},
    {"\xF0\x9F\x91\xA8\xF0\x9F\x8F\xBF\xE2\x80\x8D\xF0\x9F\x8E\xA4",
     "man singer: dark skin tone"},
    {"\xF0\x9F\x91\xA9\xE2\x80\x8D\xF0\x9F\x8E\xA4", "woman singer"},
    {"\xF0\x9F\x91\xA9\xF0\x9F\x8F\xBB\xE2\x80\x8D\xF0\x9F\x8E\xA4",
     "woman singer: light skin tone"},
    {"\xF0\x9F\x91\xA9\xF0\x9F\x8F\xBC\xE2\x80\x8D\xF0\x9F\x8E\xA4",
     "woman singer: medium-light skin tone"},
    {"\xF0\x9F\x91\xA9\xF0\x9F\x8F\xBD\xE2\x80\x8D\xF0\x9F\x8E\xA4",
     "woman singer: medium skin tone"},
    {"\xF0\x9F\x91\xA9\xF0\x9F\x8F\xBE\xE2\x80\x8D\xF0\x9F\x8E\xA4",
     "woman singer: medium-dark skin tone"},
    {"\xF0\x9F\x91\xA9\xF0\x9F\x8F\xBF\xE2\x80\x8D\xF0\x9F\x8E\xA4",
     "woman singer: dark skin tone"},
    {"\xF0\x9F\xA7\x91\xE2\x80\x8D\xF0\x9F\x8E\xA8", "artist"},
    {"\xF0\x9F\xA7\x91\xF0\x9F\x8F\xBB\xE2\x80\x8D\xF0\x9F\x8E\xA8",
     "artist: light skin tone"},
    {"\xF0\x9F\xA7\x91\xF0\x9F\x8F\xBC\xE2\x80\x8D\xF0\x9F\x8E\xA8",
     "artist: medium-light skin tone"},
    {"\xF0\x9F\xA7\x91\xF0\x9F\x8F\xBD\xE2\x80\x8D\xF0\x9F\x8E\xA8",
     "artist: medium skin tone"},
    {"\xF0\x9F\xA7\x91\xF0\x9F\x8F\xBE\xE2\x80\x8D\xF0\x9F\x8E\xA8",
     "artist: medium-dark skin tone"},
    {"\xF0\x9F\xA7\x91\xF0\x9F\x8F\xBF\xE2\x80\x8D\xF0\x9F\x8E\xA8",
     "artist: dark skin tone"},
    {"\xF0\x9F\x91\xA8\xE2\x80\x8D\xF0\x9F\x8E\xA8", "man artist"},
    {"\xF0\x9F\x91\xA8\xF0\x9F\x8F\xBB\xE2\x80\x8D\xF0\x9F\x8E\xA8",
     "man artist: light skin tone"},
    {"\xF0\x9F\x91\xA8\xF0\x9F\x8F\xBC\xE2\x80\x8D\xF0\x9F\x8E\xA8",
     "man artist: medium-light skin tone"},
    {"\xF0\x9F\x91\xA8\xF0\x9F\x8F\xBD\xE2\x80\x8D\xF0\x9F\x8E\xA8",
     "man artist: medium skin tone"},
    {"\xF0\x9F\x91\xA8\xF0\x9F\x8F\xBE\xE2\x80\x8D\xF0\x9F\x8E\xA8",
     "man artist: medium-dark skin tone"},
    {"\xF0\x9F\x91\xA8\xF0\x9F\x8F\xBF\xE2\x80\x8D\xF0\x9F\x8E\xA8",
     "man artist: dark skin tone"},
    {"\xF0\x9F\x91\xA9\xE2\x80\x8D\xF0\x9F\x8E\xA8", "woman artist"},
    {"\xF0\x9F\x91\xA9\xF0\x9F\x8F\xBB\xE2\x80\x8D\xF0\x9F\x8E\xA8",
     "woman artist: light skin tone"},
    {"\xF0\x9F\x91\xA9\xF0\x9F\x8F\xBC\xE2\x80\x8D\xF0\x9F\x8E\xA8",
     "woman artist: medium-light skin tone"},
    {"\xF0\x9F\x91\xA9\xF0\x9F\x8F\xBD\xE2\x80\x8D\xF0\x9F\x8E\xA8",
     "woman artist: medium skin tone"},
    {"\xF0\x9F\x91\xA9\xF0\x9F\x8F\xBE\xE2\x80\x8D\xF0\x9F\x8E\xA8",
     "woman artist: medium-dark skin tone"},
    {"\xF0\x9F\x91\xA9\xF0\x9F\x8F\xBF\xE2\x80\x8D\xF0\x9F\x8E\xA8",
     "woman artist: dark skin tone"},
    {"\xF0\x9F\xA7\x91\xE2\x80\x8D\xE2\x9C\x88\xEF\xB8\x8F", "pilot"},
    {"\xF0\x9F\xA7\x91\xF0\x9F\x8F\xBB\xE2\x80\x8D\xE2\x9C\x88\xEF\xB8\x8F",
     "pilot: light skin tone"},
    {"\xF0\x9F\xA7\x91\xF0\x9F\x8F\xBC\xE2\x80\x8D\xE2\x9C\x88\xEF\xB8\x8F",
     "pilot: medium-light skin tone"},
    {"\xF0\x9F\xA7\x91\xF0\x9F\x8F\xBD\xE2\x80\x8D\xE2\x9C\x88\xEF\xB8\x8F",
     "pilot: medium skin tone"},
    {"\xF0\x9F\xA7\x91\xF0\x9F\x8F\xBE\xE2\x80\x8D\xE2\x9C\x88\xEF\xB8\x8F",
     "pilot: medium-dark skin tone"},
    {"\xF0\x9F\xA7\x91\xF0\x9F\x8F\xBF\xE2\x80\x8D\xE2\x9C\x88\xEF\xB8\x8F",
     "pilot: dark skin tone"},
    {"\xF0\x9F\x91\xA8\xE2\x80\x8D\xE2\x9C\x88\xEF\xB8\x8F", "man pilot"},
    {"\xF0\x9F\x91\xA8\xF0\x9F\x8F\xBB\xE2\x80\x8D\xE2\x9C\x88\xEF\xB8\x8F",
     "man pilot: light skin tone"},
    {"\xF0\x9F\x91\xA8\xF0\x9F\x8F\xBC\xE2\x80\x8D\xE2\x9C\x88\xEF\xB8\x8F",
     "man pilot: medium-light skin tone"},
    {"\xF0\x9F\x91\xA8\xF0\x9F\x8F\xBD\xE2\x80\x8D\xE2\x9C\x88\xEF\xB8\x8F",
     "man pilot: medium skin tone"},
    {"\xF0\x9F\x91\xA8\xF0\x9F\x8F\xBE\xE2\x80\x8D\xE2\x9C\x88\xEF\xB8\x8F",
     "man pilot: medium-dark skin tone"},
    {"\xF0\x9F\x91\xA8\xF0\x9F\x8F\xBF\xE2\x80\x8D\xE2\x9C\x88\xEF\xB8\x8F",
     "man pilot: dark skin tone"},
    {"\xF0\x9F\x91\xA9\xE2\x80\x8D\xE2\x9C\x88\xEF\xB8\x8F", "woman pilot"},
    {"\xF0\x9F\x91\xA9\xF0\x9F\x8F\xBB\xE2\x80\x8D\xE2\x9C\x88\xEF\xB8\x8F",
     "woman pilot: light skin tone"},
    {"\xF0\x9F\x91\xA9\xF0\x9F\x8F\xBC\xE2\x80\x8D\xE2\x9C\x88\xEF\xB8\x8F",
     "woman pilot: medium-light skin tone"},
    {"\xF0\x9F\x91\xA9\xF0\x9F\x8F\xBD\xE2\x80\x8D\xE2\x9C\x88\xEF\xB8\x8F",
     "woman pilot: medium skin tone"},
    {"\xF0\x9F\x91\xA9\xF0\x9F\x8F\xBE\xE2\x80\x8D\xE2\x9C\x88\xEF\xB8\x8F",
     "woman pilot: medium-dark skin tone"},
    {"\xF0\x9F\x91\xA9\xF0\x9F\x8F\xBF\xE2\x80\x8D\xE2\x9C\x88\xEF\xB8\x8F",
     "woman pilot: dark skin tone"},
    {"\xF0\x9F\xA7\x91\xE2\x80\x8D\xF0\x9F\x9A\x80", "astronaut"},
    {"\xF0\x9F\xA7\x91\xF0\x9F\x8F\xBB\xE2\x80\x8D\xF0\x9F\x9A\x80",
     "astronaut: light skin tone"},
    {"\xF0\x9F\xA7\x91\xF0\x9F\x8F\xBC\xE2\x80\x8D\xF0\x9F\x9A\x80",
     "astronaut: medium-light skin tone"},
    {"\xF0\x9F\xA7\x91\xF0\x9F\x8F\xBD\xE2\x80\x8D\xF0\x9F\x9A\x80",
     "astronaut: medium skin tone"},
    {"\xF0\x9F\xA7\x91\xF0\x9F\x8F\xBE\xE2\x80\x8D\xF0\x9F\x9A\x80",
     "astronaut: medium-dark skin tone"},
    {"\xF0\x9F\xA7\x91\xF0\x9F\x8F\xBF\xE2\x80\x8D\xF0\x9F\x9A\x80",
     "astronaut: dark skin tone"},
    {"\xF0\x9F\x91\xA8\xE2\x80\x8D\xF0\x9F\x9A\x80", "man astronaut"},
    {"\xF0\x9F\x91\xA8\xF0\x9F\x8F\xBB\xE2\x80\x8D\xF0\x9F\x9A\x80",
     "man astronaut: light skin tone"},
    {"\xF0\x9F\x91\xA8\xF0\x9F\x8F\xBC\xE2\x80\x8D\xF0\x9F\x9A\x80",
     "man astronaut: medium-light skin tone"},
    {"\xF0\x9F\x91\xA8\xF0\x9F\x8F\xBD\xE2\x80\x8D\xF0\x9F\x9A\x80",
     "man astronaut: medium skin tone"},
    {"\xF0\x9F\x91\xA8\xF0\x9F\x8F\xBE\xE2\x80\x8D\xF0\x9F\x9A\x80",
     "man astronaut: medium-dark skin tone"},
    {"\xF0\x9F\x91\xA8\xF0\x9F\x8F\xBF\xE2\x80\x8D\xF0\x9F\x9A\x80",
     "man astronaut: dark skin tone"},
    {"\xF0\x9F\x91\xA9\xE2\x80\x8D\xF0\x9F\x9A\x80", "woman astronaut"},
    {"\xF0\x9F\x91\xA9\xF0\x9F\x8F\xBB\xE2\x80\x8D\xF0\x9F\x9A\x80",
     "woman astronaut: light skin tone"},
    {"\xF0\x9F\x91\xA9\xF0\x9F\x8F\xBC\xE2\x80\x8D\xF0\x9F\x9A\x80",
     "woman astronaut: medium-light skin tone"},
    {"\xF0\x9F\x91\xA9\xF0\x9F\x8F\xBD\xE2\x80\x8D\xF0\x9F\x9A\x80",
     "woman astronaut: medium skin tone"},
    {"\xF0\x9F\x91\xA9\xF0\x9F\x8F\xBE\xE2\x80\x8D\xF0\x9F\x9A\x80",
     "woman astronaut: medium-dark skin tone"},
    {"\xF0\x9F\x91\xA9\xF0\x9F\x8F\xBF\xE2\x80\x8D\xF0\x9F\x9A\x80",
     "woman astronaut: dark skin tone"},
    {"\xF0\x9F\xA7\x91\xE2\x80\x8D\xF0\x9F\x9A\x92", "firefighter"},
    {"\xF0\x9F\xA7\x91\xF0\x9F\x8F\xBB\xE2\x80\x8D\xF0\x9F\x9A\x92",
     "firefighter: light skin tone"},
    {"\xF0\x9F\xA7\x91\xF0\x9F\x8F\xBC\xE2\x80\x8D\xF0\x9F\x9A\x92",
     "firefighter: medium-light skin tone"},
    {"\xF0\x9F\xA7\x91\xF0\x9F\x8F\xBD\xE2\x80\x8D\xF0\x9F\x9A\x92",
     "firefighter: medium skin tone"},
    {"\xF0\x9F\xA7\x91\xF0\x9F\x8F\xBE\xE2\x80\x8D\xF0\x9F\x9A\x92",
     "firefighter: medium-dark skin tone"},
    {"\xF0\x9F\xA7\x91\xF0\x9F\x8F\xBF\xE2\x80\x8D\xF0\x9F\x9A\x92",
     "firefighter: dark skin tone"},
    {"\xF0\x9F\x91\xA8\xE2\x80\x8D\xF0\x9F\x9A\x92", "man firefighter"},
    {"\xF0\x9F\x91\xA8\xF0\x9F\x8F\xBB\xE2\x80\x8D\xF0\x9F\x9A\x92",
     "man firefighter: light skin tone"},
    {"\xF0\x9F\x91\xA8\xF0\x9F\x8F\xBC\xE2\x80\x8D\xF0\x9F\x9A\x92",
     "man firefighter: medium-light skin tone"},
    {"\xF0\x9F\x91\xA8\xF0\x9F\x8F\xBD\xE2\x80\x8D\xF0\x9F\x9A\x92",
     "man firefighter: medium skin tone"},
    {"\xF0\x9F\x91\xA8\xF0\x9F\x8F\xBE\xE2\x80\x8D\xF0\x9F\x9A\x92",
     "man firefighter: medium-dark skin tone"},
    {"\xF0\x9F\x91\xA8\xF0\x9F\x8F\xBF\xE2\x80\x8D\xF0\x9F\x9A\x92",
     "man firefighter: dark skin tone"},
    {"\xF0\x9F\x91\xA9\xE2\x80\x8D\xF0\x9F\x9A\x92", "woman firefighter"},
    {"\xF0\x9F\x91\xA9\xF0\x9F\x8F\xBB\xE2\x80\x8D\xF0\x9F\x9A\x92",
     "woman firefighter: light skin tone"},
    {"\xF0\x9F\x91\xA9\xF0\x9F\x8F\xBC\xE2\x80\x8D\xF0\x9F\x9A\x92",
     "woman firefighter: medium-light skin tone"},
    {"\xF0\x9F\x91\xA9\xF0\x9F\x8F\xBD\xE2\x80\x8D\xF0\x9F\x9A\x92",
     "woman firefighter: medium skin tone"},
    {"\xF0\x9F\x91\xA9\xF0\x9F\x8F\xBE\xE2\x80\x8D\xF0\x9F\x9A\x92",
     "woman firefighter: medium-dark skin tone"},
    {"\xF0\x9F\x91\xA9\xF0\x9F\x8F\xBF\xE2\x80\x8D\xF0\x9F\x9A\x92",
     "woman firefighter: dark skin tone"},
    {"\xF0\x9F\x91\xAE", "police officer"},
    {"\xF0\x9F\x91\xAE\xF0\x9F\x8F\xBB", "police officer: light skin tone"},
    {"\xF0\x9F\x91\xAE\xF0\x9F\x8F\xBC",
     "police officer: medium-light skin tone"},
    {"\xF0\x9F\x91\xAE\xF0\x9F\x8F\xBD", "police officer: medium skin tone"},
    {"\xF0\x9F\x91\xAE\xF0\x9F\x8F\xBE",
     "police officer: medium-dark skin tone"},
    {"\xF0\x9F\x91\xAE\xF0\x9F\x8F\xBF", "police officer: dark skin tone"},
    {"\xF0\x9F\x91\xAE\xE2\x80\x8D\xE2\x99\x82\xEF\xB8\x8F",
     "man police officer"},
    {"\xF0\x9F\x91\xAE\xF0\x9F\x8F\xBB\xE2\x80\x8D\xE2\x99\x82\xEF\xB8\x8F",
     "man police officer: light skin tone"},
    {"\xF0\x9F\x91\xAE\xF0\x9F\x8F\xBC\xE2\x80\x8D\xE2\x99\x82\xEF\xB8\x8F",
     "man police officer: medium-light skin tone"},
    {"\xF0\x9F\x91\xAE\xF0\x9F\x8F\xBD\xE2\x80\x8D\xE2\x99\x82\xEF\xB8\x8F",
     "man police officer: medium skin tone"},
    {"\xF0\x9F\x91\xAE\xF0\x9F\x8F\xBE\xE2\x80\x8D\xE2\x99\x82\xEF\xB8\x8F",
     "man police officer: medium-dark skin tone"},
    {"\xF0\x9F\x91\xAE\xF0\x9F\x8F\xBF\xE2\x80\x8D\xE2\x99\x82\xEF\xB8\x8F",
     "man police officer: dark skin tone"},
    {"\xF0\x9F\x91\xAE\xE2\x80\x8D\xE2\x99\x80\xEF\xB8\x8F",
     "woman police officer"},
    {"\xF0\x9F\x91\xAE\xF0\x9F\x8F\xBB\xE2\x80\x8D\xE2\x99\x80\xEF\xB8\x8F",
     "woman police officer: light skin tone"},
    {"\xF0\x9F\x91\xAE\xF0\x9F\x8F\xBC\xE2\x80\x8D\xE2\x99\x80\xEF\xB8\x8F",
     "woman police officer: medium-light skin tone"},
    {"\xF0\x9F\x91\xAE\xF0\x9F\x8F\xBD\xE2\x80\x8D\xE2\x99\x80\xEF\xB8\x8F",
     "woman police officer: medium skin tone"},
    {"\xF0\x9F\x91\xAE\xF0\x9F\x8F\xBE\xE2\x80\x8D\xE2\x99\x80\xEF\xB8\x8F",
     "woman police officer: medium-dark skin tone"},
    {"\xF0\x9F\x91\xAE\xF0\x9F\x8F\xBF\xE2\x80\x8D\xE2\x99\x80\xEF\xB8\x8F",
     "woman police officer: dark skin tone"},
    {"\xF0\x9F\x95\xB5\xEF\xB8\x8F", "detective"},
    {"\xF0\x9F\x95\xB5\xF0\x9F\x8F\xBB", "detective: light skin tone"},
    {"\xF0\x9F\x95\xB5\xF0\x9F\x8F\xBC", "detective: medium-light skin tone"},
    {"\xF0\x9F\x95\xB5\xF0\x9F\x8F\xBD", "detective: medium skin tone"},
    {"\xF0\x9F\x95\xB5\xF0\x9F\x8F\xBE", "detective: medium-dark skin tone"},
    {"\xF0\x9F\x95\xB5\xF0\x9F\x8F\xBF", "detective: dark skin tone"},
    {"\xF0\x9F\x95\xB5\xEF\xB8\x8F\xE2\x80\x8D\xE2\x99\x82\xEF\xB8\x8F",
     "man detective"},
    {"\xF0\x9F\x95\xB5\xF0\x9F\x8F\xBB\xE2\x80\x8D\xE2\x99\x82\xEF\xB8\x8F",
     "man detective: light skin tone"},
    {"\xF0\x9F\x95\xB5\xF0\x9F\x8F\xBC\xE2\x80\x8D\xE2\x99\x82\xEF\xB8\x8F",
     "man detective: medium-light skin tone"},
    {"\xF0\x9F\x95\xB5\xF0\x9F\x8F\xBD\xE2\x80\x8D\xE2\x99\x82\xEF\xB8\x8F",
     "man detective: medium skin tone"},
    {"\xF0\x9F\x95\xB5\xF0\x9F\x8F\xBE\xE2\x80\x8D\xE2\x99\x82\xEF\xB8\x8F",
     "man detective: medium-dark skin tone"},
    {"\xF0\x9F\x95\xB5\xF0\x9F\x8F\xBF\xE2\x80\x8D\xE2\x99\x82\xEF\xB8\x8F",
     "man detective: dark skin tone"},
    {"\xF0\x9F\x95\xB5\xEF\xB8\x8F\xE2\x80\x8D\xE2\x99\x80\xEF\xB8\x8F",
     "woman detective"},
    {"\xF0\x9F\x95\xB5\xF0\x9F\x8F\xBB\xE2\x80\x8D\xE2\x99\x80\xEF\xB8\x8F",
     "woman detective: light skin tone"},
    {"\xF0\x9F\x95\xB5\xF0\x9F\x8F\xBC\xE2\x80\x8D\xE2\x99\x80\xEF\xB8\x8F",
     "woman detective: medium-light skin tone"},
    {"\xF0\x9F\x95\xB5\xF0\x9F\x8F\xBD\xE2\x80\x8D\xE2\x99\x80\xEF\xB8\x8F",
     "woman detective: medium skin tone"},
    {"\xF0\x9F\x95\xB5\xF0\x9F\x8F\xBE\xE2\x80\x8D\xE2\x99\x80\xEF\xB8\x8F",
     "woman detective: medium-dark skin tone"},
    {"\xF0\x9F\x95\xB5\xF0\x9F\x8F\xBF\xE2\x80\x8D\xE2\x99\x80\xEF\xB8\x8F",
     "woman detective: dark skin tone"},
    {"\xF0\x9F\x92\x82", "guard"},
    {"\xF0\x9F\x92\x82\xF0\x9F\x8F\xBB", "guard: light skin tone"},
    {"\xF0\x9F\x92\x82\xF0\x9F\x8F\xBC", "guard: medium-light skin tone"},
    {"\xF0\x9F\x92\x82\xF0\x9F\x8F\xBD", "guard: medium skin tone"},
    {"\xF0\x9F\x92\x82\xF0\x9F\x8F\xBE", "guard: medium-dark skin tone"},
    {"\xF0\x9F\x92\x82\xF0\x9F\x8F\xBF", "guard: dark skin tone"},
    {"\xF0\x9F\x92\x82\xE2\x80\x8D\xE2\x99\x82\xEF\xB8\x8F", "man guard"},
    {"\xF0\x9F\x92\x82\xF0\x9F\x8F\xBB\xE2\x80\x8D\xE2\x99\x82\xEF\xB8\x8F",
     "man guard: light skin tone"},
    {"\xF0\x9F\x92\x82\xF0\x9F\x8F\xBC\xE2\x80\x8D\xE2\x99\x82\xEF\xB8\x8F",
     "man guard: medium-light skin tone"},
    {"\xF0\x9F\x92\x82\xF0\x9F\x8F\xBD\xE2\x80\x8D\xE2\x99\x82\xEF\xB8\x8F",
     "man guard: medium skin tone"},
    {"\xF0\x9F\x92\x82\xF0\x9F\x8F\xBE\xE2\x80\x8D\xE2\x99\x82\xEF\xB8\x8F",
     "man guard: medium-dark skin tone"},
    {"\xF0\x9F\x92\x82\xF0\x9F\x8F\xBF\xE2\x80\x8D\xE2\x99\x82\xEF\xB8\x8F",
     "man guard: dark skin tone"},
    {"\xF0\x9F\x92\x82\xE2\x80\x8D\xE2\x99\x80\xEF\xB8\x8F", "woman guard"},
    {"\xF0\x9F\x92\x82\xF0\x9F\x8F\xBB\xE2\x80\x8D\xE2\x99\x80\xEF\xB8\x8F",
     "woman guard: light skin tone"},
    {"\xF0\x9F\x92\x82\xF0\x9F\x8F\xBC\xE2\x80\x8D\xE2\x99\x80\xEF\xB8\x8F",
     "woman guard: medium-light skin tone"},
    {"\xF0\x9F\x92\x82\xF0\x9F\x8F\xBD\xE2\x80\x8D\xE2\x99\x80\xEF\xB8\x8F",
     "woman guard: medium skin tone"},
    {"\xF0\x9F\x92\x82\xF0\x9F\x8F\xBE\xE2\x80\x8D\xE2\x99\x80\xEF\xB8\x8F",
     "woman guard: medium-dark skin tone"},
    {"\xF0\x9F\x92\x82\xF0\x9F\x8F\xBF\xE2\x80\x8D\xE2\x99\x80\xEF\xB8\x8F",
     "woman guard: dark skin tone"},
    {"\xF0\x9F\xA5\xB7", "ninja"},
    {"\xF0\x9F\xA5\xB7\xF0\x9F\x8F\xBB", "ninja: light skin tone"},
    {"\xF0\x9F\xA5\xB7\xF0\x9F\x8F\xBC", "ninja: medium-light skin tone"},
    {"\xF0\x9F\xA5\xB7\xF0\x9F\x8F\xBD", "ninja: medium skin tone"},
    {"\xF0\x9F\xA5\xB7\xF0\x9F\x8F\xBE", "ninja: medium-dark skin tone"},
    {"\xF0\x9F\xA5\xB7\xF0\x9F\x8F\xBF", "ninja: dark skin tone"},
    {"\xF0\x9F\x91\xB7", "construction worker"},
    {"\xF0\x9F\x91\xB7\xF0\x9F\x8F\xBB",
     "construction worker: light skin tone"},
    {"\xF0\x9F\x91\xB7\xF0\x9F\x8F\xBC",
     "construction worker: medium-light skin tone"},
    {"\xF0\x9F\x91\xB7\xF0\x9F\x8F\xBD",
     "construction worker: medium skin tone"},
    {"\xF0\x9F\x91\xB7\xF0\x9F\x8F\xBE",
     "construction worker: medium-dark skin tone"},
    {"\xF0\x9F\x91\xB7\xF0\x9F\x8F\xBF", "construction worker: dark skin tone"},
    {"\xF0\x9F\x91\xB7\xE2\x80\x8D\xE2\x99\x82\xEF\xB8\x8F",
     "man construction worker"},
    {"\xF0\x9F\x91\xB7\xF0\x9F\x8F\xBB\xE2\x80\x8D\xE2\x99\x82\xEF\xB8\x8F",
     "man construction worker: light skin tone"},
    {"\xF0\x9F\x91\xB7\xF0\x9F\x8F\xBC\xE2\x80\x8D\xE2\x99\x82\xEF\xB8\x8F",
     "man construction worker: medium-light skin tone"},
    {"\xF0\x9F\x91\xB7\xF0\x9F\x8F\xBD\xE2\x80\x8D\xE2\x99\x82\xEF\xB8\x8F",
     "man construction worker: medium skin tone"},
    {"\xF0\x9F\x91\xB7\xF0\x9F\x8F\xBE\xE2\x80\x8D\xE2\x99\x82\xEF\xB8\x8F",
     "man construction worker: medium-dark skin tone"},
    {"\xF0\x9F\x91\xB7\xF0\x9F\x8F\xBF\xE2\x80\x8D\xE2\x99\x82\xEF\xB8\x8F",
     "man construction worker: dark skin tone"},
    {"\xF0\x9F\x91\xB7\xE2\x80\x8D\xE2\x99\x80\xEF\xB8\x8F",
     "woman construction worker"},
    {"\xF0\x9F\x91\xB7\xF0\x9F\x8F\xBB\xE2\x80\x8D\xE2\x99\x80\xEF\xB8\x8F",
     "woman construction worker: light skin tone"},
    {"\xF0\x9F\x91\xB7\xF0\x9F\x8F\xBC\xE2\x80\x8D\xE2\x99\x80\xEF\xB8\x8F",
     "woman construction worker: medium-light skin tone"},
    {"\xF0\x9F\x91\xB7\xF0\x9F\x8F\xBD\xE2\x80\x8D\xE2\x99\x80\xEF\xB8\x8F",
     "woman construction worker: medium skin tone"},
    {"\xF0\x9F\x91\xB7\xF0\x9F\x8F\xBE\xE2\x80\x8D\xE2\x99\x80\xEF\xB8\x8F",
     "woman construction worker: medium-dark skin tone"},
    {"\xF0\x9F\x91\xB7\xF0\x9F\x8F\xBF\xE2\x80\x8D\xE2\x99\x80\xEF\xB8\x8F",
     "woman construction worker: dark skin tone"},
    {"\xF0\x9F\xAB\x85", "person with crown"},
    {"\xF0\x9F\xAB\x85\xF0\x9F\x8F\xBB", "person with crown: light skin tone"},
    {"\xF0\x9F\xAB\x85\xF0\x9F\x8F\xBC",
     "person with crown: medium-light skin tone"},
    {"\xF0\x9F\xAB\x85\xF0\x9F\x8F\xBD", "person with crown: medium skin tone"},
    {"\xF0\x9F\xAB\x85\xF0\x9F\x8F\xBE",
     "person with crown: medium-dark skin tone"},
    {"\xF0\x9F\xAB\x85\xF0\x9F\x8F\xBF", "person with crown: dark skin tone"},
    {"\xF0\x9F\xA4\xB4", "prince"},
    {"\xF0\x9F\xA4\xB4\xF0\x9F\x8F\xBB", "prince: light skin tone"},
    {"\xF0\x9F\xA4\xB4\xF0\x9F\x8F\xBC", "prince: medium-light skin tone"},
    {"\xF0\x9F\xA4\xB4\xF0\x9F\x8F\xBD", "prince: medium skin tone"},
    {"\xF0\x9F\xA4\xB4\xF0\x9F\x8F\xBE", "prince: medium-dark skin tone"},
    {"\xF0\x9F\xA4\xB4\xF0\x9F\x8F\xBF", "prince: dark skin tone"},
    {"\xF0\x9F\x91\xB8", "princess"},
    {"\xF0\x9F\x91\xB8\xF0\x9F\x8F\xBB", "princess: light skin tone"},
    {"\xF0\x9F\x91\xB8\xF0\x9F\x8F\xBC", "princess: medium-light skin tone"},
    {"\xF0\x9F\x91\xB8\xF0\x9F\x8F\xBD", "princess: medium skin tone"},
    {"\xF0\x9F\x91\xB8\xF0\x9F\x8F\xBE", "princess: medium-dark skin tone"},
    {"\xF0\x9F\x91\xB8\xF0\x9F\x8F\xBF", "princess: dark skin tone"},
    {"\xF0\x9F\x91\xB3", "person wearing turban"},
    {"\xF0\x9F\x91\xB3\xF0\x9F\x8F\xBB",
     "person wearing turban: light skin tone"},
    {"\xF0\x9F\x91\xB3\xF0\x9F\x8F\xBC",
     "person wearing turban: medium-light skin tone"},
    {"\xF0\x9F\x91\xB3\xF0\x9F\x8F\xBD",
     "person wearing turban: medium skin tone"},
    {"\xF0\x9F\x91\xB3\xF0\x9F\x8F\xBE",
     "person wearing turban: medium-dark skin tone"},
    {"\xF0\x9F\x91\xB3\xF0\x9F\x8F\xBF",
     "person wearing turban: dark skin tone"},
    {"\xF0\x9F\x91\xB3\xE2\x80\x8D\xE2\x99\x82\xEF\xB8\x8F",
     "man wearing turban"},
    {"\xF0\x9F\x91\xB3\xF0\x9F\x8F\xBB\xE2\x80\x8D\xE2\x99\x82\xEF\xB8\x8F",
     "man wearing turban: light skin tone"},
    {"\xF0\x9F\x91\xB3\xF0\x9F\x8F\xBC\xE2\x80\x8D\xE2\x99\x82\xEF\xB8\x8F",
     "man wearing turban: medium-light skin tone"},
    {"\xF0\x9F\x91\xB3\xF0\x9F\x8F\xBD\xE2\x80\x8D\xE2\x99\x82\xEF\xB8\x8F",
     "man wearing turban: medium skin tone"},
    {"\xF0\x9F\x91\xB3\xF0\x9F\x8F\xBE\xE2\x80\x8D\xE2\x99\x82\xEF\xB8\x8F",
     "man wearing turban: medium-dark skin tone"},
    {"\xF0\x9F\x91\xB3\xF0\x9F\x8F\xBF\xE2\x80\x8D\xE2\x99\x82\xEF\xB8\x8F",
     "man wearing turban: dark skin tone"},
    {"\xF0\x9F\x91\xB3\xE2\x80\x8D\xE2\x99\x80\xEF\xB8\x8F",
     "woman wearing turban"},
    {"\xF0\x9F\x91\xB3\xF0\x9F\x8F\xBB\xE2\x80\x8D\xE2\x99\x80\xEF\xB8\x8F",
     "woman wearing turban: light skin tone"},
    {"\xF0\x9F\x91\xB3\xF0\x9F\x8F\xBC\xE2\x80\x8D\xE2\x99\x80\xEF\xB8\x8F",
     "woman wearing turban: medium-light skin tone"},
    {"\xF0\x9F\x91\xB3\xF0\x9F\x8F\xBD\xE2\x80\x8D\xE2\x99\x80\xEF\xB8\x8F",
     "woman wearing turban: medium skin tone"},
    {"\xF0\x9F\x91\xB3\xF0\x9F\x8F\xBE\xE2\x80\x8D\xE2\x99\x80\xEF\xB8\x8F",
     "woman wearing turban: medium-dark skin tone"},
    {"\xF0\x9F\x91\xB3\xF0\x9F\x8F\xBF\xE2\x80\x8D\xE2\x99\x80\xEF\xB8\x8F",
     "woman wearing turban: dark skin tone"},
    {"\xF0\x9F\x91\xB2", "person with skullcap"},
    {"\xF0\x9F\x91\xB2\xF0\x9F\x8F\xBB",
     "person with skullcap: light skin tone"},
    {"\xF0\x9F\x91\xB2\xF0\x9F\x8F\xBC",
     "person with skullcap: medium-light skin tone"},
    {"\xF0\x9F\x91\xB2\xF0\x9F\x8F\xBD",
     "person with skullcap: medium skin tone"},
    {"\xF0\x9F\x91\xB2\xF0\x9F\x8F\xBE",
     "person with skullcap: medium-dark skin tone"},
    {"\xF0\x9F\x91\xB2\xF0\x9F\x8F\xBF",
     "person with skullcap: dark skin tone"},
    {"\xF0\x9F\xA7\x95", "woman with headscarf"},
    {"\xF0\x9F\xA7\x95\xF0\x9F\x8F\xBB",
     "woman with headscarf: light skin tone"},
    {"\xF0\x9F\xA7\x95\xF0\x9F\x8F\xBC",
     "woman with headscarf: medium-light skin tone"},
    {"\xF0\x9F\xA7\x95\xF0\x9F\x8F\xBD",
     "woman with headscarf: medium skin tone"},
    {"\xF0\x9F\xA7\x95\xF0\x9F\x8F\xBE",
     "woman with headscarf: medium-dark skin tone"},
    {"\xF0\x9F\xA7\x95\xF0\x9F\x8F\xBF",
     "woman with headscarf: dark skin tone"},
    {"\xF0\x9F\xA4\xB5", "person in tuxedo"},
    {"\xF0\x9F\xA4\xB5\xF0\x9F\x8F\xBB", "person in tuxedo: light skin tone"},
    {"\xF0\x9F\xA4\xB5\xF0\x9F\x8F\xBC",
     "person in tuxedo: medium-light skin tone"},
    {"\xF0\x9F\xA4\xB5\xF0\x9F\x8F\xBD", "person in tuxedo: medium skin tone"},
    {"\xF0\x9F\xA4\xB5\xF0\x9F\x8F\xBE",
     "person in tuxedo: medium-dark skin tone"},
    {"\xF0\x9F\xA4\xB5\xF0\x9F\x8F\xBF", "person in tuxedo: dark skin tone"},
    {"\xF0\x9F\xA4\xB5\xE2\x80\x8D\xE2\x99\x82\xEF\xB8\x8F", "man in tuxedo"},
    {"\xF0\x9F\xA4\xB5\xF0\x9F\x8F\xBB\xE2\x80\x8D\xE2\x99\x82\xEF\xB8\x8F",
     "man in tuxedo: light skin tone"},
    {"\xF0\x9F\xA4\xB5\xF0\x9F\x8F\xBC\xE2\x80\x8D\xE2\x99\x82\xEF\xB8\x8F",
     "man in tuxedo: medium-light skin tone"},
    {"\xF0\x9F\xA4\xB5\xF0\x9F\x8F\xBD\xE2\x80\x8D\xE2\x99\x82\xEF\xB8\x8F",
     "man in tuxedo: medium skin tone"},
    {"\xF0\x9F\xA4\xB5\xF0\x9F\x8F\xBE\xE2\x80\x8D\xE2\x99\x82\xEF\xB8\x8F",
     "man in tuxedo: medium-dark skin tone"},
    {"\xF0\x9F\xA4\xB5\xF0\x9F\x8F\xBF\xE2\x80\x8D\xE2\x99\x82\xEF\xB8\x8F",
     "man in tuxedo: dark skin tone"},
    {"\xF0\x9F\xA4\xB5\xE2\x80\x8D\xE2\x99\x80\xEF\xB8\x8F", "woman in tuxedo"},
    {"\xF0\x9F\xA4\xB5\xF0\x9F\x8F\xBB\xE2\x80\x8D\xE2\x99\x80\xEF\xB8\x8F",
     "woman in tuxedo: light skin tone"},
    {"\xF0\x9F\xA4\xB5\xF0\x9F\x8F\xBC\xE2\x80\x8D\xE2\x99\x80\xEF\xB8\x8F",
     "woman in tuxedo: medium-light skin tone"},
    {"\xF0\x9F\xA4\xB5\xF0\x9F\x8F\xBD\xE2\x80\x8D\xE2\x99\x80\xEF\xB8\x8F",
     "woman in tuxedo: medium skin tone"},
    {"\xF0\x9F\xA4\xB5\xF0\x9F\x8F\xBE\xE2\x80\x8D\xE2\x99\x80\xEF\xB8\x8F",
     "woman in tuxedo: medium-dark skin tone"},
    {"\xF0\x9F\xA4\xB5\xF0\x9F\x8F\xBF\xE2\x80\x8D\xE2\x99\x80\xEF\xB8\x8F",
     "woman in tuxedo: dark skin tone"},
    {"\xF0\x9F\x91\xB0", "person with veil"},
    {"\xF0\x9F\x91\xB0\xF0\x9F\x8F\xBB", "person with veil: light skin tone"},
    {"\xF0\x9F\x91\xB0\xF0\x9F\x8F\xBC",
     "person with veil: medium-light skin tone"},
    {"\xF0\x9F\x91\xB0\xF0\x9F\x8F\xBD", "person with veil: medium skin tone"},
    {"\xF0\x9F\x91\xB0\xF0\x9F\x8F\xBE",
     "person with veil: medium-dark skin tone"},
    {"\xF0\x9F\x91\xB0\xF0\x9F\x8F\xBF", "person with veil: dark skin tone"},
    {"\xF0\x9F\x91\xB0\xE2\x80\x8D\xE2\x99\x82\xEF\xB8\x8F", "man with veil"},
    {"\xF0\x9F\x91\xB0\xF0\x9F\x8F\xBB\xE2\x80\x8D\xE2\x99\x82\xEF\xB8\x8F",
     "man with veil: light skin tone"},
    {"\xF0\x9F\x91\xB0\xF0\x9F\x8F\xBC\xE2\x80\x8D\xE2\x99\x82\xEF\xB8\x8F",
     "man with veil: medium-light skin tone"},
    {"\xF0\x9F\x91\xB0\xF0\x9F\x8F\xBD\xE2\x80\x8D\xE2\x99\x82\xEF\xB8\x8F",
     "man with veil: medium skin tone"},
    {"\xF0\x9F\x91\xB0\xF0\x9F\x8F\xBE\xE2\x80\x8D\xE2\x99\x82\xEF\xB8\x8F",
     "man with veil: medium-dark skin tone"},
    {"\xF0\x9F\x91\xB0\xF0\x9F\x8F\xBF\xE2\x80\x8D\xE2\x99\x82\xEF\xB8\x8F",
     "man with veil: dark skin tone"},
    {"\xF0\x9F\x91\xB0\xE2\x80\x8D\xE2\x99\x80\xEF\xB8\x8F", "woman with veil"},
    {"\xF0\x9F\x91\xB0\xF0\x9F\x8F\xBB\xE2\x80\x8D\xE2\x99\x80\xEF\xB8\x8F",
     "woman with veil: light skin tone"},
    {"\xF0\x9F\x91\xB0\xF0\x9F\x8F\xBC\xE2\x80\x8D\xE2\x99\x80\xEF\xB8\x8F",
     "woman with veil: medium-light skin tone"},
    {"\xF0\x9F\x91\xB0\xF0\x9F\x8F\xBD\xE2\x80\x8D\xE2\x99\x80\xEF\xB8\x8F",
     "woman with veil: medium skin tone"},
    {"\xF0\x9F\x91\xB0\xF0\x9F\x8F\xBE\xE2\x80\x8D\xE2\x99\x80\xEF\xB8\x8F",
     "woman with veil: medium-dark skin tone"},
    {"\xF0\x9F\x91\xB0\xF0\x9F\x8F\xBF\xE2\x80\x8D\xE2\x99\x80\xEF\xB8\x8F",
     "woman with veil: dark skin tone"},
    {"\xF0\x9F\xA4\xB0", "pregnant woman"},
    {"\xF0\x9F\xA4\xB0\xF0\x9F\x8F\xBB", "pregnant woman: light skin tone"},
    {"\xF0\x9F\xA4\xB0\xF0\x9F\x8F\xBC",
     "pregnant woman: medium-light skin tone"},
    {"\xF0\x9F\xA4\xB0\xF0\x9F\x8F\xBD", "pregnant woman: medium skin tone"},
    {"\xF0\x9F\xA4\xB0\xF0\x9F\x8F\xBE",
     "pregnant woman: medium-dark skin tone"},
    {"\xF0\x9F\xA4\xB0\xF0\x9F\x8F\xBF", "pregnant woman: dark skin tone"},
    {"\xF0\x9F\xAB\x83", "pregnant man"},
    {"\xF0\x9F\xAB\x83\xF0\x9F\x8F\xBB", "pregnant man: light skin tone"},
    {"\xF0\x9F\xAB\x83\xF0\x9F\x8F\xBC",
     "pregnant man: medium-light skin tone"},
    {"\xF0\x9F\xAB\x83\xF0\x9F\x8F\xBD", "pregnant man: medium skin tone"},
    {"\xF0\x9F\xAB\x83\xF0\x9F\x8F\xBE", "pregnant man: medium-dark skin tone"},
    {"\xF0\x9F\xAB\x83\xF0\x9F\x8F\xBF", "pregnant man: dark skin tone"},
    {"\xF0\x9F\xAB\x84", "pregnant person"},
    {"\xF0\x9F\xAB\x84\xF0\x9F\x8F\xBB", "pregnant person: light skin tone"},
    {"\xF0\x9F\xAB\x84\xF0\x9F\x8F\xBC",
     "pregnant person: medium-light skin tone"},
    {"\xF0\x9F\xAB\x84\xF0\x9F\x8F\xBD", "pregnant person: medium skin tone"},
    {"\xF0\x9F\xAB\x84\xF0\x9F\x8F\xBE",
     "pregnant person: medium-dark skin tone"},
    {"\xF0\x9F\xAB\x84\xF0\x9F\x8F\xBF", "pregnant person: dark skin tone"},
    {"\xF0\x9F\xA4\xB1", "breast-feeding"},
    {"\xF0\x9F\xA4\xB1\xF0\x9F\x8F\xBB", "breast-feeding: light skin tone"},
    {"\xF0\x9F\xA4\xB1\xF0\x9F\x8F\xBC",
     "breast-feeding: medium-light skin tone"},
    {"\xF0\x9F\xA4\xB1\xF0\x9F\x8F\xBD", "breast-feeding: medium skin tone"},
    {"\xF0\x9F\xA4\xB1\xF0\x9F\x8F\xBE",
     "breast-feeding: medium-dark skin tone"},
    {"\xF0\x9F\xA4\xB1\xF0\x9F\x8F\xBF", "breast-feeding: dark skin tone"},
    {"\xF0\x9F\x91\xA9\xE2\x80\x8D\xF0\x9F\x8D\xBC", "woman feeding baby"},
    {"\xF0\x9F\x91\xA9\xF0\x9F\x8F\xBB\xE2\x80\x8D\xF0\x9F\x8D\xBC",
     "woman feeding baby: light skin tone"},
    {"\xF0\x9F\x91\xA9\xF0\x9F\x8F\xBC\xE2\x80\x8D\xF0\x9F\x8D\xBC",
     "woman feeding baby: medium-light skin tone"},
    {"\xF0\x9F\x91\xA9\xF0\x9F\x8F\xBD\xE2\x80\x8D\xF0\x9F\x8D\xBC",
     "woman feeding baby: medium skin tone"},
    {"\xF0\x9F\x91\xA9\xF0\x9F\x8F\xBE\xE2\x80\x8D\xF0\x9F\x8D\xBC",
     "woman feeding baby: medium-dark skin tone"},
    {"\xF0\x9F\x91\xA9\xF0\x9F\x8F\xBF\xE2\x80\x8D\xF0\x9F\x8D\xBC",
     "woman feeding baby: dark skin tone"},
    {"\xF0\x9F\x91\xA8\xE2\x80\x8D\xF0\x9F\x8D\xBC", "man feeding baby"},
    {"\xF0\x9F\x91\xA8\xF0\x9F\x8F\xBB\xE2\x80\x8D\xF0\x9F\x8D\xBC",
     "man feeding baby: light skin tone"},
    {"\xF0\x9F\x91\xA8\xF0\x9F\x8F\xBC\xE2\x80\x8D\xF0\x9F\x8D\xBC",
     "man feeding baby: medium-light skin tone"},
    {"\xF0\x9F\x91\xA8\xF0\x9F\x8F\xBD\xE2\x80\x8D\xF0\x9F\x8D\xBC",
     "man feeding baby: medium skin tone"},
    {"\xF0\x9F\x91\xA8\xF0\x9F\x8F\xBE\xE2\x80\x8D\xF0\x9F\x8D\xBC",
     "man feeding baby: medium-dark skin tone"},
    {"\xF0\x9F\x91\xA8\xF0\x9F\x8F\xBF\xE2\x80\x8D\xF0\x9F\x8D\xBC",
     "man feeding baby: dark skin tone"},
    {"\xF0\x9F\xA7\x91\xE2\x80\x8D\xF0\x9F\x8D\xBC", "person feeding baby"},
    {"\xF0\x9F\xA7\x91\xF0\x9F\x8F\xBB\xE2\x80\x8D\xF0\x9F\x8D\xBC",
     "person feeding baby: light skin tone"},
    {"\xF0\x9F\xA7\x91\xF0\x9F\x8F\xBC\xE2\x80\x8D\xF0\x9F\x8D\xBC",
     "person feeding baby: medium-light skin tone"},
    {"\xF0\x9F\xA7\x91\xF0\x9F\x8F\xBD\xE2\x80\x8D\xF0\x9F\x8D\xBC",
     "person feeding baby: medium skin tone"},
    {"\xF0\x9F\xA7\x91\xF0\x9F\x8F\xBE\xE2\x80\x8D\xF0\x9F\x8D\xBC",
     "person feeding baby: medium-dark skin tone"},
    {"\xF0\x9F\xA7\x91\xF0\x9F\x8F\xBF\xE2\x80\x8D\xF0\x9F\x8D\xBC",
     "person feeding baby: dark skin tone"},
    {"\xF0\x9F\x91\xBC", "baby angel"},
    {"\xF0\x9F\x91\xBC\xF0\x9F\x8F\xBB", "baby angel: light skin tone"},
    {"\xF0\x9F\x91\xBC\xF0\x9F\x8F\xBC", "baby angel: medium-light skin tone"},
    {"\xF0\x9F\x91\xBC\xF0\x9F\x8F\xBD", "baby angel: medium skin tone"},
    {"\xF0\x9F\x91\xBC\xF0\x9F\x8F\xBE", "baby angel: medium-dark skin tone"},
    {"\xF0\x9F\x91\xBC\xF0\x9F\x8F\xBF", "baby angel: dark skin tone"},
    {"\xF0\x9F\x8E\x85", "Santa Claus"},
    {"\xF0\x9F\x8E\x85\xF0\x9F\x8F\xBB", "Santa Claus: light skin tone"},
    {"\xF0\x9F\x8E\x85\xF0\x9F\x8F\xBC", "Santa Claus: medium-light skin tone"},
    {"\xF0\x9F\x8E\x85\xF0\x9F\x8F\xBD", "Santa Claus: medium skin tone"},
    {"\xF0\x9F\x8E\x85\xF0\x9F\x8F\xBE", "Santa Claus: medium-dark skin tone"},
    {"\xF0\x9F\x8E\x85\xF0\x9F\x8F\xBF", "Santa Claus: dark skin tone"},
    {"\xF0\x9F\xA4\xB6", "Mrs. Claus"},
    {"\xF0\x9F\xA4\xB6\xF0\x9F\x8F\xBB", "Mrs. Claus: light skin tone"},
    {"\xF0\x9F\xA4\xB6\xF0\x9F\x8F\xBC", "Mrs. Claus: medium-light skin tone"},
    {"\xF0\x9F\xA4\xB6\xF0\x9F\x8F\xBD", "Mrs. Claus: medium skin tone"},
    {"\xF0\x9F\xA4\xB6\xF0\x9F\x8F\xBE", "Mrs. Claus: medium-dark skin tone"},
    {"\xF0\x9F\xA4\xB6\xF0\x9F\x8F\xBF", "Mrs. Claus: dark skin tone"},
    {"\xF0\x9F\xA7\x91\xE2\x80\x8D\xF0\x9F\x8E\x84", "mx claus"},
    {"\xF0\x9F\xA7\x91\xF0\x9F\x8F\xBB\xE2\x80\x8D\xF0\x9F\x8E\x84",
     "mx claus: light skin tone"},
    {"\xF0\x9F\xA7\x91\xF0\x9F\x8F\xBC\xE2\x80\x8D\xF0\x9F\x8E\x84",
     "mx claus: medium-light skin tone"},
    {"\xF0\x9F\xA7\x91\xF0\x9F\x8F\xBD\xE2\x80\x8D\xF0\x9F\x8E\x84",
     "mx claus: medium skin tone"},
    {"\xF0\x9F\xA7\x91\xF0\x9F\x8F\xBE\xE2\x80\x8D\xF0\x9F\x8E\x84",
     "mx claus: medium-dark skin tone"},
    {"\xF0\x9F\xA7\x91\xF0\x9F\x8F\xBF\xE2\x80\x8D\xF0\x9F\x8E\x84",
     "mx claus: dark skin tone"},
    {"\xF0\x9F\xA6\xB8", "superhero"},
    {"\xF0\x9F\xA6\xB8\xF0\x9F\x8F\xBB", "superhero: light skin tone"},
    {"\xF0\x9F\xA6\xB8\xF0\x9F\x8F\xBC", "superhero: medium-light skin tone"},
    {"\xF0\x9F\xA6\xB8\xF0\x9F\x8F\xBD", "superhero: medium skin tone"},
    {"\xF0\x9F\xA6\xB8\xF0\x9F\x8F\xBE", "superhero: medium-dark skin tone"},
    {"\xF0\x9F\xA6\xB8\xF0\x9F\x8F\xBF", "superhero: dark skin tone"},
    {"\xF0\x9F\xA6\xB8\xE2\x80\x8D\xE2\x99\x82\xEF\xB8\x8F", "man superhero"},
    {"\xF0\x9F\xA6\xB8\xF0\x9F\x8F\xBB\xE2\x80\x8D\xE2\x99\x82\xEF\xB8\x8F",
     "man superhero: light skin tone"},
    {"\xF0\x9F\xA6\xB8\xF0\x9F\x8F\xBC\xE2\x80\x8D\xE2\x99\x82\xEF\xB8\x8F",
     "man superhero: medium-light skin tone"},
    {"\xF0\x9F\xA6\xB8\xF0\x9F\x8F\xBD\xE2\x80\x8D\xE2\x99\x82\xEF\xB8\x8F",
     "man superhero: medium skin tone"},
    {"\xF0\x9F\xA6\xB8\xF0\x9F\x8F\xBE\xE2\x80\x8D\xE2\x99\x82\xEF\xB8\x8F",
     "man superhero: medium-dark skin tone"},
    {"\xF0\x9F\xA6\xB8\xF0\x9F\x8F\xBF\xE2\x80\x8D\xE2\x99\x82\xEF\xB8\x8F",
     "man superhero: dark skin tone"},
    {"\xF0\x9F\xA6\xB8\xE2\x80\x8D\xE2\x99\x80\xEF\xB8\x8F", "woman superhero"},
    {"\xF0\x9F\xA6\xB8\xF0\x9F\x8F\xBB\xE2\x80\x8D\xE2\x99\x80\xEF\xB8\x8F",
     "woman superhero: light skin tone"},
    {"\xF0\x9F\xA6\xB8\xF0\x9F\x8F\xBC\xE2\x80\x8D\xE2\x99\x80\xEF\xB8\x8F",
     "woman superhero: medium-light skin tone"},
    {"\xF0\x9F\xA6\xB8\xF0\x9F\x8F\xBD\xE2\x80\x8D\xE2\x99\x80\xEF\xB8\x8F",
     "woman superhero: medium skin tone"},
    {"\xF0\x9F\xA6\xB8\xF0\x9F\x8F\xBE\xE2\x80\x8D\xE2\x99\x80\xEF\xB8\x8F",
     "woman superhero: medium-dark skin tone"},
    {"\xF0\x9F\xA6\xB8\xF0\x9F\x8F\xBF\xE2\x80\x8D\xE2\x99\x80\xEF\xB8\x8F",
     "woman superhero: dark skin tone"},
    {"\xF0\x9F\xA6\xB9", "supervillain"},
    {"\xF0\x9F\xA6\xB9\xF0\x9F\x8F\xBB", "supervillain: light skin tone"},
    {"\xF0\x9F\xA6\xB9\xF0\x9F\x8F\xBC",
     "supervillain: medium-light skin tone"},
    {"\xF0\x9F\xA6\xB9\xF0\x9F\x8F\xBD", "supervillain: medium skin tone"},
    {"\xF0\x9F\xA6\xB9\xF0\x9F\x8F\xBE", "supervillain: medium-dark skin tone"},
    {"\xF0\x9F\xA6\xB9\xF0\x9F\x8F\xBF", "supervillain: dark skin tone"},
    {"\xF0\x9F\xA6\xB9\xE2\x80\x8D\xE2\x99\x82\xEF\xB8\x8F",
     "man supervillain"},
    {"\xF0\x9F\xA6\xB9\xF0\x9F\x8F\xBB\xE2\x80\x8D\xE2\x99\x82\xEF\xB8\x8F",
     "man supervillain: light skin tone"},
    {"\xF0\x9F\xA6\xB9\xF0\x9F\x8F\xBC\xE2\x80\x8D\xE2\x99\x82\xEF\xB8\x8F",
     "man supervillain: medium-light skin tone"},
    {"\xF0\x9F\xA6\xB9\xF0\x9F\x8F\xBD\xE2\x80\x8D\xE2\x99\x82\xEF\xB8\x8F",
     "man supervillain: medium skin tone"},
    {"\xF0\x9F\xA6\xB9\xF0\x9F\x8F\xBE\xE2\x80\x8D\xE2\x99\x82\xEF\xB8\x8F",
     "man supervillain: medium-dark skin tone"},
    {"\xF0\x9F\xA6\xB9\xF0\x9F\x8F\xBF\xE2\x80\x8D\xE2\x99\x82\xEF\xB8\x8F",
     "man supervillain: dark skin tone"},
    {"\xF0\x9F\xA6\xB9\xE2\x80\x8D\xE2\x99\x80\xEF\xB8\x8F",
     "woman supervillain"},
    {"\xF0\x9F\xA6\xB9\xF0\x9F\x8F\xBB\xE2\x80\x8D\xE2\x99\x80\xEF\xB8\x8F",
     "woman supervillain: light skin tone"},
    {"\xF0\x9F\xA6\xB9\xF0\x9F\x8F\xBC\xE2\x80\x8D\xE2\x99\x80\xEF\xB8\x8F",
     "woman supervillain: medium-light skin tone"},
    {"\xF0\x9F\xA6\xB9\xF0\x9F\x8F\xBD\xE2\x80\x8D\xE2\x99\x80\xEF\xB8\x8F",
     "woman supervillain: medium skin tone"},
    {"\xF0\x9F\xA6\xB9\xF0\x9F\x8F\xBE\xE2\x80\x8D\xE2\x99\x80\xEF\xB8\x8F",
     "woman supervillain: medium-dark skin tone"},
    {"\xF0\x9F\xA6\xB9\xF0\x9F\x8F\xBF\xE2\x80\x8D\xE2\x99\x80\xEF\xB8\x8F",
     "woman supervillain: dark skin tone"},
    {"\xF0\x9F\xA7\x99", "mage"},
    {"\xF0\x9F\xA7\x99\xF0\x9F\x8F\xBB", "mage: light skin tone"},
    {"\xF0\x9F\xA7\x99\xF0\x9F\x8F\xBC", "mage: medium-light skin tone"},
    {"\xF0\x9F\xA7\x99\xF0\x9F\x8F\xBD", "mage: medium skin tone"},
    {"\xF0\x9F\xA7\x99\xF0\x9F\x8F\xBE", "mage: medium-dark skin tone"},
    {"\xF0\x9F\xA7\x99\xF0\x9F\x8F\xBF", "mage: dark skin tone"},
    {"\xF0\x9F\xA7\x99\xE2\x80\x8D\xE2\x99\x82\xEF\xB8\x8F", "man mage"},
    {"\xF0\x9F\xA7\x99\xF0\x9F\x8F\xBB\xE2\x80\x8D\xE2\x99\x82\xEF\xB8\x8F",
     "man mage: light skin tone"},
    {"\xF0\x9F\xA7\x99\xF0\x9F\x8F\xBC\xE2\x80\x8D\xE2\x99\x82\xEF\xB8\x8F",
     "man mage: medium-light skin tone"},
    {"\xF0\x9F\xA7\x99\xF0\x9F\x8F\xBD\xE2\x80\x8D\xE2\x99\x82\xEF\xB8\x8F",
     "man mage: medium skin tone"},
    {"\xF0\x9F\xA7\x99\xF0\x9F\x8F\xBE\xE2\x80\x8D\xE2\x99\x82\xEF\xB8\x8F",
     "man mage: medium-dark skin tone"},
    {"\xF0\x9F\xA7\x99\xF0\x9F\x8F\xBF\xE2\x80\x8D\xE2\x99\x82\xEF\xB8\x8F",
     "man mage: dark skin tone"},
    {"\xF0\x9F\xA7\x99\xE2\x80\x8D\xE2\x99\x80\xEF\xB8\x8F", "woman mage"},
    {"\xF0\x9F\xA7\x99\xF0\x9F\x8F\xBB\xE2\x80\x8D\xE2\x99\x80\xEF\xB8\x8F",
     "woman mage: light skin tone"},
    {"\xF0\x9F\xA7\x99\xF0\x9F\x8F\xBC\xE2\x80\x8D\xE2\x99\x80\xEF\xB8\x8F",
     "woman mage: medium-light skin tone"},
    {"\xF0\x9F\xA7\x99\xF0\x9F\x8F\xBD\xE2\x80\x8D\xE2\x99\x80\xEF\xB8\x8F",
     "woman mage: medium skin tone"},
    {"\xF0\x9F\xA7\x99\xF0\x9F\x8F\xBE\xE2\x80\x8D\xE2\x99\x80\xEF\xB8\x8F",
     "woman mage: medium-dark skin tone"},
    {"\xF0\x9F\xA7\x99\xF0\x9F\x8F\xBF\xE2\x80\x8D\xE2\x99\x80\xEF\xB8\x8F",
     "woman mage: dark skin tone"},
    {"\xF0\x9F\xA7\x9A", "fairy"},
    {"\xF0\x9F\xA7\x9A\xF0\x9F\x8F\xBB", "fairy: light skin tone"},
    {"\xF0\x9F\xA7\x9A\xF0\x9F\x8F\xBC", "fairy: medium-light skin tone"},
    {"\xF0\x9F\xA7\x9A\xF0\x9F\x8F\xBD", "fairy: medium skin tone"},
    {"\xF0\x9F\xA7\x9A\xF0\x9F\x8F\xBE", "fairy: medium-dark skin tone"},
    {"\xF0\x9F\xA7\x9A\xF0\x9F\x8F\xBF", "fairy: dark skin tone"},
    {"\xF0\x9F\xA7\x9A\xE2\x80\x8D\xE2\x99\x82\xEF\xB8\x8F", "man fairy"},
    {"\xF0\x9F\xA7\x9A\xF0\x9F\x8F\xBB\xE2\x80\x8D\xE2\x99\x82\xEF\xB8\x8F",
     "man fairy: light skin tone"},
    {"\xF0\x9F\xA7\x9A\xF0\x9F\x8F\xBC\xE2\x80\x8D\xE2\x99\x82\xEF\xB8\x8F",
     "man fairy: medium-light skin tone"},
    {"\xF0\x9F\xA7\x9A\xF0\x9F\x8F\xBD\xE2\x80\x8D\xE2\x99\x82\xEF\xB8\x8F",
     "man fairy: medium skin tone"},
    {"\xF0\x9F\xA7\x9A\xF0\x9F\x8F\xBE\xE2\x80\x8D\xE2\x99\x82\xEF\xB8\x8F",
     "man fairy: medium-dark skin tone"},
    {"\xF0\x9F\xA7\x9A\xF0\x9F\x8F\xBF\xE2\x80\x8D\xE2\x99\x82\xEF\xB8\x8F",
     "man fairy: dark skin tone"},
    {"\xF0\x9F\xA7\x9A\xE2\x80\x8D\xE2\x99\x80\xEF\xB8\x8F", "woman fairy"},
    {"\xF0\x9F\xA7\x9A\xF0\x9F\x8F\xBB\xE2\x80\x8D\xE2\x99\x80\xEF\xB8\x8F",
     "woman fairy: light skin tone"},
    {"\xF0\x9F\xA7\x9A\xF0\x9F\x8F\xBC\xE2\x80\x8D\xE2\x99\x80\xEF\xB8\x8F",
     "woman fairy: medium-light skin tone"},
    {"\xF0\x9F\xA7\x9A\xF0\x9F\x8F\xBD\xE2\x80\x8D\xE2\x99\x80\xEF\xB8\x8F",
     "woman fairy: medium skin tone"},
    {"\xF0\x9F\xA7\x9A\xF0\x9F\x8F\xBE\xE2\x80\x8D\xE2\x99\x80\xEF\xB8\x8F",
     "woman fairy: medium-dark skin tone"},
    {"\xF0\x9F\xA7\x9A\xF0\x9F\x8F\xBF\xE2\x80\x8D\xE2\x99\x80\xEF\xB8\x8F",
     "woman fairy: dark skin tone"},
    {"\xF0\x9F\xA7\x9B", "vampire"},
    {"\xF0\x9F\xA7\x9B\xF0\x9F\x8F\xBB", "vampire: light skin tone"},
    {"\xF0\x9F\xA7\x9B\xF0\x9F\x8F\xBC", "vampire: medium-light skin tone"},
    {"\xF0\x9F\xA7\x9B\xF0\x9F\x8F\xBD", "vampire: medium skin tone"},
    {"\xF0\x9F\xA7\x9B\xF0\x9F\x8F\xBE", "vampire: medium-dark skin tone"},
    {"\xF0\x9F\xA7\x9B\xF0\x9F\x8F\xBF", "vampire: dark skin tone"},
    {"\xF0\x9F\xA7\x9B\xE2\x80\x8D\xE2\x99\x82\xEF\xB8\x8F", "man vampire"},
    {"\xF0\x9F\xA7\x9B\xF0\x9F\x8F\xBB\xE2\x80\x8D\xE2\x99\x82\xEF\xB8\x8F",
     "man vampire: light skin tone"},
    {"\xF0\x9F\xA7\x9B\xF0\x9F\x8F\xBC\xE2\x80\x8D\xE2\x99\x82\xEF\xB8\x8F",
     "man vampire: medium-light skin tone"},
    {"\xF0\x9F\xA7\x9B\xF0\x9F\x8F\xBD\xE2\x80\x8D\xE2\x99\x82\xEF\xB8\x8F",
     "man vampire: medium skin tone"},
    {"\xF0\x9F\xA7\x9B\xF0\x9F\x8F\xBE\xE2\x80\x8D\xE2\x99\x82\xEF\xB8\x8F",
     "man vampire: medium-dark skin tone"},
    {"\xF0\x9F\xA7\x9B\xF0\x9F\x8F\xBF\xE2\x80\x8D\xE2\x99\x82\xEF\xB8\x8F",
     "man vampire: dark skin tone"},
    {"\xF0\x9F\xA7\x9B\xE2\x80\x8D\xE2\x99\x80\xEF\xB8\x8F", "woman vampire"},
    {"\xF0\x9F\xA7\x9B\xF0\x9F\x8F\xBB\xE2\x80\x8D\xE2\x99\x80\xEF\xB8\x8F",
     "woman vampire: light skin tone"},
    {"\xF0\x9F\xA7\x9B\xF0\x9F\x8F\xBC\xE2\x80\x8D\xE2\x99\x80\xEF\xB8\x8F",
     "woman vampire: medium-light skin tone"},
    {"\xF0\x9F\xA7\x9B\xF0\x9F\x8F\xBD\xE2\x80\x8D\xE2\x99\x80\xEF\xB8\x8F",
     "woman vampire: medium skin tone"},
    {"\xF0\x9F\xA7\x9B\xF0\x9F\x8F\xBE\xE2\x80\x8D\xE2\x99\x80\xEF\xB8\x8F",
     "woman vampire: medium-dark skin tone"},
    {"\xF0\x9F\xA7\x9B\xF0\x9F\x8F\xBF\xE2\x80\x8D\xE2\x99\x80\xEF\xB8\x8F",
     "woman vampire: dark skin tone"},
    {"\xF0\x9F\xA7\x9C", "merperson"},
    {"\xF0\x9F\xA7\x9C\xF0\x9F\x8F\xBB", "merperson: light skin tone"},
    {"\xF0\x9F\xA7\x9C\xF0\x9F\x8F\xBC", "merperson: medium-light skin tone"},
    {"\xF0\x9F\xA7\x9C\xF0\x9F\x8F\xBD", "merperson: medium skin tone"},
    {"\xF0\x9F\xA7\x9C\xF0\x9F\x8F\xBE", "merperson: medium-dark skin tone"},
    {"\xF0\x9F\xA7\x9C\xF0\x9F\x8F\xBF", "merperson: dark skin tone"},
    {"\xF0\x9F\xA7\x9C\xE2\x80\x8D\xE2\x99\x82\xEF\xB8\x8F", "merman"},
    {"\xF0\x9F\xA7\x9C\xF0\x9F\x8F\xBB\xE2\x80\x8D\xE2\x99\x82\xEF\xB8\x8F",
     "merman: light skin tone"},
    {"\xF0\x9F\xA7\x9C\xF0\x9F\x8F\xBC\xE2\x80\x8D\xE2\x99\x82\xEF\xB8\x8F",
     "merman: medium-light skin tone"},
    {"\xF0\x9F\xA7\x9C\xF0\x9F\x8F\xBD\xE2\x80\x8D\xE2\x99\x82\xEF\xB8\x8F",
     "merman: medium skin tone"},
    {"\xF0\x9F\xA7\x9C\xF0\x9F\x8F\xBE\xE2\x80\x8D\xE2\x99\x82\xEF\xB8\x8F",
     "merman: medium-dark skin tone"},
    {"\xF0\x9F\xA7\x9C\xF0\x9F\x8F\xBF\xE2\x80\x8D\xE2\x99\x82\xEF\xB8\x8F",
     "merman: dark skin tone"},
    {"\xF0\x9F\xA7\x9C\xE2\x80\x8D\xE2\x99\x80\xEF\xB8\x8F", "mermaid"},
    {"\xF0\x9F\xA7\x9C\xF0\x9F\x8F\xBB\xE2\x80\x8D\xE2\x99\x80\xEF\xB8\x8F",
     "mermaid: light skin tone"},
    {"\xF0\x9F\xA7\x9C\xF0\x9F\x8F\xBC\xE2\x80\x8D\xE2\x99\x80\xEF\xB8\x8F",
     "mermaid: medium-light skin tone"},
    {"\xF0\x9F\xA7\x9C\xF0\x9F\x8F\xBD\xE2\x80\x8D\xE2\x99\x80\xEF\xB8\x8F",
     "mermaid: medium skin tone"},
    {"\xF0\x9F\xA7\x9C\xF0\x9F\x8F\xBE\xE2\x80\x8D\xE2\x99\x80\xEF\xB8\x8F",
     "mermaid: medium-dark skin tone"},
    {"\xF0\x9F\xA7\x9C\xF0\x9F\x8F\xBF\xE2\x80\x8D\xE2\x99\x80\xEF\xB8\x8F",
     "mermaid: dark skin tone"},
    {"\xF0\x9F\xA7\x9D", "elf"},
    {"\xF0\x9F\xA7\x9D\xF0\x9F\x8F\xBB", "elf: light skin tone"},
    {"\xF0\x9F\xA7\x9D\xF0\x9F\x8F\xBC", "elf: medium-light skin tone"},
    {"\xF0\x9F\xA7\x9D\xF0\x9F\x8F\xBD", "elf: medium skin tone"},
    {"\xF0\x9F\xA7\x9D\xF0\x9F\x8F\xBE", "elf: medium-dark skin tone"},
    {"\xF0\x9F\xA7\x9D\xF0\x9F\x8F\xBF", "elf: dark skin tone"},
    {"\xF0\x9F\xA7\x9D\xE2\x80\x8D\xE2\x99\x82\xEF\xB8\x8F", "man elf"},
    {"\xF0\x9F\xA7\x9D\xF0\x9F\x8F\xBB\xE2\x80\x8D\xE2\x99\x82\xEF\xB8\x8F",
     "man elf: light skin tone"},
    {"\xF0\x9F\xA7\x9D\xF0\x9F\x8F\xBC\xE2\x80\x8D\xE2\x99\x82\xEF\xB8\x8F",
     "man elf: medium-light skin tone"},
    {"\xF0\x9F\xA7\x9D\xF0\x9F\x8F\xBD\xE2\x80\x8D\xE2\x99\x82\xEF\xB8\x8F",
     "man elf: medium skin tone"},
    {"\xF0\x9F\xA7\x9D\xF0\x9F\x8F\xBE\xE2\x80\x8D\xE2\x99\x82\xEF\xB8\x8F",
     "man elf: medium-dark skin tone"},
    {"\xF0\x9F\xA7\x9D\xF0\x9F\x8F\xBF\xE2\x80\x8D\xE2\x99\x82\xEF\xB8\x8F",
     "man elf: dark skin tone"},
    {"\xF0\x9F\xA7\x9D\xE2\x80\x8D\xE2\x99\x80\xEF\xB8\x8F", "woman elf"},
    {"\xF0\x9F\xA7\x9D\xF0\x9F\x8F\xBB\xE2\x80\x8D\xE2\x99\x80\xEF\xB8\x8F",
     "woman elf: light skin tone"},
    {"\xF0\x9F\xA7\x9D\xF0\x9F\x8F\xBC\xE2\x80\x8D\xE2\x99\x80\xEF\xB8\x8F",
     "woman elf: medium-light skin tone"},
    {"\xF0\x9F\xA7\x9D\xF0\x9F\x8F\xBD\xE2\x80\x8D\xE2\x99\x80\xEF\xB8\x8F",
     "woman elf: medium skin tone"},
    {"\xF0\x9F\xA7\x9D\xF0\x9F\x8F\xBE\xE2\x80\x8D\xE2\x99\x80\xEF\xB8\x8F",
     "woman elf: medium-dark skin tone"},
    {"\xF0\x9F\xA7\x9D\xF0\x9F\x8F\xBF\xE2\x80\x8D\xE2\x99\x80\xEF\xB8\x8F",
     "woman elf: dark skin tone"},
    {"\xF0\x9F\xA7\x9E", "genie"},
    {"\xF0\x9F\xA7\x9E\xE2\x80\x8D\xE2\x99\x82\xEF\xB8\x8F", "man genie"},
    {"\xF0\x9F\xA7\x9E\xE2\x80\x8D\xE2\x99\x80\xEF\xB8\x8F", "woman genie"},
    {"\xF0\x9F\xA7\x9F", "zombie"},
    {"\xF0\x9F\xA7\x9F\xE2\x80\x8D\xE2\x99\x82\xEF\xB8\x8F", "man zombie"},
    {"\xF0\x9F\xA7\x9F\xE2\x80\x8D\xE2\x99\x80\xEF\xB8\x8F", "woman zombie"},
    {"\xF0\x9F\xA7\x8C", "troll"},
    {"\xF0\x9F\x92\x86", "person getting massage"},
    {"\xF0\x9F\x92\x86\xF0\x9F\x8F\xBB",
     "person getting massage: light skin tone"},
    {"\xF0\x9F\x92\x86\xF0\x9F\x8F\xBC",
     "person getting massage: medium-light skin tone"},
    {"\xF0\x9F\x92\x86\xF0\x9F\x8F\xBD",
     "person getting massage: medium skin tone"},
    {"\xF0\x9F\x92\x86\xF0\x9F\x8F\xBE",
     "person getting massage: medium-dark skin tone"},
    {"\xF0\x9F\x92\x86\xF0\x9F\x8F\xBF",
     "person getting massage: dark skin tone"},
    {"\xF0\x9F\x92\x86\xE2\x80\x8D\xE2\x99\x82\xEF\xB8\x8F",
     "man getting massage"},
    {"\xF0\x9F\x92\x86\xF0\x9F\x8F\xBB\xE2\x80\x8D\xE2\x99\x82\xEF\xB8\x8F",
     "man getting massage: light skin tone"},
    {"\xF0\x9F\x92\x86\xF0\x9F\x8F\xBC\xE2\x80\x8D\xE2\x99\x82\xEF\xB8\x8F",
     "man getting massage: medium-light skin tone"},
    {"\xF0\x9F\x92\x86\xF0\x9F\x8F\xBD\xE2\x80\x8D\xE2\x99\x82\xEF\xB8\x8F",
     "man getting massage: medium skin tone"},
    {"\xF0\x9F\x92\x86\xF0\x9F\x8F\xBE\xE2\x80\x8D\xE2\x99\x82\xEF\xB8\x8F",
     "man getting massage: medium-dark skin tone"},
    {"\xF0\x9F\x92\x86\xF0\x9F\x8F\xBF\xE2\x80\x8D\xE2\x99\x82\xEF\xB8\x8F",
     "man getting massage: dark skin tone"},
    {"\xF0\x9F\x92\x86\xE2\x80\x8D\xE2\x99\x80\xEF\xB8\x8F",
     "woman getting massage"},
    {"\xF0\x9F\x92\x86\xF0\x9F\x8F\xBB\xE2\x80\x8D\xE2\x99\x80\xEF\xB8\x8F",
     "woman getting massage: light skin tone"},
    {"\xF0\x9F\x92\x86\xF0\x9F\x8F\xBC\xE2\x80\x8D\xE2\x99\x80\xEF\xB8\x8F",
     "woman getting massage: medium-light skin tone"},
    {"\xF0\x9F\x92\x86\xF0\x9F\x8F\xBD\xE2\x80\x8D\xE2\x99\x80\xEF\xB8\x8F",
     "woman getting massage: medium skin tone"},
    {"\xF0\x9F\x92\x86\xF0\x9F\x8F\xBE\xE2\x80\x8D\xE2\x99\x80\xEF\xB8\x8F",
     "woman getting massage: medium-dark skin tone"},
    {"\xF0\x9F\x92\x86\xF0\x9F\x8F\xBF\xE2\x80\x8D\xE2\x99\x80\xEF\xB8\x8F",
     "woman getting massage: dark skin tone"},
    {"\xF0\x9F\x92\x87", "person getting haircut"},
    {"\xF0\x9F\x92\x87\xF0\x9F\x8F\xBB",
     "person getting haircut: light skin tone"},
    {"\xF0\x9F\x92\x87\xF0\x9F\x8F\xBC",
     "person getting haircut: medium-light skin tone"},
    {"\xF0\x9F\x92\x87\xF0\x9F\x8F\xBD",
     "person getting haircut: medium skin tone"},
    {"\xF0\x9F\x92\x87\xF0\x9F\x8F\xBE",
     "person getting haircut: medium-dark skin tone"},
    {"\xF0\x9F\x92\x87\xF0\x9F\x8F\xBF",
     "person getting haircut: dark skin tone"},
    {"\xF0\x9F\x92\x87\xE2\x80\x8D\xE2\x99\x82\xEF\xB8\x8F",
     "man getting haircut"},
    {"\xF0\x9F\x92\x87\xF0\x9F\x8F\xBB\xE2\x80\x8D\xE2\x99\x82\xEF\xB8\x8F",
     "man getting haircut: light skin tone"},
    {"\xF0\x9F\x92\x87\xF0\x9F\x8F\xBC\xE2\x80\x8D\xE2\x99\x82\xEF\xB8\x8F",
     "man getting haircut: medium-light skin tone"},
    {"\xF0\x9F\x92\x87\xF0\x9F\x8F\xBD\xE2\x80\x8D\xE2\x99\x82\xEF\xB8\x8F",
     "man getting haircut: medium skin tone"},
    {"\xF0\x9F\x92\x87\xF0\x9F\x8F\xBE\xE2\x80\x8D\xE2\x99\x82\xEF\xB8\x8F",
     "man getting haircut: medium-dark skin tone"},
    {"\xF0\x9F\x92\x87\xF0\x9F\x8F\xBF\xE2\x80\x8D\xE2\x99\x82\xEF\xB8\x8F",
     "man getting haircut: dark skin tone"},
    {"\xF0\x9F\x92\x87\xE2\x80\x8D\xE2\x99\x80\xEF\xB8\x8F",
     "woman getting haircut"},
    {"\xF0\x9F\x92\x87\xF0\x9F\x8F\xBB\xE2\x80\x8D\xE2\x99\x80\xEF\xB8\x8F",
     "woman getting haircut: light skin tone"},
    {"\xF0\x9F\x92\x87\xF0\x9F\x8F\xBC\xE2\x80\x8D\xE2\x99\x80\xEF\xB8\x8F",
     "woman getting haircut: medium-light skin tone"},
    {"\xF0\x9F\x92\x87\xF0\x9F\x8F\xBD\xE2\x80\x8D\xE2\x99\x80\xEF\xB8\x8F",
     "woman getting haircut: medium skin tone"},
    {"\xF0\x9F\x92\x87\xF0\x9F\x8F\xBE\xE2\x80\x8D\xE2\x99\x80\xEF\xB8\x8F",
     "woman getting haircut: medium-dark skin tone"},
    {"\xF0\x9F\x92\x87\xF0\x9F\x8F\xBF\xE2\x80\x8D\xE2\x99\x80\xEF\xB8\x8F",
     "woman getting haircut: dark skin tone"},
    {"\xF0\x9F\x9A\xB6", "person walking"},
    {"\xF0\x9F\x9A\xB6\xF0\x9F\x8F\xBB", "person walking: light skin tone"},
    {"\xF0\x9F\x9A\xB6\xF0\x9F\x8F\xBC",
     "person walking: medium-light skin tone"},
    {"\xF0\x9F\x9A\xB6\xF0\x9F\x8F\xBD", "person walking: medium skin tone"},
    {"\xF0\x9F\x9A\xB6\xF0\x9F\x8F\xBE",
     "person walking: medium-dark skin tone"},
    {"\xF0\x9F\x9A\xB6\xF0\x9F\x8F\xBF", "person walking: dark skin tone"},
    {"\xF0\x9F\x9A\xB6\xE2\x80\x8D\xE2\x99\x82\xEF\xB8\x8F", "man walking"},
    {"\xF0\x9F\x9A\xB6\xF0\x9F\x8F\xBB\xE2\x80\x8D\xE2\x99\x82\xEF\xB8\x8F",
     "man walking: light skin tone"},
    {"\xF0\x9F\x9A\xB6\xF0\x9F\x8F\xBC\xE2\x80\x8D\xE2\x99\x82\xEF\xB8\x8F",
     "man walking: medium-light skin tone"},
    {"\xF0\x9F\x9A\xB6\xF0\x9F\x8F\xBD\xE2\x80\x8D\xE2\x99\x82\xEF\xB8\x8F",
     "man walking: medium skin tone"},
    {"\xF0\x9F\x9A\xB6\xF0\x9F\x8F\xBE\xE2\x80\x8D\xE2\x99\x82\xEF\xB8\x8F",
     "man walking: medium-dark skin tone"},
    {"\xF0\x9F\x9A\xB6\xF0\x9F\x8F\xBF\xE2\x80\x8D\xE2\x99\x82\xEF\xB8\x8F",
     "man walking: dark skin tone"},
    {"\xF0\x9F\x9A\xB6\xE2\x80\x8D\xE2\x99\x80\xEF\xB8\x8F", "woman walking"},
    {"\xF0\x9F\x9A\xB6\xF0\x9F\x8F\xBB\xE2\x80\x8D\xE2\x99\x80\xEF\xB8\x8F",
     "woman walking: light skin tone"},
    {"\xF0\x9F\x9A\xB6\xF0\x9F\x8F\xBC\xE2\x80\x8D\xE2\x99\x80\xEF\xB8\x8F",
     "woman walking: medium-light skin tone"},
    {"\xF0\x9F\x9A\xB6\xF0\x9F\x8F\xBD\xE2\x80\x8D\xE2\x99\x80\xEF\xB8\x8F",
     "woman walking: medium skin tone"},
    {"\xF0\x9F\x9A\xB6\xF0\x9F\x8F\xBE\xE2\x80\x8D\xE2\x99\x80\xEF\xB8\x8F",
     "woman walking: medium-dark skin tone"},
    {"\xF0\x9F\x9A\xB6\xF0\x9F\x8F\xBF\xE2\x80\x8D\xE2\x99\x80\xEF\xB8\x8F",
     "woman walking: dark skin tone"},
    {"\xF0\x9F\x9A\xB6\xE2\x80\x8D\xE2\x9E\xA1\xEF\xB8\x8F",
     "person walking facing right"},
    {"\xF0\x9F\x9A\xB6\xF0\x9F\x8F\xBB\xE2\x80\x8D\xE2\x9E\xA1\xEF\xB8\x8F",
     "person walking facing right: light skin tone"},
    {"\xF0\x9F\x9A\xB6\xF0\x9F\x8F\xBC\xE2\x80\x8D\xE2\x9E\xA1\xEF\xB8\x8F",
     "person walking facing right: medium-light skin tone"},
    {"\xF0\x9F\x9A\xB6\xF0\x9F\x8F\xBD\xE2\x80\x8D\xE2\x9E\xA1\xEF\xB8\x8F",
     "person walking facing right: medium skin tone"},
    {"\xF0\x9F\x9A\xB6\xF0\x9F\x8F\xBE\xE2\x80\x8D\xE2\x9E\xA1\xEF\xB8\x8F",
     "person walking facing right: medium-dark skin tone"},
    {"\xF0\x9F\x9A\xB6\xF0\x9F\x8F\xBF\xE2\x80\x8D\xE2\x9E\xA1\xEF\xB8\x8F",
     "person walking facing right: dark skin tone"},
    {"\xF0\x9F\x9A\xB6\xE2\x80\x8D\xE2\x99\x80\xEF\xB8\x8F\xE2\x80\x8D\xE2\x9E"
     "\xA1\xEF\xB8\x8F",
     "woman walking facing right"},
    {"\xF0\x9F\x9A\xB6\xF0\x9F\x8F\xBB\xE2\x80\x8D\xE2\x99\x80\xEF\xB8\x8F\xE2"
     "\x80\x8D\xE2\x9E\xA1\xEF\xB8\x8F",
     "woman walking facing right: light skin tone"},
    {"\xF0\x9F\x9A\xB6\xF0\x9F\x8F\xBC\xE2\x80\x8D\xE2\x99\x80\xEF\xB8\x8F\xE2"
     "\x80\x8D\xE2\x9E\xA1\xEF\xB8\x8F",
     "woman walking facing right: medium-light skin tone"},
    {"\xF0\x9F\x9A\xB6\xF0\x9F\x8F\xBD\xE2\x80\x8D\xE2\x99\x80\xEF\xB8\x8F\xE2"
     "\x80\x8D\xE2\x9E\xA1\xEF\xB8\x8F",
     "woman walking facing right: medium skin tone"},
    {"\xF0\x9F\x9A\xB6\xF0\x9F\x8F\xBE\xE2\x80\x8D\xE2\x99\x80\xEF\xB8\x8F\xE2"
     "\x80\x8D\xE2\x9E\xA1\xEF\xB8\x8F",
     "woman walking facing right: medium-dark skin tone"},
    {"\xF0\x9F\x9A\xB6\xF0\x9F\x8F\xBF\xE2\x80\x8D\xE2\x99\x80\xEF\xB8\x8F\xE2"
     "\x80\x8D\xE2\x9E\xA1\xEF\xB8\x8F",
     "woman walking facing right: dark skin tone"},
    {"\xF0\x9F\x9A\xB6\xE2\x80\x8D\xE2\x99\x82\xEF\xB8\x8F\xE2\x80\x8D\xE2\x9E"
     "\xA1\xEF\xB8\x8F",
     "man walking facing right"},
    {"\xF0\x9F\x9A\xB6\xF0\x9F\x8F\xBB\xE2\x80\x8D\xE2\x99\x82\xEF\xB8\x8F\xE2"
     "\x80\x8D\xE2\x9E\xA1\xEF\xB8\x8F",
     "man walking facing right: light skin tone"},
    {"\xF0\x9F\x9A\xB6\xF0\x9F\x8F\xBC\xE2\x80\x8D\xE2\x99\x82\xEF\xB8\x8F\xE2"
     "\x80\x8D\xE2\x9E\xA1\xEF\xB8\x8F",
     "man walking facing right: medium-light skin tone"},
    {"\xF0\x9F\x9A\xB6\xF0\x9F\x8F\xBD\xE2\x80\x8D\xE2\x99\x82\xEF\xB8\x8F\xE2"
     "\x80\x8D\xE2\x9E\xA1\xEF\xB8\x8F",
     "man walking facing right: medium skin tone"},
    {"\xF0\x9F\x9A\xB6\xF0\x9F\x8F\xBE\xE2\x80\x8D\xE2\x99\x82\xEF\xB8\x8F\xE2"
     "\x80\x8D\xE2\x9E\xA1\xEF\xB8\x8F",
     "man walking facing right: medium-dark skin tone"},
    {"\xF0\x9F\x9A\xB6\xF0\x9F\x8F\xBF\xE2\x80\x8D\xE2\x99\x82\xEF\xB8\x8F\xE2"
     "\x80\x8D\xE2\x9E\xA1\xEF\xB8\x8F",
     "man walking facing right: dark skin tone"},
    {"\xF0\x9F\xA7\x8D", "person standing"},
    {"\xF0\x9F\xA7\x8D\xF0\x9F\x8F\xBB", "person standing: light skin tone"},
    {"\xF0\x9F\xA7\x8D\xF0\x9F\x8F\xBC",
     "person standing: medium-light skin tone"},
    {"\xF0\x9F\xA7\x8D\xF0\x9F\x8F\xBD", "person standing: medium skin tone"},
    {"\xF0\x9F\xA7\x8D\xF0\x9F\x8F\xBE",
     "person standing: medium-dark skin tone"},
    {"\xF0\x9F\xA7\x8D\xF0\x9F\x8F\xBF", "person standing: dark skin tone"},
    {"\xF0\x9F\xA7\x8D\xE2\x80\x8D\xE2\x99\x82\xEF\xB8\x8F", "man standing"},
    {"\xF0\x9F\xA7\x8D\xF0\x9F\x8F\xBB\xE2\x80\x8D\xE2\x99\x82\xEF\xB8\x8F",
     "man standing: light skin tone"},
    {"\xF0\x9F\xA7\x8D\xF0\x9F\x8F\xBC\xE2\x80\x8D\xE2\x99\x82\xEF\xB8\x8F",
     "man standing: medium-light skin tone"},
    {"\xF0\x9F\xA7\x8D\xF0\x9F\x8F\xBD\xE2\x80\x8D\xE2\x99\x82\xEF\xB8\x8F",
     "man standing: medium skin tone"},
    {"\xF0\x9F\xA7\x8D\xF0\x9F\x8F\xBE\xE2\x80\x8D\xE2\x99\x82\xEF\xB8\x8F",
     "man standing: medium-dark skin tone"},
    {"\xF0\x9F\xA7\x8D\xF0\x9F\x8F\xBF\xE2\x80\x8D\xE2\x99\x82\xEF\xB8\x8F",
     "man standing: dark skin tone"},
    {"\xF0\x9F\xA7\x8D\xE2\x80\x8D\xE2\x99\x80\xEF\xB8\x8F", "woman standing"},
    {"\xF0\x9F\xA7\x8D\xF0\x9F\x8F\xBB\xE2\x80\x8D\xE2\x99\x80\xEF\xB8\x8F",
     "woman standing: light skin tone"},
    {"\xF0\x9F\xA7\x8D\xF0\x9F\x8F\xBC\xE2\x80\x8D\xE2\x99\x80\xEF\xB8\x8F",
     "woman standing: medium-light skin tone"},
    {"\xF0\x9F\xA7\x8D\xF0\x9F\x8F\xBD\xE2\x80\x8D\xE2\x99\x80\xEF\xB8\x8F",
     "woman standing: medium skin tone"},
    {"\xF0\x9F\xA7\x8D\xF0\x9F\x8F\xBE\xE2\x80\x8D\xE2\x99\x80\xEF\xB8\x8F",
     "woman standing: medium-dark skin tone"},
    {"\xF0\x9F\xA7\x8D\xF0\x9F\x8F\xBF\xE2\x80\x8D\xE2\x99\x80\xEF\xB8\x8F",
     "woman standing: dark skin tone"},
    {"\xF0\x9F\xA7\x8E", "person kneeling"},
    {"\xF0\x9F\xA7\x8E\xF0\x9F\x8F\xBB", "person kneeling: light skin tone"},
    {"\xF0\x9F\xA7\x8E\xF0\x9F\x8F\xBC",
     "person kneeling: medium-light skin tone"},
    {"\xF0\x9F\xA7\x8E\xF0\x9F\x8F\xBD", "person kneeling: medium skin tone"},
    {"\xF0\x9F\xA7\x8E\xF0\x9F\x8F\xBE",
     "person kneeling: medium-dark skin tone"},
    {"\xF0\x9F\xA7\x8E\xF0\x9F\x8F\xBF", "person kneeling: dark skin tone"},
    {"\xF0\x9F\xA7\x8E\xE2\x80\x8D\xE2\x99\x82\xEF\xB8\x8F", "man kneeling"},
    {"\xF0\x9F\xA7\x8E\xF0\x9F\x8F\xBB\xE2\x80\x8D\xE2\x99\x82\xEF\xB8\x8F",
     "man kneeling: light skin tone"},
    {"\xF0\x9F\xA7\x8E\xF0\x9F\x8F\xBC\xE2\x80\x8D\xE2\x99\x82\xEF\xB8\x8F",
     "man kneeling: medium-light skin tone"},
    {"\xF0\x9F\xA7\x8E\xF0\x9F\x8F\xBD\xE2\x80\x8D\xE2\x99\x82\xEF\xB8\x8F",
     "man kneeling: medium skin tone"},
    {"\xF0\x9F\xA7\x8E\xF0\x9F\x8F\xBE\xE2\x80\x8D\xE2\x99\x82\xEF\xB8\x8F",
     "man kneeling: medium-dark skin tone"},
    {"\xF0\x9F\xA7\x8E\xF0\x9F\x8F\xBF\xE2\x80\x8D\xE2\x99\x82\xEF\xB8\x8F",
     "man kneeling: dark skin tone"},
    {"\xF0\x9F\xA7\x8E\xE2\x80\x8D\xE2\x99\x80\xEF\xB8\x8F", "woman kneeling"},
    {"\xF0\x9F\xA7\x8E\xF0\x9F\x8F\xBB\xE2\x80\x8D\xE2\x99\x80\xEF\xB8\x8F",
     "woman kneeling: light skin tone"},
    {"\xF0\x9F\xA7\x8E\xF0\x9F\x8F\xBC\xE2\x80\x8D\xE2\x99\x80\xEF\xB8\x8F",
     "woman kneeling: medium-light skin tone"},
    {"\xF0\x9F\xA7\x8E\xF0\x9F\x8F\xBD\xE2\x80\x8D\xE2\x99\x80\xEF\xB8\x8F",
     "woman kneeling: medium skin tone"},
    {"\xF0\x9F\xA7\x8E\xF0\x9F\x8F\xBE\xE2\x80\x8D\xE2\x99\x80\xEF\xB8\x8F",
     "woman kneeling: medium-dark skin tone"},
    {"\xF0\x9F\xA7\x8E\xF0\x9F\x8F\xBF\xE2\x80\x8D\xE2\x99\x80\xEF\xB8\x8F",
     "woman kneeling: dark skin tone"},
    {"\xF0\x9F\xA7\x8E\xE2\x80\x8D\xE2\x9E\xA1\xEF\xB8\x8F",
     "person kneeling facing right"},
    {"\xF0\x9F\xA7\x8E\xF0\x9F\x8F\xBB\xE2\x80\x8D\xE2\x9E\xA1\xEF\xB8\x8F",
     "person kneeling facing right: light skin tone"},
    {"\xF0\x9F\xA7\x8E\xF0\x9F\x8F\xBC\xE2\x80\x8D\xE2\x9E\xA1\xEF\xB8\x8F",
     "person kneeling facing right: medium-light skin tone"},
    {"\xF0\x9F\xA7\x8E\xF0\x9F\x8F\xBD\xE2\x80\x8D\xE2\x9E\xA1\xEF\xB8\x8F",
     "person kneeling facing right: medium skin tone"},
    {"\xF0\x9F\xA7\x8E\xF0\x9F\x8F\xBE\xE2\x80\x8D\xE2\x9E\xA1\xEF\xB8\x8F",
     "person kneeling facing right: medium-dark skin tone"},
    {"\xF0\x9F\xA7\x8E\xF0\x9F\x8F\xBF\xE2\x80\x8D\xE2\x9E\xA1\xEF\xB8\x8F",
     "person kneeling facing right: dark skin tone"},
    {"\xF0\x9F\xA7\x8E\xE2\x80\x8D\xE2\x99\x80\xEF\xB8\x8F\xE2\x80\x8D\xE2\x9E"
     "\xA1\xEF\xB8\x8F",
     "woman kneeling facing right"},
    {"\xF0\x9F\xA7\x8E\xF0\x9F\x8F\xBB\xE2\x80\x8D\xE2\x99\x80\xEF\xB8\x8F\xE2"
     "\x80\x8D\xE2\x9E\xA1\xEF\xB8\x8F",
     "woman kneeling facing right: light skin tone"},
    {"\xF0\x9F\xA7\x8E\xF0\x9F\x8F\xBC\xE2\x80\x8D\xE2\x99\x80\xEF\xB8\x8F\xE2"
     "\x80\x8D\xE2\x9E\xA1\xEF\xB8\x8F",
     "woman kneeling facing right: medium-light skin tone"},
    {"\xF0\x9F\xA7\x8E\xF0\x9F\x8F\xBD\xE2\x80\x8D\xE2\x99\x80\xEF\xB8\x8F\xE2"
     "\x80\x8D\xE2\x9E\xA1\xEF\xB8\x8F",
     "woman kneeling facing right: medium skin tone"},
    {"\xF0\x9F\xA7\x8E\xF0\x9F\x8F\xBE\xE2\x80\x8D\xE2\x99\x80\xEF\xB8\x8F\xE2"
     "\x80\x8D\xE2\x9E\xA1\xEF\xB8\x8F",
     "woman kneeling facing right: medium-dark skin tone"},
    {"\xF0\x9F\xA7\x8E\xF0\x9F\x8F\xBF\xE2\x80\x8D\xE2\x99\x80\xEF\xB8\x8F\xE2"
     "\x80\x8D\xE2\x9E\xA1\xEF\xB8\x8F",
     "woman kneeling facing right: dark skin tone"},
    {"\xF0\x9F\xA7\x8E\xE2\x80\x8D\xE2\x99\x82\xEF\xB8\x8F\xE2\x80\x8D\xE2\x9E"
     "\xA1\xEF\xB8\x8F",
     "man kneeling facing right"},
    {"\xF0\x9F\xA7\x8E\xF0\x9F\x8F\xBB\xE2\x80\x8D\xE2\x99\x82\xEF\xB8\x8F\xE2"
     "\x80\x8D\xE2\x9E\xA1\xEF\xB8\x8F",
     "man kneeling facing right: light skin tone"},
    {"\xF0\x9F\xA7\x8E\xF0\x9F\x8F\xBC\xE2\x80\x8D\xE2\x99\x82\xEF\xB8\x8F\xE2"
     "\x80\x8D\xE2\x9E\xA1\xEF\xB8\x8F",
     "man kneeling facing right: medium-light skin tone"},
    {"\xF0\x9F\xA7\x8E\xF0\x9F\x8F\xBD\xE2\x80\x8D\xE2\x99\x82\xEF\xB8\x8F\xE2"
     "\x80\x8D\xE2\x9E\xA1\xEF\xB8\x8F",
     "man kneeling facing right: medium skin tone"},
    {"\xF0\x9F\xA7\x8E\xF0\x9F\x8F\xBE\xE2\x80\x8D\xE2\x99\x82\xEF\xB8\x8F\xE2"
     "\x80\x8D\xE2\x9E\xA1\xEF\xB8\x8F",
     "man kneeling facing right: medium-dark skin tone"},
    {"\xF0\x9F\xA7\x8E\xF0\x9F\x8F\xBF\xE2\x80\x8D\xE2\x99\x82\xEF\xB8\x8F\xE2"
     "\x80\x8D\xE2\x9E\xA1\xEF\xB8\x8F",
     "man kneeling facing right: dark skin tone"},
    {"\xF0\x9F\xA7\x91\xE2\x80\x8D\xF0\x9F\xA6\xAF", "person with white cane"},
    {"\xF0\x9F\xA7\x91\xF0\x9F\x8F\xBB\xE2\x80\x8D\xF0\x9F\xA6\xAF",
     "person with white cane: light skin tone"},
    {"\xF0\x9F\xA7\x91\xF0\x9F\x8F\xBC\xE2\x80\x8D\xF0\x9F\xA6\xAF",
     "person with white cane: medium-light skin tone"},
    {"\xF0\x9F\xA7\x91\xF0\x9F\x8F\xBD\xE2\x80\x8D\xF0\x9F\xA6\xAF",
     "person with white cane: medium skin tone"},
    {"\xF0\x9F\xA7\x91\xF0\x9F\x8F\xBE\xE2\x80\x8D\xF0\x9F\xA6\xAF",
     "person with white cane: medium-dark skin tone"},
    {"\xF0\x9F\xA7\x91\xF0\x9F\x8F\xBF\xE2\x80\x8D\xF0\x9F\xA6\xAF",
     "person with white cane: dark skin tone"},
    {"\xF0\x9F\xA7\x91\xE2\x80\x8D\xF0\x9F\xA6\xAF\xE2\x80\x8D\xE2\x9E\xA1\xEF"
     "\xB8\x8F",
     "person with white cane facing right"},
    {"\xF0\x9F\xA7\x91\xF0\x9F\x8F\xBB\xE2\x80\x8D\xF0\x9F\xA6\xAF\xE2\x80\x8D"
     "\xE2\x9E\xA1\xEF\xB8\x8F",
     "person with white cane facing right: light skin tone"},
    {"\xF0\x9F\xA7\x91\xF0\x9F\x8F\xBC\xE2\x80\x8D\xF0\x9F\xA6\xAF\xE2\x80\x8D"
     "\xE2\x9E\xA1\xEF\xB8\x8F",
     "person with white cane facing right: medium-light skin tone"},
    {"\xF0\x9F\xA7\x91\xF0\x9F\x8F\xBD\xE2\x80\x8D\xF0\x9F\xA6\xAF\xE2\x80\x8D"
     "\xE2\x9E\xA1\xEF\xB8\x8F",
     "person with white cane facing right: medium skin tone"},
    {"\xF0\x9F\xA7\x91\xF0\x9F\x8F\xBE\xE2\x80\x8D\xF0\x9F\xA6\xAF\xE2\x80\x8D"
     "\xE2\x9E\xA1\xEF\xB8\x8F",
     "person with white cane facing right: medium-dark skin tone"},
    {"\xF0\x9F\xA7\x91\xF0\x9F\x8F\xBF\xE2\x80\x8D\xF0\x9F\xA6\xAF\xE2\x80\x8D"
     "\xE2\x9E\xA1\xEF\xB8\x8F",
     "person with white cane facing right: dark skin tone"},
    {"\xF0\x9F\x91\xA8\xE2\x80\x8D\xF0\x9F\xA6\xAF", "man with white cane"},
    {"\xF0\x9F\x91\xA8\xF0\x9F\x8F\xBB\xE2\x80\x8D\xF0\x9F\xA6\xAF",
     "man with white cane: light skin tone"},
    {"\xF0\x9F\x91\xA8\xF0\x9F\x8F\xBC\xE2\x80\x8D\xF0\x9F\xA6\xAF",
     "man with white cane: medium-light skin tone"},
    {"\xF0\x9F\x91\xA8\xF0\x9F\x8F\xBD\xE2\x80\x8D\xF0\x9F\xA6\xAF",
     "man with white cane: medium skin tone"},
    {"\xF0\x9F\x91\xA8\xF0\x9F\x8F\xBE\xE2\x80\x8D\xF0\x9F\xA6\xAF",
     "man with white cane: medium-dark skin tone"},
    {"\xF0\x9F\x91\xA8\xF0\x9F\x8F\xBF\xE2\x80\x8D\xF0\x9F\xA6\xAF",
     "man with white cane: dark skin tone"},
    {"\xF0\x9F\x91\xA8\xE2\x80\x8D\xF0\x9F\xA6\xAF\xE2\x80\x8D\xE2\x9E\xA1\xEF"
     "\xB8\x8F",
     "man with white cane facing right"},
    {"\xF0\x9F\x91\xA8\xF0\x9F\x8F\xBB\xE2\x80\x8D\xF0\x9F\xA6\xAF\xE2\x80\x8D"
     "\xE2\x9E\xA1\xEF\xB8\x8F",
     "man with white cane facing right: light skin tone"},
    {"\xF0\x9F\x91\xA8\xF0\x9F\x8F\xBC\xE2\x80\x8D\xF0\x9F\xA6\xAF\xE2\x80\x8D"
     "\xE2\x9E\xA1\xEF\xB8\x8F",
     "man with white cane facing right: medium-light skin tone"},
    {"\xF0\x9F\x91\xA8\xF0\x9F\x8F\xBD\xE2\x80\x8D\xF0\x9F\xA6\xAF\xE2\x80\x8D"
     "\xE2\x9E\xA1\xEF\xB8\x8F",
     "man with white cane facing right: medium skin tone"},
    {"\xF0\x9F\x91\xA8\xF0\x9F\x8F\xBE\xE2\x80\x8D\xF0\x9F\xA6\xAF\xE2\x80\x8D"
     "\xE2\x9E\xA1\xEF\xB8\x8F",
     "man with white cane facing right: medium-dark skin tone"},
    {"\xF0\x9F\x91\xA8\xF0\x9F\x8F\xBF\xE2\x80\x8D\xF0\x9F\xA6\xAF\xE2\x80\x8D"
     "\xE2\x9E\xA1\xEF\xB8\x8F",
     "man with white cane facing right: dark skin tone"},
    {"\xF0\x9F\x91\xA9\xE2\x80\x8D\xF0\x9F\xA6\xAF", "woman with white cane"},
    {"\xF0\x9F\x91\xA9\xF0\x9F\x8F\xBB\xE2\x80\x8D\xF0\x9F\xA6\xAF",
     "woman with white cane: light skin tone"},
    {"\xF0\x9F\x91\xA9\xF0\x9F\x8F\xBC\xE2\x80\x8D\xF0\x9F\xA6\xAF",
     "woman with white cane: medium-light skin tone"},
    {"\xF0\x9F\x91\xA9\xF0\x9F\x8F\xBD\xE2\x80\x8D\xF0\x9F\xA6\xAF",
     "woman with white cane: medium skin tone"},
    {"\xF0\x9F\x91\xA9\xF0\x9F\x8F\xBE\xE2\x80\x8D\xF0\x9F\xA6\xAF",
     "woman with white cane: medium-dark skin tone"},
    {"\xF0\x9F\x91\xA9\xF0\x9F\x8F\xBF\xE2\x80\x8D\xF0\x9F\xA6\xAF",
     "woman with white cane: dark skin tone"},
    {"\xF0\x9F\x91\xA9\xE2\x80\x8D\xF0\x9F\xA6\xAF\xE2\x80\x8D\xE2\x9E\xA1\xEF"
     "\xB8\x8F",
     "woman with white cane facing right"},
    {"\xF0\x9F\x91\xA9\xF0\x9F\x8F\xBB\xE2\x80\x8D\xF0\x9F\xA6\xAF\xE2\x80\x8D"
     "\xE2\x9E\xA1\xEF\xB8\x8F",
     "woman with white cane facing right: light skin tone"},
    {"\xF0\x9F\x91\xA9\xF0\x9F\x8F\xBC\xE2\x80\x8D\xF0\x9F\xA6\xAF\xE2\x80\x8D"
     "\xE2\x9E\xA1\xEF\xB8\x8F",
     "woman with white cane facing right: medium-light skin tone"},
    {"\xF0\x9F\x91\xA9\xF0\x9F\x8F\xBD\xE2\x80\x8D\xF0\x9F\xA6\xAF\xE2\x80\x8D"
     "\xE2\x9E\xA1\xEF\xB8\x8F",
     "woman with white cane facing right: medium skin tone"},
    {"\xF0\x9F\x91\xA9\xF0\x9F\x8F\xBE\xE2\x80\x8D\xF0\x9F\xA6\xAF\xE2\x80\x8D"
     "\xE2\x9E\xA1\xEF\xB8\x8F",
     "woman with white cane facing right: medium-dark skin tone"},
    {"\xF0\x9F\x91\xA9\xF0\x9F\x8F\xBF\xE2\x80\x8D\xF0\x9F\xA6\xAF\xE2\x80\x8D"
     "\xE2\x9E\xA1\xEF\xB8\x8F",
     "woman with white cane facing right: dark skin tone"},
    {"\xF0\x9F\xA7\x91\xE2\x80\x8D\xF0\x9F\xA6\xBC",
     "person in motorized wheelchair"},
    {"\xF0\x9F\xA7\x91\xF0\x9F\x8F\xBB\xE2\x80\x8D\xF0\x9F\xA6\xBC",
     "person in motorized wheelchair: light skin tone"},
    {"\xF0\x9F\xA7\x91\xF0\x9F\x8F\xBC\xE2\x80\x8D\xF0\x9F\xA6\xBC",
     "person in motorized wheelchair: medium-light skin tone"},
    {"\xF0\x9F\xA7\x91\xF0\x9F\x8F\xBD\xE2\x80\x8D\xF0\x9F\xA6\xBC",
     "person in motorized wheelchair: medium skin tone"},
    {"\xF0\x9F\xA7\x91\xF0\x9F\x8F\xBE\xE2\x80\x8D\xF0\x9F\xA6\xBC",
     "person in motorized wheelchair: medium-dark skin tone"},
    {"\xF0\x9F\xA7\x91\xF0\x9F\x8F\xBF\xE2\x80\x8D\xF0\x9F\xA6\xBC",
     "person in motorized wheelchair: dark skin tone"},
    {"\xF0\x9F\xA7\x91\xE2\x80\x8D\xF0\x9F\xA6\xBC\xE2\x80\x8D\xE2\x9E\xA1\xEF"
     "\xB8\x8F",
     "person in motorized wheelchair facing right"},
    {"\xF0\x9F\xA7\x91\xF0\x9F\x8F\xBB\xE2\x80\x8D\xF0\x9F\xA6\xBC\xE2\x80\x8D"
     "\xE2\x9E\xA1\xEF\xB8\x8F",
     "person in motorized wheelchair facing right: light skin tone"},
    {"\xF0\x9F\xA7\x91\xF0\x9F\x8F\xBC\xE2\x80\x8D\xF0\x9F\xA6\xBC\xE2\x80\x8D"
     "\xE2\x9E\xA1\xEF\xB8\x8F",
     "person in motorized wheelchair facing right: medium-light skin tone"},
    {"\xF0\x9F\xA7\x91\xF0\x9F\x8F\xBD\xE2\x80\x8D\xF0\x9F\xA6\xBC\xE2\x80\x8D"
     "\xE2\x9E\xA1\xEF\xB8\x8F",
     "person in motorized wheelchair facing right: medium skin tone"},
    {"\xF0\x9F\xA7\x91\xF0\x9F\x8F\xBE\xE2\x80\x8D\xF0\x9F\xA6\xBC\xE2\x80\x8D"
     "\xE2\x9E\xA1\xEF\xB8\x8F",
     "person in motorized wheelchair facing right: medium-dark skin tone"},
    {"\xF0\x9F\xA7\x91\xF0\x9F\x8F\xBF\xE2\x80\x8D\xF0\x9F\xA6\xBC\xE2\x80\x8D"
     "\xE2\x9E\xA1\xEF\xB8\x8F",
     "person in motorized wheelchair facing right: dark skin tone"},
    {"\xF0\x9F\x91\xA8\xE2\x80\x8D\xF0\x9F\xA6\xBC",
     "man in motorized wheelchair"},
    {"\xF0\x9F\x91\xA8\xF0\x9F\x8F\xBB\xE2\x80\x8D\xF0\x9F\xA6\xBC",
     "man in motorized wheelchair: light skin tone"},
    {"\xF0\x9F\x91\xA8\xF0\x9F\x8F\xBC\xE2\x80\x8D\xF0\x9F\xA6\xBC",
     "man in motorized wheelchair: medium-light skin tone"},
    {"\xF0\x9F\x91\xA8\xF0\x9F\x8F\xBD\xE2\x80\x8D\xF0\x9F\xA6\xBC",
     "man in motorized wheelchair: medium skin tone"},
    {"\xF0\x9F\x91\xA8\xF0\x9F\x8F\xBE\xE2\x80\x8D\xF0\x9F\xA6\xBC",
     "man in motorized wheelchair: medium-dark skin tone"},
    {"\xF0\x9F\x91\xA8\xF0\x9F\x8F\xBF\xE2\x80\x8D\xF0\x9F\xA6\xBC",
     "man in motorized wheelchair: dark skin tone"},
    {"\xF0\x9F\x91\xA8\xE2\x80\x8D\xF0\x9F\xA6\xBC\xE2\x80\x8D\xE2\x9E\xA1\xEF"
     "\xB8\x8F",
     "man in motorized wheelchair facing right"},
    {"\xF0\x9F\x91\xA8\xF0\x9F\x8F\xBB\xE2\x80\x8D\xF0\x9F\xA6\xBC\xE2\x80\x8D"
     "\xE2\x9E\xA1\xEF\xB8\x8F",
     "man in motorized wheelchair facing right: light skin tone"},
    {"\xF0\x9F\x91\xA8\xF0\x9F\x8F\xBC\xE2\x80\x8D\xF0\x9F\xA6\xBC\xE2\x80\x8D"
     "\xE2\x9E\xA1\xEF\xB8\x8F",
     "man in motorized wheelchair facing right: medium-light skin tone"},
    {"\xF0\x9F\x91\xA8\xF0\x9F\x8F\xBD\xE2\x80\x8D\xF0\x9F\xA6\xBC\xE2\x80\x8D"
     "\xE2\x9E\xA1\xEF\xB8\x8F",
     "man in motorized wheelchair facing right: medium skin tone"},
    {"\xF0\x9F\x91\xA8\xF0\x9F\x8F\xBE\xE2\x80\x8D\xF0\x9F\xA6\xBC\xE2\x80\x8D"
     "\xE2\x9E\xA1\xEF\xB8\x8F",
     "man in motorized wheelchair facing right: medium-dark skin tone"},
    {"\xF0\x9F\x91\xA8\xF0\x9F\x8F\xBF\xE2\x80\x8D\xF0\x9F\xA6\xBC\xE2\x80\x8D"
     "\xE2\x9E\xA1\xEF\xB8\x8F",
     "man in motorized wheelchair facing right: dark skin tone"},
    {"\xF0\x9F\x91\xA9\xE2\x80\x8D\xF0\x9F\xA6\xBC",
     "woman in motorized wheelchair"},
    {"\xF0\x9F\x91\xA9\xF0\x9F\x8F\xBB\xE2\x80\x8D\xF0\x9F\xA6\xBC",
     "woman in motorized wheelchair: light skin tone"},
    {"\xF0\x9F\x91\xA9\xF0\x9F\x8F\xBC\xE2\x80\x8D\xF0\x9F\xA6\xBC",
     "woman in motorized wheelchair: medium-light skin tone"},
    {"\xF0\x9F\x91\xA9\xF0\x9F\x8F\xBD\xE2\x80\x8D\xF0\x9F\xA6\xBC",
     "woman in motorized wheelchair: medium skin tone"},
    {"\xF0\x9F\x91\xA9\xF0\x9F\x8F\xBE\xE2\x80\x8D\xF0\x9F\xA6\xBC",
     "woman in motorized wheelchair: medium-dark skin tone"},
    {"\xF0\x9F\x91\xA9\xF0\x9F\x8F\xBF\xE2\x80\x8D\xF0\x9F\xA6\xBC",
     "woman in motorized wheelchair: dark skin tone"},
    {"\xF0\x9F\x91\xA9\xE2\x80\x8D\xF0\x9F\xA6\xBC\xE2\x80\x8D\xE2\x9E\xA1\xEF"
     "\xB8\x8F",
     "woman in motorized wheelchair facing right"},
    {"\xF0\x9F\x91\xA9\xF0\x9F\x8F\xBB\xE2\x80\x8D\xF0\x9F\xA6\xBC\xE2\x80\x8D"
     "\xE2\x9E\xA1\xEF\xB8\x8F",
     "woman in motorized wheelchair facing right: light skin tone"},
    {"\xF0\x9F\x91\xA9\xF0\x9F\x8F\xBC\xE2\x80\x8D\xF0\x9F\xA6\xBC\xE2\x80\x8D"
     "\xE2\x9E\xA1\xEF\xB8\x8F",
     "woman in motorized wheelchair facing right: medium-light skin tone"},
    {"\xF0\x9F\x91\xA9\xF0\x9F\x8F\xBD\xE2\x80\x8D\xF0\x9F\xA6\xBC\xE2\x80\x8D"
     "\xE2\x9E\xA1\xEF\xB8\x8F",
     "woman in motorized wheelchair facing right: medium skin tone"},
    {"\xF0\x9F\x91\xA9\xF0\x9F\x8F\xBE\xE2\x80\x8D\xF0\x9F\xA6\xBC\xE2\x80\x8D"
     "\xE2\x9E\xA1\xEF\xB8\x8F",
     "woman in motorized wheelchair facing right: medium-dark skin tone"},
    {"\xF0\x9F\x91\xA9\xF0\x9F\x8F\xBF\xE2\x80\x8D\xF0\x9F\xA6\xBC\xE2\x80\x8D"
     "\xE2\x9E\xA1\xEF\xB8\x8F",
     "woman in motorized wheelchair facing right: dark skin tone"},
    {"\xF0\x9F\xA7\x91\xE2\x80\x8D\xF0\x9F\xA6\xBD",
     "person in manual wheelchair"},
    {"\xF0\x9F\xA7\x91\xF0\x9F\x8F\xBB\xE2\x80\x8D\xF0\x9F\xA6\xBD",
     "person in manual wheelchair: light skin tone"},
    {"\xF0\x9F\xA7\x91\xF0\x9F\x8F\xBC\xE2\x80\x8D\xF0\x9F\xA6\xBD",
     "person in manual wheelchair: medium-light skin tone"},
    {"\xF0\x9F\xA7\x91\xF0\x9F\x8F\xBD\xE2\x80\x8D\xF0\x9F\xA6\xBD",
     "person in manual wheelchair: medium skin tone"},
    {"\xF0\x9F\xA7\x91\xF0\x9F\x8F\xBE\xE2\x80\x8D\xF0\x9F\xA6\xBD",
     "person in manual wheelchair: medium-dark skin tone"},
    {"\xF0\x9F\xA7\x91\xF0\x9F\x8F\xBF\xE2\x80\x8D\xF0\x9F\xA6\xBD",
     "person in manual wheelchair: dark skin tone"},
    {"\xF0\x9F\xA7\x91\xE2\x80\x8D\xF0\x9F\xA6\xBD\xE2\x80\x8D\xE2\x9E\xA1\xEF"
     "\xB8\x8F",
     "person in manual wheelchair facing right"},
    {"\xF0\x9F\xA7\x91\xF0\x9F\x8F\xBB\xE2\x80\x8D\xF0\x9F\xA6\xBD\xE2\x80\x8D"
     "\xE2\x9E\xA1\xEF\xB8\x8F",
     "person in manual wheelchair facing right: light skin tone"},
    {"\xF0\x9F\xA7\x91\xF0\x9F\x8F\xBC\xE2\x80\x8D\xF0\x9F\xA6\xBD\xE2\x80\x8D"
     "\xE2\x9E\xA1\xEF\xB8\x8F",
     "person in manual wheelchair facing right: medium-light skin tone"},
    {"\xF0\x9F\xA7\x91\xF0\x9F\x8F\xBD\xE2\x80\x8D\xF0\x9F\xA6\xBD\xE2\x80\x8D"
     "\xE2\x9E\xA1\xEF\xB8\x8F",
     "person in manual wheelchair facing right: medium skin tone"},
    {"\xF0\x9F\xA7\x91\xF0\x9F\x8F\xBE\xE2\x80\x8D\xF0\x9F\xA6\xBD\xE2\x80\x8D"
     "\xE2\x9E\xA1\xEF\xB8\x8F",
     "person in manual wheelchair facing right: medium-dark skin tone"},
    {"\xF0\x9F\xA7\x91\xF0\x9F\x8F\xBF\xE2\x80\x8D\xF0\x9F\xA6\xBD\xE2\x80\x8D"
     "\xE2\x9E\xA1\xEF\xB8\x8F",
     "person in manual wheelchair facing right: dark skin tone"},
    {"\xF0\x9F\x91\xA8\xE2\x80\x8D\xF0\x9F\xA6\xBD",
     "man in manual wheelchair"},
    {"\xF0\x9F\x91\xA8\xF0\x9F\x8F\xBB\xE2\x80\x8D\xF0\x9F\xA6\xBD",
     "man in manual wheelchair: light skin tone"},
    {"\xF0\x9F\x91\xA8\xF0\x9F\x8F\xBC\xE2\x80\x8D\xF0\x9F\xA6\xBD",
     "man in manual wheelchair: medium-light skin tone"},
    {"\xF0\x9F\x91\xA8\xF0\x9F\x8F\xBD\xE2\x80\x8D\xF0\x9F\xA6\xBD",
     "man in manual wheelchair: medium skin tone"},
    {"\xF0\x9F\x91\xA8\xF0\x9F\x8F\xBE\xE2\x80\x8D\xF0\x9F\xA6\xBD",
     "man in manual wheelchair: medium-dark skin tone"},
    {"\xF0\x9F\x91\xA8\xF0\x9F\x8F\xBF\xE2\x80\x8D\xF0\x9F\xA6\xBD",
     "man in manual wheelchair: dark skin tone"},
    {"\xF0\x9F\x91\xA8\xE2\x80\x8D\xF0\x9F\xA6\xBD\xE2\x80\x8D\xE2\x9E\xA1\xEF"
     "\xB8\x8F",
     "man in manual wheelchair facing right"},
    {"\xF0\x9F\x91\xA8\xF0\x9F\x8F\xBB\xE2\x80\x8D\xF0\x9F\xA6\xBD\xE2\x80\x8D"
     "\xE2\x9E\xA1\xEF\xB8\x8F",
     "man in manual wheelchair facing right: light skin tone"},
    {"\xF0\x9F\x91\xA8\xF0\x9F\x8F\xBC\xE2\x80\x8D\xF0\x9F\xA6\xBD\xE2\x80\x8D"
     "\xE2\x9E\xA1\xEF\xB8\x8F",
     "man in manual wheelchair facing right: medium-light skin tone"},
    {"\xF0\x9F\x91\xA8\xF0\x9F\x8F\xBD\xE2\x80\x8D\xF0\x9F\xA6\xBD\xE2\x80\x8D"
     "\xE2\x9E\xA1\xEF\xB8\x8F",
     "man in manual wheelchair facing right: medium skin tone"},
    {"\xF0\x9F\x91\xA8\xF0\x9F\x8F\xBE\xE2\x80\x8D\xF0\x9F\xA6\xBD\xE2\x80\x8D"
     "\xE2\x9E\xA1\xEF\xB8\x8F",
     "man in manual wheelchair facing right: medium-dark skin tone"},
    {"\xF0\x9F\x91\xA8\xF0\x9F\x8F\xBF\xE2\x80\x8D\xF0\x9F\xA6\xBD\xE2\x80\x8D"
     "\xE2\x9E\xA1\xEF\xB8\x8F",
     "man in manual wheelchair facing right: dark skin tone"},
    {"\xF0\x9F\x91\xA9\xE2\x80\x8D\xF0\x9F\xA6\xBD",
     "woman in manual wheelchair"},
    {"\xF0\x9F\x91\xA9\xF0\x9F\x8F\xBB\xE2\x80\x8D\xF0\x9F\xA6\xBD",
     "woman in manual wheelchair: light skin tone"},
    {"\xF0\x9F\x91\xA9\xF0\x9F\x8F\xBC\xE2\x80\x8D\xF0\x9F\xA6\xBD",
     "woman in manual wheelchair: medium-light skin tone"},
    {"\xF0\x9F\x91\xA9\xF0\x9F\x8F\xBD\xE2\x80\x8D\xF0\x9F\xA6\xBD",
     "woman in manual wheelchair: medium skin tone"},
    {"\xF0\x9F\x91\xA9\xF0\x9F\x8F\xBE\xE2\x80\x8D\xF0\x9F\xA6\xBD",
     "woman in manual wheelchair: medium-dark skin tone"},
    {"\xF0\x9F\x91\xA9\xF0\x9F\x8F\xBF\xE2\x80\x8D\xF0\x9F\xA6\xBD",
     "woman in manual wheelchair: dark skin tone"},
    {"\xF0\x9F\x91\xA9\xE2\x80\x8D\xF0\x9F\xA6\xBD\xE2\x80\x8D\xE2\x9E\xA1\xEF"
     "\xB8\x8F",
     "woman in manual wheelchair facing right"},
    {"\xF0\x9F\x91\xA9\xF0\x9F\x8F\xBB\xE2\x80\x8D\xF0\x9F\xA6\xBD\xE2\x80\x8D"
     "\xE2\x9E\xA1\xEF\xB8\x8F",
     "woman in manual wheelchair facing right: light skin tone"},
    {"\xF0\x9F\x91\xA9\xF0\x9F\x8F\xBC\xE2\x80\x8D\xF0\x9F\xA6\xBD\xE2\x80\x8D"
     "\xE2\x9E\xA1\xEF\xB8\x8F",
     "woman in manual wheelchair facing right: medium-light skin tone"},
    {"\xF0\x9F\x91\xA9\xF0\x9F\x8F\xBD\xE2\x80\x8D\xF0\x9F\xA6\xBD\xE2\x80\x8D"
     "\xE2\x9E\xA1\xEF\xB8\x8F",
     "woman in manual wheelchair facing right: medium skin tone"},
    {"\xF0\x9F\x91\xA9\xF0\x9F\x8F\xBE\xE2\x80\x8D\xF0\x9F\xA6\xBD\xE2\x80\x8D"
     "\xE2\x9E\xA1\xEF\xB8\x8F",
     "woman in manual wheelchair facing right: medium-dark skin tone"},
    {"\xF0\x9F\x91\xA9\xF0\x9F\x8F\xBF\xE2\x80\x8D\xF0\x9F\xA6\xBD\xE2\x80\x8D"
     "\xE2\x9E\xA1\xEF\xB8\x8F",
     "woman in manual wheelchair facing right: dark skin tone"},
    {"\xF0\x9F\x8F\x83", "person running"},
    {"\xF0\x9F\x8F\x83\xF0\x9F\x8F\xBB", "person running: light skin tone"},
    {"\xF0\x9F\x8F\x83\xF0\x9F\x8F\xBC",
     "person running: medium-light skin tone"},
    {"\xF0\x9F\x8F\x83\xF0\x9F\x8F\xBD", "person running: medium skin tone"},
    {"\xF0\x9F\x8F\x83\xF0\x9F\x8F\xBE",
     "person running: medium-dark skin tone"},
    {"\xF0\x9F\x8F\x83\xF0\x9F\x8F\xBF", "person running: dark skin tone"},
    {"\xF0\x9F\x8F\x83\xE2\x80\x8D\xE2\x99\x82\xEF\xB8\x8F", "man running"},
    {"\xF0\x9F\x8F\x83\xF0\x9F\x8F\xBB\xE2\x80\x8D\xE2\x99\x82\xEF\xB8\x8F",
     "man running: light skin tone"},
    {"\xF0\x9F\x8F\x83\xF0\x9F\x8F\xBC\xE2\x80\x8D\xE2\x99\x82\xEF\xB8\x8F",
     "man running: medium-light skin tone"},
    {"\xF0\x9F\x8F\x83\xF0\x9F\x8F\xBD\xE2\x80\x8D\xE2\x99\x82\xEF\xB8\x8F",
     "man running: medium skin tone"},
    {"\xF0\x9F\x8F\x83\xF0\x9F\x8F\xBE\xE2\x80\x8D\xE2\x99\x82\xEF\xB8\x8F",
     "man running: medium-dark skin tone"},
    {"\xF0\x9F\x8F\x83\xF0\x9F\x8F\xBF\xE2\x80\x8D\xE2\x99\x82\xEF\xB8\x8F",
     "man running: dark skin tone"},
    {"\xF0\x9F\x8F\x83\xE2\x80\x8D\xE2\x99\x80\xEF\xB8\x8F", "woman running"},
    {"\xF0\x9F\x8F\x83\xF0\x9F\x8F\xBB\xE2\x80\x8D\xE2\x99\x80\xEF\xB8\x8F",
     "woman running: light skin tone"},
    {"\xF0\x9F\x8F\x83\xF0\x9F\x8F\xBC\xE2\x80\x8D\xE2\x99\x80\xEF\xB8\x8F",
     "woman running: medium-light skin tone"},
    {"\xF0\x9F\x8F\x83\xF0\x9F\x8F\xBD\xE2\x80\x8D\xE2\x99\x80\xEF\xB8\x8F",
     "woman running: medium skin tone"},
    {"\xF0\x9F\x8F\x83\xF0\x9F\x8F\xBE\xE2\x80\x8D\xE2\x99\x80\xEF\xB8\x8F",
     "woman running: medium-dark skin tone"},
    {"\xF0\x9F\x8F\x83\xF0\x9F\x8F\xBF\xE2\x80\x8D\xE2\x99\x80\xEF\xB8\x8F",
     "woman running: dark skin tone"},
    {"\xF0\x9F\x8F\x83\xE2\x80\x8D\xE2\x9E\xA1\xEF\xB8\x8F",
     "person running facing right"},
    {"\xF0\x9F\x8F\x83\xF0\x9F\x8F\xBB\xE2\x80\x8D\xE2\x9E\xA1\xEF\xB8\x8F",
     "person running facing right: light skin tone"},
    {"\xF0\x9F\x8F\x83\xF0\x9F\x8F\xBC\xE2\x80\x8D\xE2\x9E\xA1\xEF\xB8\x8F",
     "person running facing right: medium-light skin tone"},
    {"\xF0\x9F\x8F\x83\xF0\x9F\x8F\xBD\xE2\x80\x8D\xE2\x9E\xA1\xEF\xB8\x8F",
     "person running facing right: medium skin tone"},
    {"\xF0\x9F\x8F\x83\xF0\x9F\x8F\xBE\xE2\x80\x8D\xE2\x9E\xA1\xEF\xB8\x8F",
     "person running facing right: medium-dark skin tone"},
    {"\xF0\x9F\x8F\x83\xF0\x9F\x8F\xBF\xE2\x80\x8D\xE2\x9E\xA1\xEF\xB8\x8F",
     "person running facing right: dark skin tone"},
    {"\xF0\x9F\x8F\x83\xE2\x80\x8D\xE2\x99\x80\xEF\xB8\x8F\xE2\x80\x8D\xE2\x9E"
     "\xA1\xEF\xB8\x8F",
     "woman running facing right"},
    {"\xF0\x9F\x8F\x83\xF0\x9F\x8F\xBB\xE2\x80\x8D\xE2\x99\x80\xEF\xB8\x8F\xE2"
     "\x80\x8D\xE2\x9E\xA1\xEF\xB8\x8F",
     "woman running facing right: light skin tone"},
    {"\xF0\x9F\x8F\x83\xF0\x9F\x8F\xBC\xE2\x80\x8D\xE2\x99\x80\xEF\xB8\x8F\xE2"
     "\x80\x8D\xE2\x9E\xA1\xEF\xB8\x8F",
     "woman running facing right: medium-light skin tone"},
    {"\xF0\x9F\x8F\x83\xF0\x9F\x8F\xBD\xE2\x80\x8D\xE2\x99\x80\xEF\xB8\x8F\xE2"
     "\x80\x8D\xE2\x9E\xA1\xEF\xB8\x8F",
     "woman running facing right: medium skin tone"},
    {"\xF0\x9F\x8F\x83\xF0\x9F\x8F\xBE\xE2\x80\x8D\xE2\x99\x80\xEF\xB8\x8F\xE2"
     "\x80\x8D\xE2\x9E\xA1\xEF\xB8\x8F",
     "woman running facing right: medium-dark skin tone"},
    {"\xF0\x9F\x8F\x83\xF0\x9F\x8F\xBF\xE2\x80\x8D\xE2\x99\x80\xEF\xB8\x8F\xE2"
     "\x80\x8D\xE2\x9E\xA1\xEF\xB8\x8F",
     "woman running facing right: dark skin tone"},
    {"\xF0\x9F\x8F\x83\xE2\x80\x8D\xE2\x99\x82\xEF\xB8\x8F\xE2\x80\x8D\xE2\x9E"
     "\xA1\xEF\xB8\x8F",
     "man running facing right"},
    {"\xF0\x9F\x8F\x83\xF0\x9F\x8F\xBB\xE2\x80\x8D\xE2\x99\x82\xEF\xB8\x8F\xE2"
     "\x80\x8D\xE2\x9E\xA1\xEF\xB8\x8F",
     "man running facing right: light skin tone"},
    {"\xF0\x9F\x8F\x83\xF0\x9F\x8F\xBC\xE2\x80\x8D\xE2\x99\x82\xEF\xB8\x8F\xE2"
     "\x80\x8D\xE2\x9E\xA1\xEF\xB8\x8F",
     "man running facing right: medium-light skin tone"},
    {"\xF0\x9F\x8F\x83\xF0\x9F\x8F\xBD\xE2\x80\x8D\xE2\x99\x82\xEF\xB8\x8F\xE2"
     "\x80\x8D\xE2\x9E\xA1\xEF\xB8\x8F",
     "man running facing right: medium skin tone"},
    {"\xF0\x9F\x8F\x83\xF0\x9F\x8F\xBE\xE2\x80\x8D\xE2\x99\x82\xEF\xB8\x8F\xE2"
     "\x80\x8D\xE2\x9E\xA1\xEF\xB8\x8F",
     "man running facing right: medium-dark skin tone"},
    {"\xF0\x9F\x8F\x83\xF0\x9F\x8F\xBF\xE2\x80\x8D\xE2\x99\x82\xEF\xB8\x8F\xE2"
     "\x80\x8D\xE2\x9E\xA1\xEF\xB8\x8F",
     "man running facing right: dark skin tone"},
    {"\xF0\x9F\x92\x83", "woman dancing"},
    {"\xF0\x9F\x92\x83\xF0\x9F\x8F\xBB", "woman dancing: light skin tone"},
    {"\xF0\x9F\x92\x83\xF0\x9F\x8F\xBC",
     "woman dancing: medium-light skin tone"},
    {"\xF0\x9F\x92\x83\xF0\x9F\x8F\xBD", "woman dancing: medium skin tone"},
    {"\xF0\x9F\x92\x83\xF0\x9F\x8F\xBE",
     "woman dancing: medium-dark skin tone"},
    {"\xF0\x9F\x92\x83\xF0\x9F\x8F\xBF", "woman dancing: dark skin tone"},
    {"\xF0\x9F\x95\xBA", "man dancing"},
    {"\xF0\x9F\x95\xBA\xF0\x9F\x8F\xBB", "man dancing: light skin tone"},
    {"\xF0\x9F\x95\xBA\xF0\x9F\x8F\xBC", "man dancing: medium-light skin tone"},
    {"\xF0\x9F\x95\xBA\xF0\x9F\x8F\xBD", "man dancing: medium skin tone"},
    {"\xF0\x9F\x95\xBA\xF0\x9F\x8F\xBE", "man dancing: medium-dark skin tone"},
    {"\xF0\x9F\x95\xBA\xF0\x9F\x8F\xBF", "man dancing: dark skin tone"},
    {"\xF0\x9F\x95\xB4\xEF\xB8\x8F", "person in suit levitating"},
    {"\xF0\x9F\x95\xB4\xF0\x9F\x8F\xBB",
     "person in suit levitating: light skin tone"},
    {"\xF0\x9F\x95\xB4\xF0\x9F\x8F\xBC",
     "person in suit levitating: medium-light skin tone"},
    {"\xF0\x9F\x95\xB4\xF0\x9F\x8F\xBD",
     "person in suit levitating: medium skin tone"},
    {"\xF0\x9F\x95\xB4\xF0\x9F\x8F\xBE",
     "person in suit levitating: medium-dark skin tone"},
    {"\xF0\x9F\x95\xB4\xF0\x9F\x8F\xBF",
     "person in suit levitating: dark skin tone"},
    {"\xF0\x9F\x91\xAF", "people with bunny ears"},
    {"\xF0\x9F\x91\xAF\xE2\x80\x8D\xE2\x99\x82\xEF\xB8\x8F",
     "men with bunny ears"},
    {"\xF0\x9F\x91\xAF\xE2\x80\x8D\xE2\x99\x80\xEF\xB8\x8F",
     "women with bunny ears"},
    {"\xF0\x9F\xA7\x96", "person in steamy room"},
    {"\xF0\x9F\xA7\x96\xF0\x9F\x8F\xBB",
     "person in steamy room: light skin tone"},
    {"\xF0\x9F\xA7\x96\xF0\x9F\x8F\xBC",
     "person in steamy room: medium-light skin tone"},
    {"\xF0\x9F\xA7\x96\xF0\x9F\x8F\xBD",
     "person in steamy room: medium skin tone"},
    {"\xF0\x9F\xA7\x96\xF0\x9F\x8F\xBE",
     "person in steamy room: medium-dark skin tone"},
    {"\xF0\x9F\xA7\x96\xF0\x9F\x8F\xBF",
     "person in steamy room: dark skin tone"},
    {"\xF0\x9F\xA7\x96\xE2\x80\x8D\xE2\x99\x82\xEF\xB8\x8F",
     "man in steamy room"},
    {"\xF0\x9F\xA7\x96\xF0\x9F\x8F\xBB\xE2\x80\x8D\xE2\x99\x82\xEF\xB8\x8F",
     "man in steamy room: light skin tone"},
    {"\xF0\x9F\xA7\x96\xF0\x9F\x8F\xBC\xE2\x80\x8D\xE2\x99\x82\xEF\xB8\x8F",
     "man in steamy room: medium-light skin tone"},
    {"\xF0\x9F\xA7\x96\xF0\x9F\x8F\xBD\xE2\x80\x8D\xE2\x99\x82\xEF\xB8\x8F",
     "man in steamy room: medium skin tone"},
    {"\xF0\x9F\xA7\x96\xF0\x9F\x8F\xBE\xE2\x80\x8D\xE2\x99\x82\xEF\xB8\x8F",
     "man in steamy room: medium-dark skin tone"},
    {"\xF0\x9F\xA7\x96\xF0\x9F\x8F\xBF\xE2\x80\x8D\xE2\x99\x82\xEF\xB8\x8F",
     "man in steamy room: dark skin tone"},
    {"\xF0\x9F\xA7\x96\xE2\x80\x8D\xE2\x99\x80\xEF\xB8\x8F",
     "woman in steamy room"},
    {"\xF0\x9F\xA7\x96\xF0\x9F\x8F\xBB\xE2\x80\x8D\xE2\x99\x80\xEF\xB8\x8F",
     "woman in steamy room: light skin tone"},
    {"\xF0\x9F\xA7\x96\xF0\x9F\x8F\xBC\xE2\x80\x8D\xE2\x99\x80\xEF\xB8\x8F",
     "woman in steamy room: medium-light skin tone"},
    {"\xF0\x9F\xA7\x96\xF0\x9F\x8F\xBD\xE2\x80\x8D\xE2\x99\x80\xEF\xB8\x8F",
     "woman in steamy room: medium skin tone"},
    {"\xF0\x9F\xA7\x96\xF0\x9F\x8F\xBE\xE2\x80\x8D\xE2\x99\x80\xEF\xB8\x8F",
     "woman in steamy room: medium-dark skin tone"},
    {"\xF0\x9F\xA7\x96\xF0\x9F\x8F\xBF\xE2\x80\x8D\xE2\x99\x80\xEF\xB8\x8F",
     "woman in steamy room: dark skin tone"},
    {"\xF0\x9F\xA7\x97", "person climbing"},
    {"\xF0\x9F\xA7\x97\xF0\x9F\x8F\xBB", "person climbing: light skin tone"},
    {"\xF0\x9F\xA7\x97\xF0\x9F\x8F\xBC",
     "person climbing: medium-light skin tone"},
    {"\xF0\x9F\xA7\x97\xF0\x9F\x8F\xBD", "person climbing: medium skin tone"},
    {"\xF0\x9F\xA7\x97\xF0\x9F\x8F\xBE",
     "person climbing: medium-dark skin tone"},
    {"\xF0\x9F\xA7\x97\xF0\x9F\x8F\xBF", "person climbing: dark skin tone"},
    {"\xF0\x9F\xA7\x97\xE2\x80\x8D\xE2\x99\x82\xEF\xB8\x8F", "man climbing"},
    {"\xF0\x9F\xA7\x97\xF0\x9F\x8F\xBB\xE2\x80\x8D\xE2\x99\x82\xEF\xB8\x8F",
     "man climbing: light skin tone"},
    {"\xF0\x9F\xA7\x97\xF0\x9F\x8F\xBC\xE2\x80\x8D\xE2\x99\x82\xEF\xB8\x8F",
     "man climbing: medium-light skin tone"},
    {"\xF0\x9F\xA7\x97\xF0\x9F\x8F\xBD\xE2\x80\x8D\xE2\x99\x82\xEF\xB8\x8F",
     "man climbing: medium skin tone"},
    {"\xF0\x9F\xA7\x97\xF0\x9F\x8F\xBE\xE2\x80\x8D\xE2\x99\x82\xEF\xB8\x8F",
     "man climbing: medium-dark skin tone"},
    {"\xF0\x9F\xA7\x97\xF0\x9F\x8F\xBF\xE2\x80\x8D\xE2\x99\x82\xEF\xB8\x8F",
     "man climbing: dark skin tone"},
    {"\xF0\x9F\xA7\x97\xE2\x80\x8D\xE2\x99\x80\xEF\xB8\x8F", "woman climbing"},
    {"\xF0\x9F\xA7\x97\xF0\x9F\x8F\xBB\xE2\x80\x8D\xE2\x99\x80\xEF\xB8\x8F",
     "woman climbing: light skin tone"},
    {"\xF0\x9F\xA7\x97\xF0\x9F\x8F\xBC\xE2\x80\x8D\xE2\x99\x80\xEF\xB8\x8F",
     "woman climbing: medium-light skin tone"},
    {"\xF0\x9F\xA7\x97\xF0\x9F\x8F\xBD\xE2\x80\x8D\xE2\x99\x80\xEF\xB8\x8F",
     "woman climbing: medium skin tone"},
    {"\xF0\x9F\xA7\x97\xF0\x9F\x8F\xBE\xE2\x80\x8D\xE2\x99\x80\xEF\xB8\x8F",
     "woman climbing: medium-dark skin tone"},
    {"\xF0\x9F\xA7\x97\xF0\x9F\x8F\xBF\xE2\x80\x8D\xE2\x99\x80\xEF\xB8\x8F",
     "woman climbing: dark skin tone"},
    {"\xF0\x9F\xA4\xBA", "person fencing"},
    {"\xF0\x9F\x8F\x87", "horse racing"},
    {"\xF0\x9F\x8F\x87\xF0\x9F\x8F\xBB", "horse racing: light skin tone"},
    {"\xF0\x9F\x8F\x87\xF0\x9F\x8F\xBC",
     "horse racing: medium-light skin tone"},
    {"\xF0\x9F\x8F\x87\xF0\x9F\x8F\xBD", "horse racing: medium skin tone"},
    {"\xF0\x9F\x8F\x87\xF0\x9F\x8F\xBE", "horse racing: medium-dark skin tone"},
    {"\xF0\x9F\x8F\x87\xF0\x9F\x8F\xBF", "horse racing: dark skin tone"},
    {"\xE2\x9B\xB7\xEF\xB8\x8F", "skier"},
    {"\xF0\x9F\x8F\x82", "snowboarder"},
    {"\xF0\x9F\x8F\x82\xF0\x9F\x8F\xBB", "snowboarder: light skin tone"},
    {"\xF0\x9F\x8F\x82\xF0\x9F\x8F\xBC", "snowboarder: medium-light skin tone"},
    {"\xF0\x9F\x8F\x82\xF0\x9F\x8F\xBD", "snowboarder: medium skin tone"},
    {"\xF0\x9F\x8F\x82\xF0\x9F\x8F\xBE", "snowboarder: medium-dark skin tone"},
    {"\xF0\x9F\x8F\x82\xF0\x9F\x8F\xBF", "snowboarder: dark skin tone"},
    {"\xF0\x9F\x8F\x8C\xEF\xB8\x8F", "person golfing"},
    {"\xF0\x9F\x8F\x8C\xF0\x9F\x8F\xBB", "person golfing: light skin tone"},
    {"\xF0\x9F\x8F\x8C\xF0\x9F\x8F\xBC",
     "person golfing: medium-light skin tone"},
    {"\xF0\x9F\x8F\x8C\xF0\x9F\x8F\xBD", "person golfing: medium skin tone"},
    {"\xF0\x9F\x8F\x8C\xF0\x9F\x8F\xBE",
     "person golfing: medium-dark skin tone"},
    {"\xF0\x9F\x8F\x8C\xF0\x9F\x8F\xBF", "person golfing: dark skin tone"},
    {"\xF0\x9F\x8F\x8C\xEF\xB8\x8F\xE2\x80\x8D\xE2\x99\x82\xEF\xB8\x8F",
     "man golfing"},
    {"\xF0\x9F\x8F\x8C\xF0\x9F\x8F\xBB\xE2\x80\x8D\xE2\x99\x82\xEF\xB8\x8F",
     "man golfing: light skin tone"},
    {"\xF0\x9F\x8F\x8C\xF0\x9F\x8F\xBC\xE2\x80\x8D\xE2\x99\x82\xEF\xB8\x8F",
     "man golfing: medium-light skin tone"},
    {"\xF0\x9F\x8F\x8C\xF0\x9F\x8F\xBD\xE2\x80\x8D\xE2\x99\x82\xEF\xB8\x8F",
     "man golfing: medium skin tone"},
    {"\xF0\x9F\x8F\x8C\xF0\x9F\x8F\xBE\xE2\x80\x8D\xE2\x99\x82\xEF\xB8\x8F",
     "man golfing: medium-dark skin tone"},
    {"\xF0\x9F\x8F\x8C\xF0\x9F\x8F\xBF\xE2\x80\x8D\xE2\x99\x82\xEF\xB8\x8F",
     "man golfing: dark skin tone"},
    {"\xF0\x9F\x8F\x8C\xEF\xB8\x8F\xE2\x80\x8D\xE2\x99\x80\xEF\xB8\x8F",
     "woman golfing"},
    {"\xF0\x9F\x8F\x8C\xF0\x9F\x8F\xBB\xE2\x80\x8D\xE2\x99\x80\xEF\xB8\x8F",
     "woman golfing: light skin tone"},
    {"\xF0\x9F\x8F\x8C\xF0\x9F\x8F\xBC\xE2\x80\x8D\xE2\x99\x80\xEF\xB8\x8F",
     "woman golfing: medium-light skin tone"},
    {"\xF0\x9F\x8F\x8C\xF0\x9F\x8F\xBD\xE2\x80\x8D\xE2\x99\x80\xEF\xB8\x8F",
     "woman golfing: medium skin tone"},
    {"\xF0\x9F\x8F\x8C\xF0\x9F\x8F\xBE\xE2\x80\x8D\xE2\x99\x80\xEF\xB8\x8F",
     "woman golfing: medium-dark skin tone"},
    {"\xF0\x9F\x8F\x8C\xF0\x9F\x8F\xBF\xE2\x80\x8D\xE2\x99\x80\xEF\xB8\x8F",
     "woman golfing: dark skin tone"},
    {"\xF0\x9F\x8F\x84", "person surfing"},
    {"\xF0\x9F\x8F\x84\xF0\x9F\x8F\xBB", "person surfing: light skin tone"},
    {"\xF0\x9F\x8F\x84\xF0\x9F\x8F\xBC",
     "person surfing: medium-light skin tone"},
    {"\xF0\x9F\x8F\x84\xF0\x9F\x8F\xBD", "person surfing: medium skin tone"},
    {"\xF0\x9F\x8F\x84\xF0\x9F\x8F\xBE",
     "person surfing: medium-dark skin tone"},
    {"\xF0\x9F\x8F\x84\xF0\x9F\x8F\xBF", "person surfing: dark skin tone"},
    {"\xF0\x9F\x8F\x84\xE2\x80\x8D\xE2\x99\x82\xEF\xB8\x8F", "man surfing"},
    {"\xF0\x9F\x8F\x84\xF0\x9F\x8F\xBB\xE2\x80\x8D\xE2\x99\x82\xEF\xB8\x8F",
     "man surfing: light skin tone"},
    {"\xF0\x9F\x8F\x84\xF0\x9F\x8F\xBC\xE2\x80\x8D\xE2\x99\x82\xEF\xB8\x8F",
     "man surfing: medium-light skin tone"},
    {"\xF0\x9F\x8F\x84\xF0\x9F\x8F\xBD\xE2\x80\x8D\xE2\x99\x82\xEF\xB8\x8F",
     "man surfing: medium skin tone"},
    {"\xF0\x9F\x8F\x84\xF0\x9F\x8F\xBE\xE2\x80\x8D\xE2\x99\x82\xEF\xB8\x8F",
     "man surfing: medium-dark skin tone"},
    {"\xF0\x9F\x8F\x84\xF0\x9F\x8F\xBF\xE2\x80\x8D\xE2\x99\x82\xEF\xB8\x8F",
     "man surfing: dark skin tone"},
    {"\xF0\x9F\x8F\x84\xE2\x80\x8D\xE2\x99\x80\xEF\xB8\x8F", "woman surfing"},
    {"\xF0\x9F\x8F\x84\xF0\x9F\x8F\xBB\xE2\x80\x8D\xE2\x99\x80\xEF\xB8\x8F",
     "woman surfing: light skin tone"},
    {"\xF0\x9F\x8F\x84\xF0\x9F\x8F\xBC\xE2\x80\x8D\xE2\x99\x80\xEF\xB8\x8F",
     "woman surfing: medium-light skin tone"},
    {"\xF0\x9F\x8F\x84\xF0\x9F\x8F\xBD\xE2\x80\x8D\xE2\x99\x80\xEF\xB8\x8F",
     "woman surfing: medium skin tone"},
    {"\xF0\x9F\x8F\x84\xF0\x9F\x8F\xBE\xE2\x80\x8D\xE2\x99\x80\xEF\xB8\x8F",
     "woman surfing: medium-dark skin tone"},
    {"\xF0\x9F\x8F\x84\xF0\x9F\x8F\xBF\xE2\x80\x8D\xE2\x99\x80\xEF\xB8\x8F",
     "woman surfing: dark skin tone"},
    {"\xF0\x9F\x9A\xA3", "person rowing boat"},
    {"\xF0\x9F\x9A\xA3\xF0\x9F\x8F\xBB", "person rowing boat: light skin tone"},
    {"\xF0\x9F\x9A\xA3\xF0\x9F\x8F\xBC",
     "person rowing boat: medium-light skin tone"},
    {"\xF0\x9F\x9A\xA3\xF0\x9F\x8F\xBD",
     "person rowing boat: medium skin tone"},
    {"\xF0\x9F\x9A\xA3\xF0\x9F\x8F\xBE",
     "person rowing boat: medium-dark skin tone"},
    {"\xF0\x9F\x9A\xA3\xF0\x9F\x8F\xBF", "person rowing boat: dark skin tone"},
    {"\xF0\x9F\x9A\xA3\xE2\x80\x8D\xE2\x99\x82\xEF\xB8\x8F", "man rowing boat"},
    {"\xF0\x9F\x9A\xA3\xF0\x9F\x8F\xBB\xE2\x80\x8D\xE2\x99\x82\xEF\xB8\x8F",
     "man rowing boat: light skin tone"},
    {"\xF0\x9F\x9A\xA3\xF0\x9F\x8F\xBC\xE2\x80\x8D\xE2\x99\x82\xEF\xB8\x8F",
     "man rowing boat: medium-light skin tone"},
    {"\xF0\x9F\x9A\xA3\xF0\x9F\x8F\xBD\xE2\x80\x8D\xE2\x99\x82\xEF\xB8\x8F",
     "man rowing boat: medium skin tone"},
    {"\xF0\x9F\x9A\xA3\xF0\x9F\x8F\xBE\xE2\x80\x8D\xE2\x99\x82\xEF\xB8\x8F",
     "man rowing boat: medium-dark skin tone"},
    {"\xF0\x9F\x9A\xA3\xF0\x9F\x8F\xBF\xE2\x80\x8D\xE2\x99\x82\xEF\xB8\x8F",
     "man rowing boat: dark skin tone"},
    {"\xF0\x9F\x9A\xA3\xE2\x80\x8D\xE2\x99\x80\xEF\xB8\x8F",
     "woman rowing boat"},
    {"\xF0\x9F\x9A\xA3\xF0\x9F\x8F\xBB\xE2\x80\x8D\xE2\x99\x80\xEF\xB8\x8F",
     "woman rowing boat: light skin tone"},
    {"\xF0\x9F\x9A\xA3\xF0\x9F\x8F\xBC\xE2\x80\x8D\xE2\x99\x80\xEF\xB8\x8F",
     "woman rowing boat: medium-light skin tone"},
    {"\xF0\x9F\x9A\xA3\xF0\x9F\x8F\xBD\xE2\x80\x8D\xE2\x99\x80\xEF\xB8\x8F",
     "woman rowing boat: medium skin tone"},
    {"\xF0\x9F\x9A\xA3\xF0\x9F\x8F\xBE\xE2\x80\x8D\xE2\x99\x80\xEF\xB8\x8F",
     "woman rowing boat: medium-dark skin tone"},
    {"\xF0\x9F\x9A\xA3\xF0\x9F\x8F\xBF\xE2\x80\x8D\xE2\x99\x80\xEF\xB8\x8F",
     "woman rowing boat: dark skin tone"},
    {"\xF0\x9F\x8F\x8A", "person swimming"},
    {"\xF0\x9F\x8F\x8A\xF0\x9F\x8F\xBB", "person swimming: light skin tone"},
    {"\xF0\x9F\x8F\x8A\xF0\x9F\x8F\xBC",
     "person swimming: medium-light skin tone"},
    {"\xF0\x9F\x8F\x8A\xF0\x9F\x8F\xBD", "person swimming: medium skin tone"},
    {"\xF0\x9F\x8F\x8A\xF0\x9F\x8F\xBE",
     "person swimming: medium-dark skin tone"},
    {"\xF0\x9F\x8F\x8A\xF0\x9F\x8F\xBF", "person swimming: dark skin tone"},
    {"\xF0\x9F\x8F\x8A\xE2\x80\x8D\xE2\x99\x82\xEF\xB8\x8F", "man swimming"},
    {"\xF0\x9F\x8F\x8A\xF0\x9F\x8F\xBB\xE2\x80\x8D\xE2\x99\x82\xEF\xB8\x8F",
     "man swimming: light skin tone"},
    {"\xF0\x9F\x8F\x8A\xF0\x9F\x8F\xBC\xE2\x80\x8D\xE2\x99\x82\xEF\xB8\x8F",
     "man swimming: medium-light skin tone"},
    {"\xF0\x9F\x8F\x8A\xF0\x9F\x8F\xBD\xE2\x80\x8D\xE2\x99\x82\xEF\xB8\x8F",
     "man swimming: medium skin tone"},
    {"\xF0\x9F\x8F\x8A\xF0\x9F\x8F\xBE\xE2\x80\x8D\xE2\x99\x82\xEF\xB8\x8F",
     "man swimming: medium-dark skin tone"},
    {"\xF0\x9F\x8F\x8A\xF0\x9F\x8F\xBF\xE2\x80\x8D\xE2\x99\x82\xEF\xB8\x8F",
     "man swimming: dark skin tone"},
    {"\xF0\x9F\x8F\x8A\xE2\x80\x8D\xE2\x99\x80\xEF\xB8\x8F", "woman swimming"},
    {"\xF0\x9F\x8F\x8A\xF0\x9F\x8F\xBB\xE2\x80\x8D\xE2\x99\x80\xEF\xB8\x8F",
     "woman swimming: light skin tone"},
    {"\xF0\x9F\x8F\x8A\xF0\x9F\x8F\xBC\xE2\x80\x8D\xE2\x99\x80\xEF\xB8\x8F",
     "woman swimming: medium-light skin tone"},
    {"\xF0\x9F\x8F\x8A\xF0\x9F\x8F\xBD\xE2\x80\x8D\xE2\x99\x80\xEF\xB8\x8F",
     "woman swimming: medium skin tone"},
    {"\xF0\x9F\x8F\x8A\xF0\x9F\x8F\xBE\xE2\x80\x8D\xE2\x99\x80\xEF\xB8\x8F",
     "woman swimming: medium-dark skin tone"},
    {"\xF0\x9F\x8F\x8A\xF0\x9F\x8F\xBF\xE2\x80\x8D\xE2\x99\x80\xEF\xB8\x8F",
     "woman swimming: dark skin tone"},
    {"\xE2\x9B\xB9\xEF\xB8\x8F", "person bouncing ball"},
    {"\xE2\x9B\xB9\xF0\x9F\x8F\xBB", "person bouncing ball: light skin tone"},
    {"\xE2\x9B\xB9\xF0\x9F\x8F\xBC",
     "person bouncing ball: medium-light skin tone"},
    {"\xE2\x9B\xB9\xF0\x9F\x8F\xBD", "person bouncing ball: medium skin tone"},
    {"\xE2\x9B\xB9\xF0\x9F\x8F\xBE",
     "person bouncing ball: medium-dark skin tone"},
    {"\xE2\x9B\xB9\xF0\x9F\x8F\xBF", "person bouncing ball: dark skin tone"},
    {"\xE2\x9B\xB9\xEF\xB8\x8F\xE2\x80\x8D\xE2\x99\x82\xEF\xB8\x8F",
     "man bouncing ball"},
    {"\xE2\x9B\xB9\xF0\x9F\x8F\xBB\xE2\x80\x8D\xE2\x99\x82\xEF\xB8\x8F",
     "man bouncing ball: light skin tone"},
    {"\xE2\x9B\xB9\xF0\x9F\x8F\xBC\xE2\x80\x8D\xE2\x99\x82\xEF\xB8\x8F",
     "man bouncing ball: medium-light skin tone"},
    {"\xE2\x9B\xB9\xF0\x9F\x8F\xBD\xE2\x80\x8D\xE2\x99\x82\xEF\xB8\x8F",
     "man bouncing ball: medium skin tone"},
    {"\xE2\x9B\xB9\xF0\x9F\x8F\xBE\xE2\x80\x8D\xE2\x99\x82\xEF\xB8\x8F",
     "man bouncing ball: medium-dark skin tone"},
    {"\xE2\x9B\xB9\xF0\x9F\x8F\xBF\xE2\x80\x8D\xE2\x99\x82\xEF\xB8\x8F",
     "man bouncing ball: dark skin tone"},
    {"\xE2\x9B\xB9\xEF\xB8\x8F\xE2\x80\x8D\xE2\x99\x80\xEF\xB8\x8F",
     "woman bouncing ball"},
    {"\xE2\x9B\xB9\xF0\x9F\x8F\xBB\xE2\x80\x8D\xE2\x99\x80\xEF\xB8\x8F",
     "woman bouncing ball: light skin tone"},
    {"\xE2\x9B\xB9\xF0\x9F\x8F\xBC\xE2\x80\x8D\xE2\x99\x80\xEF\xB8\x8F",
     "woman bouncing ball: medium-light skin tone"},
    {"\xE2\x9B\xB9\xF0\x9F\x8F\xBD\xE2\x80\x8D\xE2\x99\x80\xEF\xB8\x8F",
     "woman bouncing ball: medium skin tone"},
    {"\xE2\x9B\xB9\xF0\x9F\x8F\xBE\xE2\x80\x8D\xE2\x99\x80\xEF\xB8\x8F",
     "woman bouncing ball: medium-dark skin tone"},
    {"\xE2\x9B\xB9\xF0\x9F\x8F\xBF\xE2\x80\x8D\xE2\x99\x80\xEF\xB8\x8F",
     "woman bouncing ball: dark skin tone"},
    {"\xF0\x9F\x8F\x8B\xEF\xB8\x8F", "person lifting weights"},
    {"\xF0\x9F\x8F\x8B\xF0\x9F\x8F\xBB",
     "person lifting weights: light skin tone"},
    {"\xF0\x9F\x8F\x8B\xF0\x9F\x8F\xBC",
     "person lifting weights: medium-light skin tone"},
    {"\xF0\x9F\x8F\x8B\xF0\x9F\x8F\xBD",
     "person lifting weights: medium skin tone"},
    {"\xF0\x9F\x8F\x8B\xF0\x9F\x8F\xBE",
     "person lifting weights: medium-dark skin tone"},
    {"\xF0\x9F\x8F\x8B\xF0\x9F\x8F\xBF",
     "person lifting weights: dark skin tone"},
    {"\xF0\x9F\x8F\x8B\xEF\xB8\x8F\xE2\x80\x8D\xE2\x99\x82\xEF\xB8\x8F",
     "man lifting weights"},
    {"\xF0\x9F\x8F\x8B\xF0\x9F\x8F\xBB\xE2\x80\x8D\xE2\x99\x82\xEF\xB8\x8F",
     "man lifting weights: light skin tone"},
    {"\xF0\x9F\x8F\x8B\xF0\x9F\x8F\xBC\xE2\x80\x8D\xE2\x99\x82\xEF\xB8\x8F",
     "man lifting weights: medium-light skin tone"},
    {"\xF0\x9F\x8F\x8B\xF0\x9F\x8F\xBD\xE2\x80\x8D\xE2\x99\x82\xEF\xB8\x8F",
     "man lifting weights: medium skin tone"},
    {"\xF0\x9F\x8F\x8B\xF0\x9F\x8F\xBE\xE2\x80\x8D\xE2\x99\x82\xEF\xB8\x8F",
     "man lifting weights: medium-dark skin tone"},
    {"\xF0\x9F\x8F\x8B\xF0\x9F\x8F\xBF\xE2\x80\x8D\xE2\x99\x82\xEF\xB8\x8F",
     "man lifting weights: dark skin tone"},
    {"\xF0\x9F\x8F\x8B\xEF\xB8\x8F\xE2\x80\x8D\xE2\x99\x80\xEF\xB8\x8F",
     "woman lifting weights"},
    {"\xF0\x9F\x8F\x8B\xF0\x9F\x8F\xBB\xE2\x80\x8D\xE2\x99\x80\xEF\xB8\x8F",
     "woman lifting weights: light skin tone"},
    {"\xF0\x9F\x8F\x8B\xF0\x9F\x8F\xBC\xE2\x80\x8D\xE2\x99\x80\xEF\xB8\x8F",
     "woman lifting weights: medium-light skin tone"},
    {"\xF0\x9F\x8F\x8B\xF0\x9F\x8F\xBD\xE2\x80\x8D\xE2\x99\x80\xEF\xB8\x8F",
     "woman lifting weights: medium skin tone"},
    {"\xF0\x9F\x8F\x8B\xF0\x9F\x8F\xBE\xE2\x80\x8D\xE2\x99\x80\xEF\xB8\x8F",
     "woman lifting weights: medium-dark skin tone"},
    {"\xF0\x9F\x8F\x8B\xF0\x9F\x8F\xBF\xE2\x80\x8D\xE2\x99\x80\xEF\xB8\x8F",
     "woman lifting weights: dark skin tone"},
    {"\xF0\x9F\x9A\xB4", "person biking"},
    {"\xF0\x9F\x9A\xB4\xF0\x9F\x8F\xBB", "person biking: light skin tone"},
    {"\xF0\x9F\x9A\xB4\xF0\x9F\x8F\xBC",
     "person biking: medium-light skin tone"},
    {"\xF0\x9F\x9A\xB4\xF0\x9F\x8F\xBD", "person biking: medium skin tone"},
    {"\xF0\x9F\x9A\xB4\xF0\x9F\x8F\xBE",
     "person biking: medium-dark skin tone"},
    {"\xF0\x9F\x9A\xB4\xF0\x9F\x8F\xBF", "person biking: dark skin tone"},
    {"\xF0\x9F\x9A\xB4\xE2\x80\x8D\xE2\x99\x82\xEF\xB8\x8F", "man biking"},
    {"\xF0\x9F\x9A\xB4\xF0\x9F\x8F\xBB\xE2\x80\x8D\xE2\x99\x82\xEF\xB8\x8F",
     "man biking: light skin tone"},
    {"\xF0\x9F\x9A\xB4\xF0\x9F\x8F\xBC\xE2\x80\x8D\xE2\x99\x82\xEF\xB8\x8F",
     "man biking: medium-light skin tone"},
    {"\xF0\x9F\x9A\xB4\xF0\x9F\x8F\xBD\xE2\x80\x8D\xE2\x99\x82\xEF\xB8\x8F",
     "man biking: medium skin tone"},
    {"\xF0\x9F\x9A\xB4\xF0\x9F\x8F\xBE\xE2\x80\x8D\xE2\x99\x82\xEF\xB8\x8F",
     "man biking: medium-dark skin tone"},
    {"\xF0\x9F\x9A\xB4\xF0\x9F\x8F\xBF\xE2\x80\x8D\xE2\x99\x82\xEF\xB8\x8F",
     "man biking: dark skin tone"},
    {"\xF0\x9F\x9A\xB4\xE2\x80\x8D\xE2\x99\x80\xEF\xB8\x8F", "woman biking"},
    {"\xF0\x9F\x9A\xB4\xF0\x9F\x8F\xBB\xE2\x80\x8D\xE2\x99\x80\xEF\xB8\x8F",
     "woman biking: light skin tone"},
    {"\xF0\x9F\x9A\xB4\xF0\x9F\x8F\xBC\xE2\x80\x8D\xE2\x99\x80\xEF\xB8\x8F",
     "woman biking: medium-light skin tone"},
    {"\xF0\x9F\x9A\xB4\xF0\x9F\x8F\xBD\xE2\x80\x8D\xE2\x99\x80\xEF\xB8\x8F",
     "woman biking: medium skin tone"},
    {"\xF0\x9F\x9A\xB4\xF0\x9F\x8F\xBE\xE2\x80\x8D\xE2\x99\x80\xEF\xB8\x8F",
     "woman biking: medium-dark skin tone"},
    {"\xF0\x9F\x9A\xB4\xF0\x9F\x8F\xBF\xE2\x80\x8D\xE2\x99\x80\xEF\xB8\x8F",
     "woman biking: dark skin tone"},
    {"\xF0\x9F\x9A\xB5", "person mountain biking"},
    {"\xF0\x9F\x9A\xB5\xF0\x9F\x8F\xBB",
     "person mountain biking: light skin tone"},
    {"\xF0\x9F\x9A\xB5\xF0\x9F\x8F\xBC",
     "person mountain biking: medium-light skin tone"},
    {"\xF0\x9F\x9A\xB5\xF0\x9F\x8F\xBD",
     "person mountain biking: medium skin tone"},
    {"\xF0\x9F\x9A\xB5\xF0\x9F\x8F\xBE",
     "person mountain biking: medium-dark skin tone"},
    {"\xF0\x9F\x9A\xB5\xF0\x9F\x8F\xBF",
     "person mountain biking: dark skin tone"},
    {"\xF0\x9F\x9A\xB5\xE2\x80\x8D\xE2\x99\x82\xEF\xB8\x8F",
     "man mountain biking"},
    {"\xF0\x9F\x9A\xB5\xF0\x9F\x8F\xBB\xE2\x80\x8D\xE2\x99\x82\xEF\xB8\x8F",
     "man mountain biking: light skin tone"},
    {"\xF0\x9F\x9A\xB5\xF0\x9F\x8F\xBC\xE2\x80\x8D\xE2\x99\x82\xEF\xB8\x8F",
     "man mountain biking: medium-light skin tone"},
    {"\xF0\x9F\x9A\xB5\xF0\x9F\x8F\xBD\xE2\x80\x8D\xE2\x99\x82\xEF\xB8\x8F",
     "man mountain biking: medium skin tone"},
    {"\xF0\x9F\x9A\xB5\xF0\x9F\x8F\xBE\xE2\x80\x8D\xE2\x99\x82\xEF\xB8\x8F",
     "man mountain biking: medium-dark skin tone"},
    {"\xF0\x9F\x9A\xB5\xF0\x9F\x8F\xBF\xE2\x80\x8D\xE2\x99\x82\xEF\xB8\x8F",
     "man mountain biking: dark skin tone"},
    {"\xF0\x9F\x9A\xB5\xE2\x80\x8D\xE2\x99\x80\xEF\xB8\x8F",
     "woman mountain biking"},
    {"\xF0\x9F\x9A\xB5\xF0\x9F\x8F\xBB\xE2\x80\x8D\xE2\x99\x80\xEF\xB8\x8F",
     "woman mountain biking: light skin tone"},
    {"\xF0\x9F\x9A\xB5\xF0\x9F\x8F\xBC\xE2\x80\x8D\xE2\x99\x80\xEF\xB8\x8F",
     "woman mountain biking: medium-light skin tone"},
    {"\xF0\x9F\x9A\xB5\xF0\x9F\x8F\xBD\xE2\x80\x8D\xE2\x99\x80\xEF\xB8\x8F",
     "woman mountain biking: medium skin tone"},
    {"\xF0\x9F\x9A\xB5\xF0\x9F\x8F\xBE\xE2\x80\x8D\xE2\x99\x80\xEF\xB8\x8F",
     "woman mountain biking: medium-dark skin tone"},
    {"\xF0\x9F\x9A\xB5\xF0\x9F\x8F\xBF\xE2\x80\x8D\xE2\x99\x80\xEF\xB8\x8F",
     "woman mountain biking: dark skin tone"},
    {"\xF0\x9F\xA4\xB8", "person cartwheeling"},
    {"\xF0\x9F\xA4\xB8\xF0\x9F\x8F\xBB",
     "person cartwheeling: light skin tone"},
    {"\xF0\x9F\xA4\xB8\xF0\x9F\x8F\xBC",
     "person cartwheeling: medium-light skin tone"},
    {"\xF0\x9F\xA4\xB8\xF0\x9F\x8F\xBD",
     "person cartwheeling: medium skin tone"},
    {"\xF0\x9F\xA4\xB8\xF0\x9F\x8F\xBE",
     "person cartwheeling: medium-dark skin tone"},
    {"\xF0\x9F\xA4\xB8\xF0\x9F\x8F\xBF", "person cartwheeling: dark skin tone"},
    {"\xF0\x9F\xA4\xB8\xE2\x80\x8D\xE2\x99\x82\xEF\xB8\x8F",
     "man cartwheeling"},
    {"\xF0\x9F\xA4\xB8\xF0\x9F\x8F\xBB\xE2\x80\x8D\xE2\x99\x82\xEF\xB8\x8F",
     "man cartwheeling: light skin tone"},
    {"\xF0\x9F\xA4\xB8\xF0\x9F\x8F\xBC\xE2\x80\x8D\xE2\x99\x82\xEF\xB8\x8F",
     "man cartwheeling: medium-light skin tone"},
    {"\xF0\x9F\xA4\xB8\xF0\x9F\x8F\xBD\xE2\x80\x8D\xE2\x99\x82\xEF\xB8\x8F",
     "man cartwheeling: medium skin tone"},
    {"\xF0\x9F\xA4\xB8\xF0\x9F\x8F\xBE\xE2\x80\x8D\xE2\x99\x82\xEF\xB8\x8F",
     "man cartwheeling: medium-dark skin tone"},
    {"\xF0\x9F\xA4\xB8\xF0\x9F\x8F\xBF\xE2\x80\x8D\xE2\x99\x82\xEF\xB8\x8F",
     "man cartwheeling: dark skin tone"},
    {"\xF0\x9F\xA4\xB8\xE2\x80\x8D\xE2\x99\x80\xEF\xB8\x8F",
     "woman cartwheeling"},
    {"\xF0\x9F\xA4\xB8\xF0\x9F\x8F\xBB\xE2\x80\x8D\xE2\x99\x80\xEF\xB8\x8F",
     "woman cartwheeling: light skin tone"},
    {"\xF0\x9F\xA4\xB8\xF0\x9F\x8F\xBC\xE2\x80\x8D\xE2\x99\x80\xEF\xB8\x8F",
     "woman cartwheeling: medium-light skin tone"},
    {"\xF0\x9F\xA4\xB8\xF0\x9F\x8F\xBD\xE2\x80\x8D\xE2\x99\x80\xEF\xB8\x8F",
     "woman cartwheeling: medium skin tone"},
    {"\xF0\x9F\xA4\xB8\xF0\x9F\x8F\xBE\xE2\x80\x8D\xE2\x99\x80\xEF\xB8\x8F",
     "woman cartwheeling: medium-dark skin tone"},
    {"\xF0\x9F\xA4\xB8\xF0\x9F\x8F\xBF\xE2\x80\x8D\xE2\x99\x80\xEF\xB8\x8F",
     "woman cartwheeling: dark skin tone"},
    {"\xF0\x9F\xA4\xBC", "people wrestling"},
    {"\xF0\x9F\xA4\xBC\xE2\x80\x8D\xE2\x99\x82\xEF\xB8\x8F", "men wrestling"},
    {"\xF0\x9F\xA4\xBC\xE2\x80\x8D\xE2\x99\x80\xEF\xB8\x8F", "women wrestling"},
    {"\xF0\x9F\xA4\xBD", "person playing water polo"},
    {"\xF0\x9F\xA4\xBD\xF0\x9F\x8F\xBB",
     "person playing water polo: light skin tone"},
    {"\xF0\x9F\xA4\xBD\xF0\x9F\x8F\xBC",
     "person playing water polo: medium-light skin tone"},
    {"\xF0\x9F\xA4\xBD\xF0\x9F\x8F\xBD",
     "person playing water polo: medium skin tone"},
    {"\xF0\x9F\xA4\xBD\xF0\x9F\x8F\xBE",
     "person playing water polo: medium-dark skin tone"},
    {"\xF0\x9F\xA4\xBD\xF0\x9F\x8F\xBF",
     "person playing water polo: dark skin tone"},
    {"\xF0\x9F\xA4\xBD\xE2\x80\x8D\xE2\x99\x82\xEF\xB8\x8F",
     "man playing water polo"},
    {"\xF0\x9F\xA4\xBD\xF0\x9F\x8F\xBB\xE2\x80\x8D\xE2\x99\x82\xEF\xB8\x8F",
     "man playing water polo: light skin tone"},
    {"\xF0\x9F\xA4\xBD\xF0\x9F\x8F\xBC\xE2\x80\x8D\xE2\x99\x82\xEF\xB8\x8F",
     "man playing water polo: medium-light skin tone"},
    {"\xF0\x9F\xA4\xBD\xF0\x9F\x8F\xBD\xE2\x80\x8D\xE2\x99\x82\xEF\xB8\x8F",
     "man playing water polo: medium skin tone"},
    {"\xF0\x9F\xA4\xBD\xF0\x9F\x8F\xBE\xE2\x80\x8D\xE2\x99\x82\xEF\xB8\x8F",
     "man playing water polo: medium-dark skin tone"},
    {"\xF0\x9F\xA4\xBD\xF0\x9F\x8F\xBF\xE2\x80\x8D\xE2\x99\x82\xEF\xB8\x8F",
     "man playing water polo: dark skin tone"},
    {"\xF0\x9F\xA4\xBD\xE2\x80\x8D\xE2\x99\x80\xEF\xB8\x8F",
     "woman playing water polo"},
    {"\xF0\x9F\xA4\xBD\xF0\x9F\x8F\xBB\xE2\x80\x8D\xE2\x99\x80\xEF\xB8\x8F",
     "woman playing water polo: light skin tone"},
    {"\xF0\x9F\xA4\xBD\xF0\x9F\x8F\xBC\xE2\x80\x8D\xE2\x99\x80\xEF\xB8\x8F",
     "woman playing water polo: medium-light skin tone"},
    {"\xF0\x9F\xA4\xBD\xF0\x9F\x8F\xBD\xE2\x80\x8D\xE2\x99\x80\xEF\xB8\x8F",
     "woman playing water polo: medium skin tone"},
    {"\xF0\x9F\xA4\xBD\xF0\x9F\x8F\xBE\xE2\x80\x8D\xE2\x99\x80\xEF\xB8\x8F",
     "woman playing water polo: medium-dark skin tone"},
    {"\xF0\x9F\xA4\xBD\xF0\x9F\x8F\xBF\xE2\x80\x8D\xE2\x99\x80\xEF\xB8\x8F",
     "woman playing water polo: dark skin tone"},
    {"\xF0\x9F\xA4\xBE", "person playing handball"},
    {"\xF0\x9F\xA4\xBE\xF0\x9F\x8F\xBB",
     "person playing handball: light skin tone"},
    {"\xF0\x9F\xA4\xBE\xF0\x9F\x8F\xBC",
     "person playing handball: medium-light skin tone"},
    {"\xF0\x9F\xA4\xBE\xF0\x9F\x8F\xBD",
     "person playing handball: medium skin tone"},
    {"\xF0\x9F\xA4\xBE\xF0\x9F\x8F\xBE",
     "person playing handball: medium-dark skin tone"},
    {"\xF0\x9F\xA4\xBE\xF0\x9F\x8F\xBF",
     "person playing handball: dark skin tone"},
    {"\xF0\x9F\xA4\xBE\xE2\x80\x8D\xE2\x99\x82\xEF\xB8\x8F",
     "man playing handball"},
    {"\xF0\x9F\xA4\xBE\xF0\x9F\x8F\xBB\xE2\x80\x8D\xE2\x99\x82\xEF\xB8\x8F",
     "man playing handball: light skin tone"},
    {"\xF0\x9F\xA4\xBE\xF0\x9F\x8F\xBC\xE2\x80\x8D\xE2\x99\x82\xEF\xB8\x8F",
     "man playing handball: medium-light skin tone"},
    {"\xF0\x9F\xA4\xBE\xF0\x9F\x8F\xBD\xE2\x80\x8D\xE2\x99\x82\xEF\xB8\x8F",
     "man playing handball: medium skin tone"},
    {"\xF0\x9F\xA4\xBE\xF0\x9F\x8F\xBE\xE2\x80\x8D\xE2\x99\x82\xEF\xB8\x8F",
     "man playing handball: medium-dark skin tone"},
    {"\xF0\x9F\xA4\xBE\xF0\x9F\x8F\xBF\xE2\x80\x8D\xE2\x99\x82\xEF\xB8\x8F",
     "man playing handball: dark skin tone"},
    {"\xF0\x9F\xA4\xBE\xE2\x80\x8D\xE2\x99\x80\xEF\xB8\x8F",
     "woman playing handball"},
    {"\xF0\x9F\xA4\xBE\xF0\x9F\x8F\xBB\xE2\x80\x8D\xE2\x99\x80\xEF\xB8\x8F",
     "woman playing handball: light skin tone"},
    {"\xF0\x9F\xA4\xBE\xF0\x9F\x8F\xBC\xE2\x80\x8D\xE2\x99\x80\xEF\xB8\x8F",
     "woman playing handball: medium-light skin tone"},
    {"\xF0\x9F\xA4\xBE\xF0\x9F\x8F\xBD\xE2\x80\x8D\xE2\x99\x80\xEF\xB8\x8F",
     "woman playing handball: medium skin tone"},
    {"\xF0\x9F\xA4\xBE\xF0\x9F\x8F\xBE\xE2\x80\x8D\xE2\x99\x80\xEF\xB8\x8F",
     "woman playing handball: medium-dark skin tone"},
    {"\xF0\x9F\xA4\xBE\xF0\x9F\x8F\xBF\xE2\x80\x8D\xE2\x99\x80\xEF\xB8\x8F",
     "woman playing handball: dark skin tone"},
    {"\xF0\x9F\xA4\xB9", "person juggling"},
    {"\xF0\x9F\xA4\xB9\xF0\x9F\x8F\xBB", "person juggling: light skin tone"},
    {"\xF0\x9F\xA4\xB9\xF0\x9F\x8F\xBC",
     "person juggling: medium-light skin tone"},
    {"\xF0\x9F\xA4\xB9\xF0\x9F\x8F\xBD", "person juggling: medium skin tone"},
    {"\xF0\x9F\xA4\xB9\xF0\x9F\x8F\xBE",
     "person juggling: medium-dark skin tone"},
    {"\xF0\x9F\xA4\xB9\xF0\x9F\x8F\xBF", "person juggling: dark skin tone"},
    {"\xF0\x9F\xA4\xB9\xE2\x80\x8D\xE2\x99\x82\xEF\xB8\x8F", "man juggling"},
    {"\xF0\x9F\xA4\xB9\xF0\x9F\x8F\xBB\xE2\x80\x8D\xE2\x99\x82\xEF\xB8\x8F",
     "man juggling: light skin tone"},
    {"\xF0\x9F\xA4\xB9\xF0\x9F\x8F\xBC\xE2\x80\x8D\xE2\x99\x82\xEF\xB8\x8F",
     "man juggling: medium-light skin tone"},
    {"\xF0\x9F\xA4\xB9\xF0\x9F\x8F\xBD\xE2\x80\x8D\xE2\x99\x82\xEF\xB8\x8F",
     "man juggling: medium skin tone"},
    {"\xF0\x9F\xA4\xB9\xF0\x9F\x8F\xBE\xE2\x80\x8D\xE2\x99\x82\xEF\xB8\x8F",
     "man juggling: medium-dark skin tone"},
    {"\xF0\x9F\xA4\xB9\xF0\x9F\x8F\xBF\xE2\x80\x8D\xE2\x99\x82\xEF\xB8\x8F",
     "man juggling: dark skin tone"},
    {"\xF0\x9F\xA4\xB9\xE2\x80\x8D\xE2\x99\x80\xEF\xB8\x8F", "woman juggling"},
    {"\xF0\x9F\xA4\xB9\xF0\x9F\x8F\xBB\xE2\x80\x8D\xE2\x99\x80\xEF\xB8\x8F",
     "woman juggling: light skin tone"},
    {"\xF0\x9F\xA4\xB9\xF0\x9F\x8F\xBC\xE2\x80\x8D\xE2\x99\x80\xEF\xB8\x8F",
     "woman juggling: medium-light skin tone"},
    {"\xF0\x9F\xA4\xB9\xF0\x9F\x8F\xBD\xE2\x80\x8D\xE2\x99\x80\xEF\xB8\x8F",
     "woman juggling: medium skin tone"},
    {"\xF0\x9F\xA4\xB9\xF0\x9F\x8F\xBE\xE2\x80\x8D\xE2\x99\x80\xEF\xB8\x8F",
     "woman juggling: medium-dark skin tone"},
    {"\xF0\x9F\xA4\xB9\xF0\x9F\x8F\xBF\xE2\x80\x8D\xE2\x99\x80\xEF\xB8\x8F",
     "woman juggling: dark skin tone"},
    {"\xF0\x9F\xA7\x98", "person in lotus position"},
    {"\xF0\x9F\xA7\x98\xF0\x9F\x8F\xBB",
     "person in lotus position: light skin tone"},
    {"\xF0\x9F\xA7\x98\xF0\x9F\x8F\xBC",
     "person in lotus position: medium-light skin tone"},
    {"\xF0\x9F\xA7\x98\xF0\x9F\x8F\xBD",
     "person in lotus position: medium skin tone"},
    {"\xF0\x9F\xA7\x98\xF0\x9F\x8F\xBE",
     "person in lotus position: medium-dark skin tone"},
    {"\xF0\x9F\xA7\x98\xF0\x9F\x8F\xBF",
     "person in lotus position: dark skin tone"},
    {"\xF0\x9F\xA7\x98\xE2\x80\x8D\xE2\x99\x82\xEF\xB8\x8F",
     "man in lotus position"},
    {"\xF0\x9F\xA7\x98\xF0\x9F\x8F\xBB\xE2\x80\x8D\xE2\x99\x82\xEF\xB8\x8F",
     "man in lotus position: light skin tone"},
    {"\xF0\x9F\xA7\x98\xF0\x9F\x8F\xBC\xE2\x80\x8D\xE2\x99\x82\xEF\xB8\x8F",
     "man in lotus position: medium-light skin tone"},
    {"\xF0\x9F\xA7\x98\xF0\x9F\x8F\xBD\xE2\x80\x8D\xE2\x99\x82\xEF\xB8\x8F",
     "man in lotus position: medium skin tone"},
    {"\xF0\x9F\xA7\x98\xF0\x9F\x8F\xBE\xE2\x80\x8D\xE2\x99\x82\xEF\xB8\x8F",
     "man in lotus position: medium-dark skin tone"},
    {"\xF0\x9F\xA7\x98\xF0\x9F\x8F\xBF\xE2\x80\x8D\xE2\x99\x82\xEF\xB8\x8F",
     "man in lotus position: dark skin tone"},
    {"\xF0\x9F\xA7\x98\xE2\x80\x8D\xE2\x99\x80\xEF\xB8\x8F",
     "woman in lotus position"},
    {"\xF0\x9F\xA7\x98\xF0\x9F\x8F\xBB\xE2\x80\x8D\xE2\x99\x80\xEF\xB8\x8F",
     "woman in lotus position: light skin tone"},
    {"\xF0\x9F\xA7\x98\xF0\x9F\x8F\xBC\xE2\x80\x8D\xE2\x99\x80\xEF\xB8\x8F",
     "woman in lotus position: medium-light skin tone"},
    {"\xF0\x9F\xA7\x98\xF0\x9F\x8F\xBD\xE2\x80\x8D\xE2\x99\x80\xEF\xB8\x8F",
     "woman in lotus position: medium skin tone"},
    {"\xF0\x9F\xA7\x98\xF0\x9F\x8F\xBE\xE2\x80\x8D\xE2\x99\x80\xEF\xB8\x8F",
     "woman in lotus position: medium-dark skin tone"},
    {"\xF0\x9F\xA7\x98\xF0\x9F\x8F\xBF\xE2\x80\x8D\xE2\x99\x80\xEF\xB8\x8F",
     "woman in lotus position: dark skin tone"},
    {"\xF0\x9F\x9B\x80", "person taking bath"},
    {"\xF0\x9F\x9B\x80\xF0\x9F\x8F\xBB", "person taking bath: light skin tone"},
    {"\xF0\x9F\x9B\x80\xF0\x9F\x8F\xBC",
     "person taking bath: medium-light skin tone"},
    {"\xF0\x9F\x9B\x80\xF0\x9F\x8F\xBD",
     "person taking bath: medium skin tone"},
    {"\xF0\x9F\x9B\x80\xF0\x9F\x8F\xBE",
     "person taking bath: medium-dark skin tone"},
    {"\xF0\x9F\x9B\x80\xF0\x9F\x8F\xBF", "person taking bath: dark skin tone"},
    {"\xF0\x9F\x9B\x8C", "person in bed"},
    {"\xF0\x9F\x9B\x8C\xF0\x9F\x8F\xBB", "person in bed: light skin tone"},
    {"\xF0\x9F\x9B\x8C\xF0\x9F\x8F\xBC",
     "person in bed: medium-light skin tone"},
    {"\xF0\x9F\x9B\x8C\xF0\x9F\x8F\xBD", "person in bed: medium skin tone"},
    {"\xF0\x9F\x9B\x8C\xF0\x9F\x8F\xBE",
     "person in bed: medium-dark skin tone"},
    {"\xF0\x9F\x9B\x8C\xF0\x9F\x8F\xBF", "person in bed: dark skin tone"},
    {"\xF0\x9F\xA7\x91\xE2\x80\x8D\xF0\x9F\xA4\x9D\xE2\x80\x8D\xF0\x9F\xA7\x91",
     "people holding hands"},
    {"\xF0\x9F\xA7\x91\xF0\x9F\x8F\xBB\xE2\x80\x8D\xF0\x9F\xA4\x9D\xE2\x80\x8D"
     "\xF0\x9F\xA7\x91\xF0\x9F\x8F\xBB",
     "people holding hands: light skin tone"},
    {"\xF0\x9F\xA7\x91\xF0\x9F\x8F\xBB\xE2\x80\x8D\xF0\x9F\xA4\x9D\xE2\x80\x8D"
     "\xF0\x9F\xA7\x91\xF0\x9F\x8F\xBC",
     "people holding hands: light skin tone, medium-light skin tone"},
    {"\xF0\x9F\xA7\x91\xF0\x9F\x8F\xBB\xE2\x80\x8D\xF0\x9F\xA4\x9D\xE2\x80\x8D"
     "\xF0\x9F\xA7\x91\xF0\x9F\x8F\xBD",
     "people holding hands: light skin tone, medium skin tone"},
    {"\xF0\x9F\xA7\x91\xF0\x9F\x8F\xBB\xE2\x80\x8D\xF0\x9F\xA4\x9D\xE2\x80\x8D"
     "\xF0\x9F\xA7\x91\xF0\x9F\x8F\xBE",
     "people holding hands: light skin tone, medium-dark skin tone"},
    {"\xF0\x9F\xA7\x91\xF0\x9F\x8F\xBB\xE2\x80\x8D\xF0\x9F\xA4\x9D\xE2\x80\x8D"
     "\xF0\x9F\xA7\x91\xF0\x9F\x8F\xBF",
     "people holding hands: light skin tone, dark skin tone"},
    {"\xF0\x9F\xA7\x91\xF0\x9F\x8F\xBC\xE2\x80\x8D\xF0\x9F\xA4\x9D\xE2\x80\x8D"
     "\xF0\x9F\xA7\x91\xF0\x9F\x8F\xBB",
     "people holding hands: medium-light skin tone, light skin tone"},
    {"\xF0\x9F\xA7\x91\xF0\x9F\x8F\xBC\xE2\x80\x8D\xF0\x9F\xA4\x9D\xE2\x80\x8D"
     "\xF0\x9F\xA7\x91\xF0\x9F\x8F\xBC",
     "people holding hands: medium-light skin tone"},
    {"\xF0\x9F\xA7\x91\xF0\x9F\x8F\xBC\xE2\x80\x8D\xF0\x9F\xA4\x9D\xE2\x80\x8D"
     "\xF0\x9F\xA7\x91\xF0\x9F\x8F\xBD",
     "people holding hands: medium-light skin tone, medium skin tone"},
    {"\xF0\x9F\xA7\x91\xF0\x9F\x8F\xBC\xE2\x80\x8D\xF0\x9F\xA4\x9D\xE2\x80\x8D"
     "\xF0\x9F\xA7\x91\xF0\x9F\x8F\xBE",
     "people holding hands: medium-light skin tone, medium-dark skin tone"},
    {"\xF0\x9F\xA7\x91\xF0\x9F\x8F\xBC\xE2\x80\x8D\xF0\x9F\xA4\x9D\xE2\x80\x8D"
     "\xF0\x9F\xA7\x91\xF0\x9F\x8F\xBF",
     "people holding hands: medium-light skin tone, dark skin tone"},
    {"\xF0\x9F\xA7\x91\xF0\x9F\x8F\xBD\xE2\x80\x8D\xF0\x9F\xA4\x9D\xE2\x80\x8D"
     "\xF0\x9F\xA7\x91\xF0\x9F\x8F\xBB",
     "people holding hands: medium skin tone, light skin tone"},
    {"\xF0\x9F\xA7\x91\xF0\x9F\x8F\xBD\xE2\x80\x8D\xF0\x9F\xA4\x9D\xE2\x80\x8D"
     "\xF0\x9F\xA7\x91\xF0\x9F\x8F\xBC",
     "people holding hands: medium skin tone, medium-light skin tone"},
    {"\xF0\x9F\xA7\x91\xF0\x9F\x8F\xBD\xE2\x80\x8D\xF0\x9F\xA4\x9D\xE2\x80\x8D"
     "\xF0\x9F\xA7\x91\xF0\x9F\x8F\xBD",
     "people holding hands: medium skin tone"},
    {"\xF0\x9F\xA7\x91\xF0\x9F\x8F\xBD\xE2\x80\x8D\xF0\x9F\xA4\x9D\xE2\x80\x8D"
     "\xF0\x9F\xA7\x91\xF0\x9F\x8F\xBE",
     "people holding hands: medium skin tone, medium-dark skin tone"},
    {"\xF0\x9F\xA7\x91\xF0\x9F\x8F\xBD\xE2\x80\x8D\xF0\x9F\xA4\x9D\xE2\x80\x8D"
     "\xF0\x9F\xA7\x91\xF0\x9F\x8F\xBF",
     "people holding hands: medium skin tone, dark skin tone"},
    {"\xF0\x9F\xA7\x91\xF0\x9F\x8F\xBE\xE2\x80\x8D\xF0\x9F\xA4\x9D\xE2\x80\x8D"
     "\xF0\x9F\xA7\x91\xF0\x9F\x8F\xBB",
     "people holding hands: medium-dark skin tone, light skin tone"},
    {"\xF0\x9F\xA7\x91\xF0\x9F\x8F\xBE\xE2\x80\x8D\xF0\x9F\xA4\x9D\xE2\x80\x8D"
     "\xF0\x9F\xA7\x91\xF0\x9F\x8F\xBC",
     "people holding hands: medium-dark skin tone, medium-light skin tone"},
    {"\xF0\x9F\xA7\x91\xF0\x9F\x8F\xBE\xE2\x80\x8D\xF0\x9F\xA4\x9D\xE2\x80\x8D"
     "\xF0\x9F\xA7\x91\xF0\x9F\x8F\xBD",
     "people holding hands: medium-dark skin tone, medium skin tone"},
    {"\xF0\x9F\xA7\x91\xF0\x9F\x8F\xBE\xE2\x80\x8D\xF0\x9F\xA4\x9D\xE2\x80\x8D"
     "\xF0\x9F\xA7\x91\xF0\x9F\x8F\xBE",
     "people holding hands: medium-dark skin tone"},
    {"\xF0\x9F\xA7\x91\xF0\x9F\x8F\xBE\xE2\x80\x8D\xF0\x9F\xA4\x9D\xE2\x80\x8D"
     "\xF0\x9F\xA7\x91\xF0\x9F\x8F\xBF",
     "people holding hands: medium-dark skin tone, dark skin tone"},
    {"\xF0\x9F\xA7\x91\xF0\x9F\x8F\xBF\xE2\x80\x8D\xF0\x9F\xA4\x9D\xE2\x80\x8D"
     "\xF0\x9F\xA7\x91\xF0\x9F\x8F\xBB",
     "people holding hands: dark skin tone, light skin tone"},
    {"\xF0\x9F\xA7\x91\xF0\x9F\x8F\xBF\xE2\x80\x8D\xF0\x9F\xA4\x9D\xE2\x80\x8D"
     "\xF0\x9F\xA7\x91\xF0\x9F\x8F\xBC",
     "people holding hands: dark skin tone, medium-light skin tone"},
    {"\xF0\x9F\xA7\x91\xF0\x9F\x8F\xBF\xE2\x80\x8D\xF0\x9F\xA4\x9D\xE2\x80\x8D"
     "\xF0\x9F\xA7\x91\xF0\x9F\x8F\xBD",
     "people holding hands: dark skin tone, medium skin tone"},
    {"\xF0\x9F\xA7\x91\xF0\x9F\x8F\xBF\xE2\x80\x8D\xF0\x9F\xA4\x9D\xE2\x80\x8D"
     "\xF0\x9F\xA7\x91\xF0\x9F\x8F\xBE",
     "people holding hands: dark skin tone, medium-dark skin tone"},
    {"\xF0\x9F\xA7\x91\xF0\x9F\x8F\xBF\xE2\x80\x8D\xF0\x9F\xA4\x9D\xE2\x80\x8D"
     "\xF0\x9F\xA7\x91\xF0\x9F\x8F\xBF",
     "people holding hands: dark skin tone"},
    {"\xF0\x9F\x91\xAD", "women holding hands"},
    {"\xF0\x9F\x91\xAD\xF0\x9F\x8F\xBB",
     "women holding hands: light skin tone"},
    {"\xF0\x9F\x91\xA9\xF0\x9F\x8F\xBB\xE2\x80\x8D\xF0\x9F\xA4\x9D\xE2\x80\x8D"
     "\xF0\x9F\x91\xA9\xF0\x9F\x8F\xBC",
     "women holding hands: light skin tone, medium-light skin tone"},
    {"\xF0\x9F\x91\xA9\xF0\x9F\x8F\xBB\xE2\x80\x8D\xF0\x9F\xA4\x9D\xE2\x80\x8D"
     "\xF0\x9F\x91\xA9\xF0\x9F\x8F\xBD",
     "women holding hands: light skin tone, medium skin tone"},
    {"\xF0\x9F\x91\xA9\xF0\x9F\x8F\xBB\xE2\x80\x8D\xF0\x9F\xA4\x9D\xE2\x80\x8D"
     "\xF0\x9F\x91\xA9\xF0\x9F\x8F\xBE",
     "women holding hands: light skin tone, medium-dark skin tone"},
    {"\xF0\x9F\x91\xA9\xF0\x9F\x8F\xBB\xE2\x80\x8D\xF0\x9F\xA4\x9D\xE2\x80\x8D"
     "\xF0\x9F\x91\xA9\xF0\x9F\x8F\xBF",
     "women holding hands: light skin tone, dark skin tone"},
    {"\xF0\x9F\x91\xA9\xF0\x9F\x8F\xBC\xE2\x80\x8D\xF0\x9F\xA4\x9D\xE2\x80\x8D"
     "\xF0\x9F\x91\xA9\xF0\x9F\x8F\xBB",
     "women holding hands: medium-light skin tone, light skin tone"},
    {"\xF0\x9F\x91\xAD\xF0\x9F\x8F\xBC",
     "women holding hands: medium-light skin tone"},
    {"\xF0\x9F\x91\xA9\xF0\x9F\x8F\xBC\xE2\x80\x8D\xF0\x9F\xA4\x9D\xE2\x80\x8D"
     "\xF0\x9F\x91\xA9\xF0\x9F\x8F\xBD",
     "women holding hands: medium-light skin tone, medium skin tone"},
    {"\xF0\x9F\x91\xA9\xF0\x9F\x8F\xBC\xE2\x80\x8D\xF0\x9F\xA4\x9D\xE2\x80\x8D"
     "\xF0\x9F\x91\xA9\xF0\x9F\x8F\xBE",
     "women holding hands: medium-light skin tone, medium-dark skin tone"},
    {"\xF0\x9F\x91\xA9\xF0\x9F\x8F\xBC\xE2\x80\x8D\xF0\x9F\xA4\x9D\xE2\x80\x8D"
     "\xF0\x9F\x91\xA9\xF0\x9F\x8F\xBF",
     "women holding hands: medium-light skin tone, dark skin tone"},
    {"\xF0\x9F\x91\xA9\xF0\x9F\x8F\xBD\xE2\x80\x8D\xF0\x9F\xA4\x9D\xE2\x80\x8D"
     "\xF0\x9F\x91\xA9\xF0\x9F\x8F\xBB",
     "women holding hands: medium skin tone, light skin tone"},
    {"\xF0\x9F\x91\xA9\xF0\x9F\x8F\xBD\xE2\x80\x8D\xF0\x9F\xA4\x9D\xE2\x80\x8D"
     "\xF0\x9F\x91\xA9\xF0\x9F\x8F\xBC",
     "women holding hands: medium skin tone, medium-light skin tone"},
    {"\xF0\x9F\x91\xAD\xF0\x9F\x8F\xBD",
     "women holding hands: medium skin tone"},
    {"\xF0\x9F\x91\xA9\xF0\x9F\x8F\xBD\xE2\x80\x8D\xF0\x9F\xA4\x9D\xE2\x80\x8D"
     "\xF0\x9F\x91\xA9\xF0\x9F\x8F\xBE",
     "women holding hands: medium skin tone, medium-dark skin tone"},
    {"\xF0\x9F\x91\xA9\xF0\x9F\x8F\xBD\xE2\x80\x8D\xF0\x9F\xA4\x9D\xE2\x80\x8D"
     "\xF0\x9F\x91\xA9\xF0\x9F\x8F\xBF",
     "women holding hands: medium skin tone, dark skin tone"},
    {"\xF0\x9F\x91\xA9\xF0\x9F\x8F\xBE\xE2\x80\x8D\xF0\x9F\xA4\x9D\xE2\x80\x8D"
     "\xF0\x9F\x91\xA9\xF0\x9F\x8F\xBB",
     "women holding hands: medium-dark skin tone, light skin tone"},
    {"\xF0\x9F\x91\xA9\xF0\x9F\x8F\xBE\xE2\x80\x8D\xF0\x9F\xA4\x9D\xE2\x80\x8D"
     "\xF0\x9F\x91\xA9\xF0\x9F\x8F\xBC",
     "women holding hands: medium-dark skin tone, medium-light skin tone"},
    {"\xF0\x9F\x91\xA9\xF0\x9F\x8F\xBE\xE2\x80\x8D\xF0\x9F\xA4\x9D\xE2\x80\x8D"
     "\xF0\x9F\x91\xA9\xF0\x9F\x8F\xBD",
     "women holding hands: medium-dark skin tone, medium skin tone"},
    {"\xF0\x9F\x91\xAD\xF0\x9F\x8F\xBE",
     "women holding hands: medium-dark skin tone"},
    {"\xF0\x9F\x91\xA9\xF0\x9F\x8F\xBE\xE2\x80\x8D\xF0\x9F\xA4\x9D\xE2\x80\x8D"
     "\xF0\x9F\x91\xA9\xF0\x9F\x8F\xBF",
     "women holding hands: medium-dark skin tone, dark skin tone"},
    {"\xF0\x9F\x91\xA9\xF0\x9F\x8F\xBF\xE2\x80\x8D\xF0\x9F\xA4\x9D\xE2\x80\x8D"
     "\xF0\x9F\x91\xA9\xF0\x9F\x8F\xBB",
     "women holding hands: dark skin tone, light skin tone"},
    {"\xF0\x9F\x91\xA9\xF0\x9F\x8F\xBF\xE2\x80\x8D\xF0\x9F\xA4\x9D\xE2\x80\x8D"
     "\xF0\x9F\x91\xA9\xF0\x9F\x8F\xBC",
     "women holding hands: dark skin tone, medium-light skin tone"},
    {"\xF0\x9F\x91\xA9\xF0\x9F\x8F\xBF\xE2\x80\x8D\xF0\x9F\xA4\x9D\xE2\x80\x8D"
     "\xF0\x9F\x91\xA9\xF0\x9F\x8F\xBD",
     "women holding hands: dark skin tone, medium skin tone"},
    {"\xF0\x9F\x91\xA9\xF0\x9F\x8F\xBF\xE2\x80\x8D\xF0\x9F\xA4\x9D\xE2\x80\x8D"
     "\xF0\x9F\x91\xA9\xF0\x9F\x8F\xBE",
     "women holding hands: dark skin tone, medium-dark skin tone"},
    {"\xF0\x9F\x91\xAD\xF0\x9F\x8F\xBF", "women holding hands: dark skin tone"},
    {"\xF0\x9F\x91\xAB", "woman and man holding hands"},
    {"\xF0\x9F\x91\xAB\xF0\x9F\x8F\xBB",
     "woman and man holding hands: light skin tone"},
    {"\xF0\x9F\x91\xA9\xF0\x9F\x8F\xBB\xE2\x80\x8D\xF0\x9F\xA4\x9D\xE2\x80\x8D"
     "\xF0\x9F\x91\xA8\xF0\x9F\x8F\xBC",
     "woman and man holding hands: light skin tone, medium-light skin tone"},
    {"\xF0\x9F\x91\xA9\xF0\x9F\x8F\xBB\xE2\x80\x8D\xF0\x9F\xA4\x9D\xE2\x80\x8D"
     "\xF0\x9F\x91\xA8\xF0\x9F\x8F\xBD",
     "woman and man holding hands: light skin tone, medium skin tone"},
    {"\xF0\x9F\x91\xA9\xF0\x9F\x8F\xBB\xE2\x80\x8D\xF0\x9F\xA4\x9D\xE2\x80\x8D"
     "\xF0\x9F\x91\xA8\xF0\x9F\x8F\xBE",
     "woman and man holding hands: light skin tone, medium-dark skin tone"},
    {"\xF0\x9F\x91\xA9\xF0\x9F\x8F\xBB\xE2\x80\x8D\xF0\x9F\xA4\x9D\xE2\x80\x8D"
     "\xF0\x9F\x91\xA8\xF0\x9F\x8F\xBF",
     "woman and man holding hands: light skin tone, dark skin tone"},
    {"\xF0\x9F\x91\xA9\xF0\x9F\x8F\xBC\xE2\x80\x8D\xF0\x9F\xA4\x9D\xE2\x80\x8D"
     "\xF0\x9F\x91\xA8\xF0\x9F\x8F\xBB",
     "woman and man holding hands: medium-light skin tone, light skin tone"},
    {"\xF0\x9F\x91\xAB\xF0\x9F\x8F\xBC",
     "woman and man holding hands: medium-light skin tone"},
    {"\xF0\x9F\x91\xA9\xF0\x9F\x8F\xBC\xE2\x80\x8D\xF0\x9F\xA4\x9D\xE2\x80\x8D"
     "\xF0\x9F\x91\xA8\xF0\x9F\x8F\xBD",
     "woman and man holding hands: medium-light skin tone, medium skin tone"},
    {"\xF0\x9F\x91\xA9\xF0\x9F\x8F\xBC\xE2\x80\x8D\xF0\x9F\xA4\x9D\xE2\x80\x8D"
     "\xF0\x9F\x91\xA8\xF0\x9F\x8F\xBE",
     "woman and man holding hands: medium-light skin tone, medium-dark skin "
     "tone"},
    {"\xF0\x9F\x91\xA9\xF0\x9F\x8F\xBC\xE2\x80\x8D\xF0\x9F\xA4\x9D\xE2\x80\x8D"
     "\xF0\x9F\x91\xA8\xF0\x9F\x8F\xBF",
     "woman and man holding hands: medium-light skin tone, dark skin tone"},
    {"\xF0\x9F\x91\xA9\xF0\x9F\x8F\xBD\xE2\x80\x8D\xF0\x9F\xA4\x9D\xE2\x80\x8D"
     "\xF0\x9F\x91\xA8\xF0\x9F\x8F\xBB",
     "woman and man holding hands: medium skin tone, light skin tone"},
    {"\xF0\x9F\x91\xA9\xF0\x9F\x8F\xBD\xE2\x80\x8D\xF0\x9F\xA4\x9D\xE2\x80\x8D"
     "\xF0\x9F\x91\xA8\xF0\x9F\x8F\xBC",
     "woman and man holding hands: medium skin tone, medium-light skin tone"},
    {"\xF0\x9F\x91\xAB\xF0\x9F\x8F\xBD",
     "woman and man holding hands: medium skin tone"},
    {"\xF0\x9F\x91\xA9\xF0\x9F\x8F\xBD\xE2\x80\x8D\xF0\x9F\xA4\x9D\xE2\x80\x8D"
     "\xF0\x9F\x91\xA8\xF0\x9F\x8F\xBE",
     "woman and man holding hands: medium skin tone, medium-dark skin tone"},
    {"\xF0\x9F\x91\xA9\xF0\x9F\x8F\xBD\xE2\x80\x8D\xF0\x9F\xA4\x9D\xE2\x80\x8D"
     "\xF0\x9F\x91\xA8\xF0\x9F\x8F\xBF",
     "woman and man holding hands: medium skin tone, dark skin tone"},
    {"\xF0\x9F\x91\xA9\xF0\x9F\x8F\xBE\xE2\x80\x8D\xF0\x9F\xA4\x9D\xE2\x80\x8D"
     "\xF0\x9F\x91\xA8\xF0\x9F\x8F\xBB",
     "woman and man holding hands: medium-dark skin tone, light skin tone"},
    {"\xF0\x9F\x91\xA9\xF0\x9F\x8F\xBE\xE2\x80\x8D\xF0\x9F\xA4\x9D\xE2\x80\x8D"
     "\xF0\x9F\x91\xA8\xF0\x9F\x8F\xBC",
     "woman and man holding hands: medium-dark skin tone, medium-light skin "
     "tone"},
    {"\xF0\x9F\x91\xA9\xF0\x9F\x8F\xBE\xE2\x80\x8D\xF0\x9F\xA4\x9D\xE2\x80\x8D"
     "\xF0\x9F\x91\xA8\xF0\x9F\x8F\xBD",
     "woman and man holding hands: medium-dark skin tone, medium skin tone"},
    {"\xF0\x9F\x91\xAB\xF0\x9F\x8F\xBE",
     "woman and man holding hands: medium-dark skin tone"},
    {"\xF0\x9F\x91\xA9\xF0\x9F\x8F\xBE\xE2\x80\x8D\xF0\x9F\xA4\x9D\xE2\x80\x8D"
     "\xF0\x9F\x91\xA8\xF0\x9F\x8F\xBF",
     "woman and man holding hands: medium-dark skin tone, dark skin tone"},
    {"\xF0\x9F\x91\xA9\xF0\x9F\x8F\xBF\xE2\x80\x8D\xF0\x9F\xA4\x9D\xE2\x80\x8D"
     "\xF0\x9F\x91\xA8\xF0\x9F\x8F\xBB",
     "woman and man holding hands: dark skin tone, light skin tone"},
    {"\xF0\x9F\x91\xA9\xF0\x9F\x8F\xBF\xE2\x80\x8D\xF0\x9F\xA4\x9D\xE2\x80\x8D"
     "\xF0\x9F\x91\xA8\xF0\x9F\x8F\xBC",
     "woman and man holding hands: dark skin tone, medium-light skin tone"},
    {"\xF0\x9F\x91\xA9\xF0\x9F\x8F\xBF\xE2\x80\x8D\xF0\x9F\xA4\x9D\xE2\x80\x8D"
     "\xF0\x9F\x91\xA8\xF0\x9F\x8F\xBD",
     "woman and man holding hands: dark skin tone, medium skin tone"},
    {"\xF0\x9F\x91\xA9\xF0\x9F\x8F\xBF\xE2\x80\x8D\xF0\x9F\xA4\x9D\xE2\x80\x8D"
     "\xF0\x9F\x91\xA8\xF0\x9F\x8F\xBE",
     "woman and man holding hands: dark skin tone, medium-dark skin tone"},
    {"\xF0\x9F\x91\xAB\xF0\x9F\x8F\xBF",
     "woman and man holding hands: dark skin tone"},
    {"\xF0\x9F\x91\xAC", "men holding hands"},
    {"\xF0\x9F\x91\xAC\xF0\x9F\x8F\xBB", "men holding hands: light skin tone"},
    {"\xF0\x9F\x91\xA8\xF0\x9F\x8F\xBB\xE2\x80\x8D\xF0\x9F\xA4\x9D\xE2\x80\x8D"
     "\xF0\x9F\x91\xA8\xF0\x9F\x8F\xBC",
     "men holding hands: light skin tone, medium-light skin tone"},
    {"\xF0\x9F\x91\xA8\xF0\x9F\x8F\xBB\xE2\x80\x8D\xF0\x9F\xA4\x9D\xE2\x80\x8D"
     "\xF0\x9F\x91\xA8\xF0\x9F\x8F\xBD",
     "men holding hands: light skin tone, medium skin tone"},
    {"\xF0\x9F\x91\xA8\xF0\x9F\x8F\xBB\xE2\x80\x8D\xF0\x9F\xA4\x9D\xE2\x80\x8D"
     "\xF0\x9F\x91\xA8\xF0\x9F\x8F\xBE",
     "men holding hands: light skin tone, medium-dark skin tone"},
    {"\xF0\x9F\x91\xA8\xF0\x9F\x8F\xBB\xE2\x80\x8D\xF0\x9F\xA4\x9D\xE2\x80\x8D"
     "\xF0\x9F\x91\xA8\xF0\x9F\x8F\xBF",
     "men holding hands: light skin tone, dark skin tone"},
    {"\xF0\x9F\x91\xA8\xF0\x9F\x8F\xBC\xE2\x80\x8D\xF0\x9F\xA4\x9D\xE2\x80\x8D"
     "\xF0\x9F\x91\xA8\xF0\x9F\x8F\xBB",
     "men holding hands: medium-light skin tone, light skin tone"},
    {"\xF0\x9F\x91\xAC\xF0\x9F\x8F\xBC",
     "men holding hands: medium-light skin tone"},
    {"\xF0\x9F\x91\xA8\xF0\x9F\x8F\xBC\xE2\x80\x8D\xF0\x9F\xA4\x9D\xE2\x80\x8D"
     "\xF0\x9F\x91\xA8\xF0\x9F\x8F\xBD",
     "men holding hands: medium-light skin tone, medium skin tone"},
    {"\xF0\x9F\x91\xA8\xF0\x9F\x8F\xBC\xE2\x80\x8D\xF0\x9F\xA4\x9D\xE2\x80\x8D"
     "\xF0\x9F\x91\xA8\xF0\x9F\x8F\xBE",
     "men holding hands: medium-light skin tone, medium-dark skin tone"},
    {"\xF0\x9F\x91\xA8\xF0\x9F\x8F\xBC\xE2\x80\x8D\xF0\x9F\xA4\x9D\xE2\x80\x8D"
     "\xF0\x9F\x91\xA8\xF0\x9F\x8F\xBF",
     "men holding hands: medium-light skin tone, dark skin tone"},
    {"\xF0\x9F\x91\xA8\xF0\x9F\x8F\xBD\xE2\x80\x8D\xF0\x9F\xA4\x9D\xE2\x80\x8D"
     "\xF0\x9F\x91\xA8\xF0\x9F\x8F\xBB",
     "men holding hands: medium skin tone, light skin tone"},
    {"\xF0\x9F\x91\xA8\xF0\x9F\x8F\xBD\xE2\x80\x8D\xF0\x9F\xA4\x9D\xE2\x80\x8D"
     "\xF0\x9F\x91\xA8\xF0\x9F\x8F\xBC",
     "men holding hands: medium skin tone, medium-light skin tone"},
    {"\xF0\x9F\x91\xAC\xF0\x9F\x8F\xBD", "men holding hands: medium skin tone"},
    {"\xF0\x9F\x91\xA8\xF0\x9F\x8F\xBD\xE2\x80\x8D\xF0\x9F\xA4\x9D\xE2\x80\x8D"
     "\xF0\x9F\x91\xA8\xF0\x9F\x8F\xBE",
     "men holding hands: medium skin tone, medium-dark skin tone"},
    {"\xF0\x9F\x91\xA8\xF0\x9F\x8F\xBD\xE2\x80\x8D\xF0\x9F\xA4\x9D\xE2\x80\x8D"
     "\xF0\x9F\x91\xA8\xF0\x9F\x8F\xBF",
     "men holding hands: medium skin tone, dark skin tone"},
    {"\xF0\x9F\x91\xA8\xF0\x9F\x8F\xBE\xE2\x80\x8D\xF0\x9F\xA4\x9D\xE2\x80\x8D"
     "\xF0\x9F\x91\xA8\xF0\x9F\x8F\xBB",
     "men holding hands: medium-dark skin tone, light skin tone"},
    {"\xF0\x9F\x91\xA8\xF0\x9F\x8F\xBE\xE2\x80\x8D\xF0\x9F\xA4\x9D\xE2\x80\x8D"
     "\xF0\x9F\x91\xA8\xF0\x9F\x8F\xBC",
     "men holding hands: medium-dark skin tone, medium-light skin tone"},
    {"\xF0\x9F\x91\xA8\xF0\x9F\x8F\xBE\xE2\x80\x8D\xF0\x9F\xA4\x9D\xE2\x80\x8D"
     "\xF0\x9F\x91\xA8\xF0\x9F\x8F\xBD",
     "men holding hands: medium-dark skin tone, medium skin tone"},
    {"\xF0\x9F\x91\xAC\xF0\x9F\x8F\xBE",
     "men holding hands: medium-dark skin tone"},
    {"\xF0\x9F\x91\xA8\xF0\x9F\x8F\xBE\xE2\x80\x8D\xF0\x9F\xA4\x9D\xE2\x80\x8D"
     "\xF0\x9F\x91\xA8\xF0\x9F\x8F\xBF",
     "men holding hands: medium-dark skin tone, dark skin tone"},
    {"\xF0\x9F\x91\xA8\xF0\x9F\x8F\xBF\xE2\x80\x8D\xF0\x9F\xA4\x9D\xE2\x80\x8D"
     "\xF0\x9F\x91\xA8\xF0\x9F\x8F\xBB",
     "men holding hands: dark skin tone, light skin tone"},
    {"\xF0\x9F\x91\xA8\xF0\x9F\x8F\xBF\xE2\x80\x8D\xF0\x9F\xA4\x9D\xE2\x80\x8D"
     "\xF0\x9F\x91\xA8\xF0\x9F\x8F\xBC",
     "men holding hands: dark skin tone, medium-light skin tone"},
    {"\xF0\x9F\x91\xA8\xF0\x9F\x8F\xBF\xE2\x80\x8D\xF0\x9F\xA4\x9D\xE2\x80\x8D"
     "\xF0\x9F\x91\xA8\xF0\x9F\x8F\xBD",
     "men holding hands: dark skin tone, medium skin tone"},
    {"\xF0\x9F\x91\xA8\xF0\x9F\x8F\xBF\xE2\x80\x8D\xF0\x9F\xA4\x9D\xE2\x80\x8D"
     "\xF0\x9F\x91\xA8\xF0\x9F\x8F\xBE",
     "men holding hands: dark skin tone, medium-dark skin tone"},
    {"\xF0\x9F\x91\xAC\xF0\x9F\x8F\xBF", "men holding hands: dark skin tone"},
    {"\xF0\x9F\x92\x8F", "kiss"},
    {"\xF0\x9F\x92\x8F\xF0\x9F\x8F\xBB", "kiss: light skin tone"},
    {"\xF0\x9F\x92\x8F\xF0\x9F\x8F\xBC", "kiss: medium-light skin tone"},
    {"\xF0\x9F\x92\x8F\xF0\x9F\x8F\xBD", "kiss: medium skin tone"},
    {"\xF0\x9F\x92\x8F\xF0\x9F\x8F\xBE", "kiss: medium-dark skin tone"},
    {"\xF0\x9F\x92\x8F\xF0\x9F\x8F\xBF", "kiss: dark skin tone"},
    {"\xF0\x9F\xA7\x91\xF0\x9F\x8F\xBB\xE2\x80\x8D\xE2\x9D\xA4\xEF\xB8\x8F\xE2"
     "\x80\x8D\xF0\x9F\x92\x8B\xE2\x80\x8D\xF0\x9F\xA7\x91\xF0\x9F\x8F\xBC",
     "kiss: person, person, light skin tone, medium-light skin tone"},
    {"\xF0\x9F\xA7\x91\xF0\x9F\x8F\xBB\xE2\x80\x8D\xE2\x9D\xA4\xEF\xB8\x8F\xE2"
     "\x80\x8D\xF0\x9F\x92\x8B\xE2\x80\x8D\xF0\x9F\xA7\x91\xF0\x9F\x8F\xBD",
     "kiss: person, person, light skin tone, medium skin tone"},
    {"\xF0\x9F\xA7\x91\xF0\x9F\x8F\xBB\xE2\x80\x8D\xE2\x9D\xA4\xEF\xB8\x8F\xE2"
     "\x80\x8D\xF0\x9F\x92\x8B\xE2\x80\x8D\xF0\x9F\xA7\x91\xF0\x9F\x8F\xBE",
     "kiss: person, person, light skin tone, medium-dark skin tone"},
    {"\xF0\x9F\xA7\x91\xF0\x9F\x8F\xBB\xE2\x80\x8D\xE2\x9D\xA4\xEF\xB8\x8F\xE2"
     "\x80\x8D\xF0\x9F\x92\x8B\xE2\x80\x8D\xF0\x9F\xA7\x91\xF0\x9F\x8F\xBF",
     "kiss: person, person, light skin tone, dark skin tone"},
    {"\xF0\x9F\xA7\x91\xF0\x9F\x8F\xBC\xE2\x80\x8D\xE2\x9D\xA4\xEF\xB8\x8F\xE2"
     "\x80\x8D\xF0\x9F\x92\x8B\xE2\x80\x8D\xF0\x9F\xA7\x91\xF0\x9F\x8F\xBB",
     "kiss: person, person, medium-light skin tone, light skin tone"},
    {"\xF0\x9F\xA7\x91\xF0\x9F\x8F\xBC\xE2\x80\x8D\xE2\x9D\xA4\xEF\xB8\x8F\xE2"
     "\x80\x8D\xF0\x9F\x92\x8B\xE2\x80\x8D\xF0\x9F\xA7\x91\xF0\x9F\x8F\xBD",
     "kiss: person, person, medium-light skin tone, medium skin tone"},
    {"\xF0\x9F\xA7\x91\xF0\x9F\x8F\xBC\xE2\x80\x8D\xE2\x9D\xA4\xEF\xB8\x8F\xE2"
     "\x80\x8D\xF0\x9F\x92\x8B\xE2\x80\x8D\xF0\x9F\xA7\x91\xF0\x9F\x8F\xBE",
     "kiss: person, person, medium-light skin tone, medium-dark skin tone"},
    {"\xF0\x9F\xA7\x91\xF0\x9F\x8F\xBC\xE2\x80\x8D\xE2\x9D\xA4\xEF\xB8\x8F\xE2"
     "\x80\x8D\xF0\x9F\x92\x8B\xE2\x80\x8D\xF0\x9F\xA7\x91\xF0\x9F\x8F\xBF",
     "kiss: person, person, medium-light skin tone, dark skin tone"},
    {"\xF0\x9F\xA7\x91\xF0\x9F\x8F\xBD\xE2\x80\x8D\xE2\x9D\xA4\xEF\xB8\x8F\xE2"
     "\x80\x8D\xF0\x9F\x92\x8B\xE2\x80\x8D\xF0\x9F\xA7\x91\xF0\x9F\x8F\xBB",
     "kiss: person, person, medium skin tone, light skin tone"},
    {"\xF0\x9F\xA7\x91\xF0\x9F\x8F\xBD\xE2\x80\x8D\xE2\x9D\xA4\xEF\xB8\x8F\xE2"
     "\x80\x8D\xF0\x9F\x92\x8B\xE2\x80\x8D\xF0\x9F\xA7\x91\xF0\x9F\x8F\xBC",
     "kiss: person, person, medium skin tone, medium-light skin tone"},
    {"\xF0\x9F\xA7\x91\xF0\x9F\x8F\xBD\xE2\x80\x8D\xE2\x9D\xA4\xEF\xB8\x8F\xE2"
     "\x80\x8D\xF0\x9F\x92\x8B\xE2\x80\x8D\xF0\x9F\xA7\x91\xF0\x9F\x8F\xBE",
     "kiss: person, person, medium skin tone, medium-dark skin tone"},
    {"\xF0\x9F\xA7\x91\xF0\x9F\x8F\xBD\xE2\x80\x8D\xE2\x9D\xA4\xEF\xB8\x8F\xE2"
     "\x80\x8D\xF0\x9F\x92\x8B\xE2\x80\x8D\xF0\x9F\xA7\x91\xF0\x9F\x8F\xBF",
     "kiss: person, person, medium skin tone, dark skin tone"},
    {"\xF0\x9F\xA7\x91\xF0\x9F\x8F\xBE\xE2\x80\x8D\xE2\x9D\xA4\xEF\xB8\x8F\xE2"
     "\x80\x8D\xF0\x9F\x92\x8B\xE2\x80\x8D\xF0\x9F\xA7\x91\xF0\x9F\x8F\xBB",
     "kiss: person, person, medium-dark skin tone, light skin tone"},
    {"\xF0\x9F\xA7\x91\xF0\x9F\x8F\xBE\xE2\x80\x8D\xE2\x9D\xA4\xEF\xB8\x8F\xE2"
     "\x80\x8D\xF0\x9F\x92\x8B\xE2\x80\x8D\xF0\x9F\xA7\x91\xF0\x9F\x8F\xBC",
     "kiss: person, person, medium-dark skin tone, medium-light skin tone"},
    {"\xF0\x9F\xA7\x91\xF0\x9F\x8F\xBE\xE2\x80\x8D\xE2\x9D\xA4\xEF\xB8\x8F\xE2"
     "\x80\x8D\xF0\x9F\x92\x8B\xE2\x80\x8D\xF0\x9F\xA7\x91\xF0\x9F\x8F\xBD",
     "kiss: person, person, medium-dark skin tone, medium skin tone"},
    {"\xF0\x9F\xA7\x91\xF0\x9F\x8F\xBE\xE2\x80\x8D\xE2\x9D\xA4\xEF\xB8\x8F\xE2"
     "\x80\x8D\xF0\x9F\x92\x8B\xE2\x80\x8D\xF0\x9F\xA7\x91\xF0\x9F\x8F\xBF",
     "kiss: person, person, medium-dark skin tone, dark skin tone"},
    {"\xF0\x9F\xA7\x91\xF0\x9F\x8F\xBF\xE2\x80\x8D\xE2\x9D\xA4\xEF\xB8\x8F\xE2"
     "\x80\x8D\xF0\x9F\x92\x8B\xE2\x80\x8D\xF0\x9F\xA7\x91\xF0\x9F\x8F\xBB",
     "kiss: person, person, dark skin tone, light skin tone"},
    {"\xF0\x9F\xA7\x91\xF0\x9F\x8F\xBF\xE2\x80\x8D\xE2\x9D\xA4\xEF\xB8\x8F\xE2"
     "\x80\x8D\xF0\x9F\x92\x8B\xE2\x80\x8D\xF0\x9F\xA7\x91\xF0\x9F\x8F\xBC",
     "kiss: person, person, dark skin tone, medium-light skin tone"},
    {"\xF0\x9F\xA7\x91\xF0\x9F\x8F\xBF\xE2\x80\x8D\xE2\x9D\xA4\xEF\xB8\x8F\xE2"
     "\x80\x8D\xF0\x9F\x92\x8B\xE2\x80\x8D\xF0\x9F\xA7\x91\xF0\x9F\x8F\xBD",
     "kiss: person, person, dark skin tone, medium skin tone"},
    {"\xF0\x9F\xA7\x91\xF0\x9F\x8F\xBF\xE2\x80\x8D\xE2\x9D\xA4\xEF\xB8\x8F\xE2"
     "\x80\x8D\xF0\x9F\x92\x8B\xE2\x80\x8D\xF0\x9F\xA7\x91\xF0\x9F\x8F\xBE",
     "kiss: person, person, dark skin tone, medium-dark skin tone"},
    {"\xF0\x9F\x91\xA9\xE2\x80\x8D\xE2\x9D\xA4\xEF\xB8\x8F\xE2\x80\x8D\xF0\x9F"
     "\x92\x8B\xE2\x80\x8D\xF0\x9F\x91\xA8",
     "kiss: woman, man"},
    {"\xF0\x9F\x91\xA9\xF0\x9F\x8F\xBB\xE2\x80\x8D\xE2\x9D\xA4\xEF\xB8\x8F\xE2"
     "\x80\x8D\xF0\x9F\x92\x8B\xE2\x80\x8D\xF0\x9F\x91\xA8\xF0\x9F\x8F\xBB",
     "kiss: woman, man, light skin tone"},
    {"\xF0\x9F\x91\xA9\xF0\x9F\x8F\xBB\xE2\x80\x8D\xE2\x9D\xA4\xEF\xB8\x8F\xE2"
     "\x80\x8D\xF0\x9F\x92\x8B\xE2\x80\x8D\xF0\x9F\x91\xA8\xF0\x9F\x8F\xBC",
     "kiss: woman, man, light skin tone, medium-light skin tone"},
    {"\xF0\x9F\x91\xA9\xF0\x9F\x8F\xBB\xE2\x80\x8D\xE2\x9D\xA4\xEF\xB8\x8F\xE2"
     "\x80\x8D\xF0\x9F\x92\x8B\xE2\x80\x8D\xF0\x9F\x91\xA8\xF0\x9F\x8F\xBD",
     "kiss: woman, man, light skin tone, medium skin tone"},
    {"\xF0\x9F\x91\xA9\xF0\x9F\x8F\xBB\xE2\x80\x8D\xE2\x9D\xA4\xEF\xB8\x8F\xE2"
     "\x80\x8D\xF0\x9F\x92\x8B\xE2\x80\x8D\xF0\x9F\x91\xA8\xF0\x9F\x8F\xBE",
     "kiss: woman, man, light skin tone, medium-dark skin tone"},
    {"\xF0\x9F\x91\xA9\xF0\x9F\x8F\xBB\xE2\x80\x8D\xE2\x9D\xA4\xEF\xB8\x8F\xE2"
     "\x80\x8D\xF0\x9F\x92\x8B\xE2\x80\x8D\xF0\x9F\x91\xA8\xF0\x9F\x8F\xBF",
     "kiss: woman, man, light skin tone, dark skin tone"},
    {"\xF0\x9F\x91\xA9\xF0\x9F\x8F\xBC\xE2\x80\x8D\xE2\x9D\xA4\xEF\xB8\x8F\xE2"
     "\x80\x8D\xF0\x9F\x92\x8B\xE2\x80\x8D\xF0\x9F\x91\xA8\xF0\x9F\x8F\xBB",
     "kiss: woman, man, medium-light skin tone, light skin tone"},
    {"\xF0\x9F\x91\xA9\xF0\x9F\x8F\xBC\xE2\x80\x8D\xE2\x9D\xA4\xEF\xB8\x8F\xE2"
     "\x80\x8D\xF0\x9F\x92\x8B\xE2\x80\x8D\xF0\x9F\x91\xA8\xF0\x9F\x8F\xBC",
     "kiss: woman, man, medium-light skin tone"},
    {"\xF0\x9F\x91\xA9\xF0\x9F\x8F\xBC\xE2\x80\x8D\xE2\x9D\xA4\xEF\xB8\x8F\xE2"
     "\x80\x8D\xF0\x9F\x92\x8B\xE2\x80\x8D\xF0\x9F\x91\xA8\xF0\x9F\x8F\xBD",
     "kiss: woman, man, medium-light skin tone, medium skin tone"},
    {"\xF0\x9F\x91\xA9\xF0\x9F\x8F\xBC\xE2\x80\x8D\xE2\x9D\xA4\xEF\xB8\x8F\xE2"
     "\x80\x8D\xF0\x9F\x92\x8B\xE2\x80\x8D\xF0\x9F\x91\xA8\xF0\x9F\x8F\xBE",
     "kiss: woman, man, medium-light skin tone, medium-dark skin tone"},
    {"\xF0\x9F\x91\xA9\xF0\x9F\x8F\xBC\xE2\x80\x8D\xE2\x9D\xA4\xEF\xB8\x8F\xE2"
     "\x80\x8D\xF0\x9F\x92\x8B\xE2\x80\x8D\xF0\x9F\x91\xA8\xF0\x9F\x8F\xBF",
     "kiss: woman, man, medium-light skin tone, dark skin tone"},
    {"\xF0\x9F\x91\xA9\xF0\x9F\x8F\xBD\xE2\x80\x8D\xE2\x9D\xA4\xEF\xB8\x8F\xE2"
     "\x80\x8D\xF0\x9F\x92\x8B\xE2\x80\x8D\xF0\x9F\x91\xA8\xF0\x9F\x8F\xBB",
     "kiss: woman, man, medium skin tone, light skin tone"},
    {"\xF0\x9F\x91\xA9\xF0\x9F\x8F\xBD\xE2\x80\x8D\xE2\x9D\xA4\xEF\xB8\x8F\xE2"
     "\x80\x8D\xF0\x9F\x92\x8B\xE2\x80\x8D\xF0\x9F\x91\xA8\xF0\x9F\x8F\xBC",
     "kiss: woman, man, medium skin tone, medium-light skin tone"},
    {"\xF0\x9F\x91\xA9\xF0\x9F\x8F\xBD\xE2\x80\x8D\xE2\x9D\xA4\xEF\xB8\x8F\xE2"
     "\x80\x8D\xF0\x9F\x92\x8B\xE2\x80\x8D\xF0\x9F\x91\xA8\xF0\x9F\x8F\xBD",
     "kiss: woman, man, medium skin tone"},
    {"\xF0\x9F\x91\xA9\xF0\x9F\x8F\xBD\xE2\x80\x8D\xE2\x9D\xA4\xEF\xB8\x8F\xE2"
     "\x80\x8D\xF0\x9F\x92\x8B\xE2\x80\x8D\xF0\x9F\x91\xA8\xF0\x9F\x8F\xBE",
     "kiss: woman, man, medium skin tone, medium-dark skin tone"},
    {"\xF0\x9F\x91\xA9\xF0\x9F\x8F\xBD\xE2\x80\x8D\xE2\x9D\xA4\xEF\xB8\x8F\xE2"
     "\x80\x8D\xF0\x9F\x92\x8B\xE2\x80\x8D\xF0\x9F\x91\xA8\xF0\x9F\x8F\xBF",
     "kiss: woman, man, medium skin tone, dark skin tone"},
    {"\xF0\x9F\x91\xA9\xF0\x9F\x8F\xBE\xE2\x80\x8D\xE2\x9D\xA4\xEF\xB8\x8F\xE2"
     "\x80\x8D\xF0\x9F\x92\x8B\xE2\x80\x8D\xF0\x9F\x91\xA8\xF0\x9F\x8F\xBB",
     "kiss: woman, man, medium-dark skin tone, light skin tone"},
    {"\xF0\x9F\x91\xA9\xF0\x9F\x8F\xBE\xE2\x80\x8D\xE2\x9D\xA4\xEF\xB8\x8F\xE2"
     "\x80\x8D\xF0\x9F\x92\x8B\xE2\x80\x8D\xF0\x9F\x91\xA8\xF0\x9F\x8F\xBC",
     "kiss: woman, man, medium-dark skin tone, medium-light skin tone"},
    {"\xF0\x9F\x91\xA9\xF0\x9F\x8F\xBE\xE2\x80\x8D\xE2\x9D\xA4\xEF\xB8\x8F\xE2"
     "\x80\x8D\xF0\x9F\x92\x8B\xE2\x80\x8D\xF0\x9F\x91\xA8\xF0\x9F\x8F\xBD",
     "kiss: woman, man, medium-dark skin tone, medium skin tone"},
    {"\xF0\x9F\x91\xA9\xF0\x9F\x8F\xBE\xE2\x80\x8D\xE2\x9D\xA4\xEF\xB8\x8F\xE2"
     "\x80\x8D\xF0\x9F\x92\x8B\xE2\x80\x8D\xF0\x9F\x91\xA8\xF0\x9F\x8F\xBE",
     "kiss: woman, man, medium-dark skin tone"},
    {"\xF0\x9F\x91\xA9\xF0\x9F\x8F\xBE\xE2\x80\x8D\xE2\x9D\xA4\xEF\xB8\x8F\xE2"
     "\x80\x8D\xF0\x9F\x92\x8B\xE2\x80\x8D\xF0\x9F\x91\xA8\xF0\x9F\x8F\xBF",
     "kiss: woman, man, medium-dark skin tone, dark skin tone"},
    {"\xF0\x9F\x91\xA9\xF0\x9F\x8F\xBF\xE2\x80\x8D\xE2\x9D\xA4\xEF\xB8\x8F\xE2"
     "\x80\x8D\xF0\x9F\x92\x8B\xE2\x80\x8D\xF0\x9F\x91\xA8\xF0\x9F\x8F\xBB",
     "kiss: woman, man, dark skin tone, light skin tone"},
    {"\xF0\x9F\x91\xA9\xF0\x9F\x8F\xBF\xE2\x80\x8D\xE2\x9D\xA4\xEF\xB8\x8F\xE2"
     "\x80\x8D\xF0\x9F\x92\x8B\xE2\x80\x8D\xF0\x9F\x91\xA8\xF0\x9F\x8F\xBC",
     "kiss: woman, man, dark skin tone, medium-light skin tone"},
    {"\xF0\x9F\x91\xA9\xF0\x9F\x8F\xBF\xE2\x80\x8D\xE2\x9D\xA4\xEF\xB8\x8F\xE2"
     "\x80\x8D\xF0\x9F\x92\x8B\xE2\x80\x8D\xF0\x9F\x91\xA8\xF0\x9F\x8F\xBD",
     "kiss: woman, man, dark skin tone, medium skin tone"},
    {"\xF0\x9F\x91\xA9\xF0\x9F\x8F\xBF\xE2\x80\x8D\xE2\x9D\xA4\xEF\xB8\x8F\xE2"
     "\x80\x8D\xF0\x9F\x92\x8B\xE2\x80\x8D\xF0\x9F\x91\xA8\xF0\x9F\x8F\xBE",
     "kiss: woman, man, dark skin tone, medium-dark skin tone"},
    {"\xF0\x9F\x91\xA9\xF0\x9F\x8F\xBF\xE2\x80\x8D\xE2\x9D\xA4\xEF\xB8\x8F\xE2"
     "\x80\x8D\xF0\x9F\x92\x8B\xE2\x80\x8D\xF0\x9F\x91\xA8\xF0\x9F\x8F\xBF",
     "kiss: woman, man, dark skin tone"},
    {"\xF0\x9F\x91\xA8\xE2\x80\x8D\xE2\x9D\xA4\xEF\xB8\x8F\xE2\x80\x8D\xF0\x9F"
     "\x92\x8B\xE2\x80\x8D\xF0\x9F\x91\xA8",
     "kiss: man, man"},
    {"\xF0\x9F\x91\xA8\xF0\x9F\x8F\xBB\xE2\x80\x8D\xE2\x9D\xA4\xEF\xB8\x8F\xE2"
     "\x80\x8D\xF0\x9F\x92\x8B\xE2\x80\x8D\xF0\x9F\x91\xA8\xF0\x9F\x8F\xBB",
     "kiss: man, man, light skin tone"},
    {"\xF0\x9F\x91\xA8\xF0\x9F\x8F\xBB\xE2\x80\x8D\xE2\x9D\xA4\xEF\xB8\x8F\xE2"
     "\x80\x8D\xF0\x9F\x92\x8B\xE2\x80\x8D\xF0\x9F\x91\xA8\xF0\x9F\x8F\xBC",
     "kiss: man, man, light skin tone, medium-light skin tone"},
    {"\xF0\x9F\x91\xA8\xF0\x9F\x8F\xBB\xE2\x80\x8D\xE2\x9D\xA4\xEF\xB8\x8F\xE2"
     "\x80\x8D\xF0\x9F\x92\x8B\xE2\x80\x8D\xF0\x9F\x91\xA8\xF0\x9F\x8F\xBD",
     "kiss: man, man, light skin tone, medium skin tone"},
    {"\xF0\x9F\x91\xA8\xF0\x9F\x8F\xBB\xE2\x80\x8D\xE2\x9D\xA4\xEF\xB8\x8F\xE2"
     "\x80\x8D\xF0\x9F\x92\x8B\xE2\x80\x8D\xF0\x9F\x91\xA8\xF0\x9F\x8F\xBE",
     "kiss: man, man, light skin tone, medium-dark skin tone"},
    {"\xF0\x9F\x91\xA8\xF0\x9F\x8F\xBB\xE2\x80\x8D\xE2\x9D\xA4\xEF\xB8\x8F\xE2"
     "\x80\x8D\xF0\x9F\x92\x8B\xE2\x80\x8D\xF0\x9F\x91\xA8\xF0\x9F\x8F\xBF",
     "kiss: man, man, light skin tone, dark skin tone"},
    {"\xF0\x9F\x91\xA8\xF0\x9F\x8F\xBC\xE2\x80\x8D\xE2\x9D\xA4\xEF\xB8\x8F\xE2"
     "\x80\x8D\xF0\x9F\x92\x8B\xE2\x80\x8D\xF0\x9F\x91\xA8\xF0\x9F\x8F\xBB",
     "kiss: man, man, medium-light skin tone, light skin tone"},
    {"\xF0\x9F\x91\xA8\xF0\x9F\x8F\xBC\xE2\x80\x8D\xE2\x9D\xA4\xEF\xB8\x8F\xE2"
     "\x80\x8D\xF0\x9F\x92\x8B\xE2\x80\x8D\xF0\x9F\x91\xA8\xF0\x9F\x8F\xBC",
     "kiss: man, man, medium-light skin tone"},
    {"\xF0\x9F\x91\xA8\xF0\x9F\x8F\xBC\xE2\x80\x8D\xE2\x9D\xA4\xEF\xB8\x8F\xE2"
     "\x80\x8D\xF0\x9F\x92\x8B\xE2\x80\x8D\xF0\x9F\x91\xA8\xF0\x9F\x8F\xBD",
     "kiss: man, man, medium-light skin tone, medium skin tone"},
    {"\xF0\x9F\x91\xA8\xF0\x9F\x8F\xBC\xE2\x80\x8D\xE2\x9D\xA4\xEF\xB8\x8F\xE2"
     "\x80\x8D\xF0\x9F\x92\x8B\xE2\x80\x8D\xF0\x9F\x91\xA8\xF0\x9F\x8F\xBE",
     "kiss: man, man, medium-light skin tone, medium-dark skin tone"},
    {"\xF0\x9F\x91\xA8\xF0\x9F\x8F\xBC\xE2\x80\x8D\xE2\x9D\xA4\xEF\xB8\x8F\xE2"
     "\x80\x8D\xF0\x9F\x92\x8B\xE2\x80\x8D\xF0\x9F\x91\xA8\xF0\x9F\x8F\xBF",
     "kiss: man, man, medium-light skin tone, dark skin tone"},
    {"\xF0\x9F\x91\xA8\xF0\x9F\x8F\xBD\xE2\x80\x8D\xE2\x9D\xA4\xEF\xB8\x8F\xE2"
     "\x80\x8D\xF0\x9F\x92\x8B\xE2\x80\x8D\xF0\x9F\x91\xA8\xF0\x9F\x8F\xBB",
     "kiss: man, man, medium skin tone, light skin tone"},
    {"\xF0\x9F\x91\xA8\xF0\x9F\x8F\xBD\xE2\x80\x8D\xE2\x9D\xA4\xEF\xB8\x8F\xE2"
     "\x80\x8D\xF0\x9F\x92\x8B\xE2\x80\x8D\xF0\x9F\x91\xA8\xF0\x9F\x8F\xBC",
     "kiss: man, man, medium skin tone, medium-light skin tone"},
    {"\xF0\x9F\x91\xA8\xF0\x9F\x8F\xBD\xE2\x80\x8D\xE2\x9D\xA4\xEF\xB8\x8F\xE2"
     "\x80\x8D\xF0\x9F\x92\x8B\xE2\x80\x8D\xF0\x9F\x91\xA8\xF0\x9F\x8F\xBD",
     "kiss: man, man, medium skin tone"},
    {"\xF0\x9F\x91\xA8\xF0\x9F\x8F\xBD\xE2\x80\x8D\xE2\x9D\xA4\xEF\xB8\x8F\xE2"
     "\x80\x8D\xF0\x9F\x92\x8B\xE2\x80\x8D\xF0\x9F\x91\xA8\xF0\x9F\x8F\xBE",
     "kiss: man, man, medium skin tone, medium-dark skin tone"},
    {"\xF0\x9F\x91\xA8\xF0\x9F\x8F\xBD\xE2\x80\x8D\xE2\x9D\xA4\xEF\xB8\x8F\xE2"
     "\x80\x8D\xF0\x9F\x92\x8B\xE2\x80\x8D\xF0\x9F\x91\xA8\xF0\x9F\x8F\xBF",
     "kiss: man, man, medium skin tone, dark skin tone"},
    {"\xF0\x9F\x91\xA8\xF0\x9F\x8F\xBE\xE2\x80\x8D\xE2\x9D\xA4\xEF\xB8\x8F\xE2"
     "\x80\x8D\xF0\x9F\x92\x8B\xE2\x80\x8D\xF0\x9F\x91\xA8\xF0\x9F\x8F\xBB",
     "kiss: man, man, medium-dark skin tone, light skin tone"},
    {"\xF0\x9F\x91\xA8\xF0\x9F\x8F\xBE\xE2\x80\x8D\xE2\x9D\xA4\xEF\xB8\x8F\xE2"
     "\x80\x8D\xF0\x9F\x92\x8B\xE2\x80\x8D\xF0\x9F\x91\xA8\xF0\x9F\x8F\xBC",
     "kiss: man, man, medium-dark skin tone, medium-light skin tone"},
    {"\xF0\x9F\x91\xA8\xF0\x9F\x8F\xBE\xE2\x80\x8D\xE2\x9D\xA4\xEF\xB8\x8F\xE2"
     "\x80\x8D\xF0\x9F\x92\x8B\xE2\x80\x8D\xF0\x9F\x91\xA8\xF0\x9F\x8F\xBD",
     "kiss: man, man, medium-dark skin tone, medium skin tone"},
    {"\xF0\x9F\x91\xA8\xF0\x9F\x8F\xBE\xE2\x80\x8D\xE2\x9D\xA4\xEF\xB8\x8F\xE2"
     "\x80\x8D\xF0\x9F\x92\x8B\xE2\x80\x8D\xF0\x9F\x91\xA8\xF0\x9F\x8F\xBE",
     "kiss: man, man, medium-dark skin tone"},
    {"\xF0\x9F\x91\xA8\xF0\x9F\x8F\xBE\xE2\x80\x8D\xE2\x9D\xA4\xEF\xB8\x8F\xE2"
     "\x80\x8D\xF0\x9F\x92\x8B\xE2\x80\x8D\xF0\x9F\x91\xA8\xF0\x9F\x8F\xBF",
     "kiss: man, man, medium-dark skin tone, dark skin tone"},
    {"\xF0\x9F\x91\xA8\xF0\x9F\x8F\xBF\xE2\x80\x8D\xE2\x9D\xA4\xEF\xB8\x8F\xE2"
     "\x80\x8D\xF0\x9F\x92\x8B\xE2\x80\x8D\xF0\x9F\x91\xA8\xF0\x9F\x8F\xBB",
     "kiss: man, man, dark skin tone, light skin tone"},
    {"\xF0\x9F\x91\xA8\xF0\x9F\x8F\xBF\xE2\x80\x8D\xE2\x9D\xA4\xEF\xB8\x8F\xE2"
     "\x80\x8D\xF0\x9F\x92\x8B\xE2\x80\x8D\xF0\x9F\x91\xA8\xF0\x9F\x8F\xBC",
     "kiss: man, man, dark skin tone, medium-light skin tone"},
    {"\xF0\x9F\x91\xA8\xF0\x9F\x8F\xBF\xE2\x80\x8D\xE2\x9D\xA4\xEF\xB8\x8F\xE2"
     "\x80\x8D\xF0\x9F\x92\x8B\xE2\x80\x8D\xF0\x9F\x91\xA8\xF0\x9F\x8F\xBD",
     "kiss: man, man, dark skin tone, medium skin tone"},
    {"\xF0\x9F\x91\xA8\xF0\x9F\x8F\xBF\xE2\x80\x8D\xE2\x9D\xA4\xEF\xB8\x8F\xE2"
     "\x80\x8D\xF0\x9F\x92\x8B\xE2\x80\x8D\xF0\x9F\x91\xA8\xF0\x9F\x8F\xBE",
     "kiss: man, man, dark skin tone, medium-dark skin tone"},
    {"\xF0\x9F\x91\xA8\xF0\x9F\x8F\xBF\xE2\x80\x8D\xE2\x9D\xA4\xEF\xB8\x8F\xE2"
     "\x80\x8D\xF0\x9F\x92\x8B\xE2\x80\x8D\xF0\x9F\x91\xA8\xF0\x9F\x8F\xBF",
     "kiss: man, man, dark skin tone"},
    {"\xF0\x9F\x91\xA9\xE2\x80\x8D\xE2\x9D\xA4\xEF\xB8\x8F\xE2\x80\x8D\xF0\x9F"
     "\x92\x8B\xE2\x80\x8D\xF0\x9F\x91\xA9",
     "kiss: woman, woman"},
    {"\xF0\x9F\x91\xA9\xF0\x9F\x8F\xBB\xE2\x80\x8D\xE2\x9D\xA4\xEF\xB8\x8F\xE2"
     "\x80\x8D\xF0\x9F\x92\x8B\xE2\x80\x8D\xF0\x9F\x91\xA9\xF0\x9F\x8F\xBB",
     "kiss: woman, woman, light skin tone"},
    {"\xF0\x9F\x91\xA9\xF0\x9F\x8F\xBB\xE2\x80\x8D\xE2\x9D\xA4\xEF\xB8\x8F\xE2"
     "\x80\x8D\xF0\x9F\x92\x8B\xE2\x80\x8D\xF0\x9F\x91\xA9\xF0\x9F\x8F\xBC",
     "kiss: woman, woman, light skin tone, medium-light skin tone"},
    {"\xF0\x9F\x91\xA9\xF0\x9F\x8F\xBB\xE2\x80\x8D\xE2\x9D\xA4\xEF\xB8\x8F\xE2"
     "\x80\x8D\xF0\x9F\x92\x8B\xE2\x80\x8D\xF0\x9F\x91\xA9\xF0\x9F\x8F\xBD",
     "kiss: woman, woman, light skin tone, medium skin tone"},
    {"\xF0\x9F\x91\xA9\xF0\x9F\x8F\xBB\xE2\x80\x8D\xE2\x9D\xA4\xEF\xB8\x8F\xE2"
     "\x80\x8D\xF0\x9F\x92\x8B\xE2\x80\x8D\xF0\x9F\x91\xA9\xF0\x9F\x8F\xBE",
     "kiss: woman, woman, light skin tone, medium-dark skin tone"},
    {"\xF0\x9F\x91\xA9\xF0\x9F\x8F\xBB\xE2\x80\x8D\xE2\x9D\xA4\xEF\xB8\x8F\xE2"
     "\x80\x8D\xF0\x9F\x92\x8B\xE2\x80\x8D\xF0\x9F\x91\xA9\xF0\x9F\x8F\xBF",
     "kiss: woman, woman, light skin tone, dark skin tone"},
    {"\xF0\x9F\x91\xA9\xF0\x9F\x8F\xBC\xE2\x80\x8D\xE2\x9D\xA4\xEF\xB8\x8F\xE2"
     "\x80\x8D\xF0\x9F\x92\x8B\xE2\x80\x8D\xF0\x9F\x91\xA9\xF0\x9F\x8F\xBB",
     "kiss: woman, woman, medium-light skin tone, light skin tone"},
    {"\xF0\x9F\x91\xA9\xF0\x9F\x8F\xBC\xE2\x80\x8D\xE2\x9D\xA4\xEF\xB8\x8F\xE2"
     "\x80\x8D\xF0\x9F\x92\x8B\xE2\x80\x8D\xF0\x9F\x91\xA9\xF0\x9F\x8F\xBC",
     "kiss: woman, woman, medium-light skin tone"},
    {"\xF0\x9F\x91\xA9\xF0\x9F\x8F\xBC\xE2\x80\x8D\xE2\x9D\xA4\xEF\xB8\x8F\xE2"
     "\x80\x8D\xF0\x9F\x92\x8B\xE2\x80\x8D\xF0\x9F\x91\xA9\xF0\x9F\x8F\xBD",
     "kiss: woman, woman, medium-light skin tone, medium skin tone"},
    {"\xF0\x9F\x91\xA9\xF0\x9F\x8F\xBC\xE2\x80\x8D\xE2\x9D\xA4\xEF\xB8\x8F\xE2"
     "\x80\x8D\xF0\x9F\x92\x8B\xE2\x80\x8D\xF0\x9F\x91\xA9\xF0\x9F\x8F\xBE",
     "kiss: woman, woman, medium-light skin tone, medium-dark skin tone"},
    {"\xF0\x9F\x91\xA9\xF0\x9F\x8F\xBC\xE2\x80\x8D\xE2\x9D\xA4\xEF\xB8\x8F\xE2"
     "\x80\x8D\xF0\x9F\x92\x8B\xE2\x80\x8D\xF0\x9F\x91\xA9\xF0\x9F\x8F\xBF",
     "kiss: woman, woman, medium-light skin tone, dark skin tone"},
    {"\xF0\x9F\x91\xA9\xF0\x9F\x8F\xBD\xE2\x80\x8D\xE2\x9D\xA4\xEF\xB8\x8F\xE2"
     "\x80\x8D\xF0\x9F\x92\x8B\xE2\x80\x8D\xF0\x9F\x91\xA9\xF0\x9F\x8F\xBB",
     "kiss: woman, woman, medium skin tone, light skin tone"},
    {"\xF0\x9F\x91\xA9\xF0\x9F\x8F\xBD\xE2\x80\x8D\xE2\x9D\xA4\xEF\xB8\x8F\xE2"
     "\x80\x8D\xF0\x9F\x92\x8B\xE2\x80\x8D\xF0\x9F\x91\xA9\xF0\x9F\x8F\xBC",
     "kiss: woman, woman, medium skin tone, medium-light skin tone"},
    {"\xF0\x9F\x91\xA9\xF0\x9F\x8F\xBD\xE2\x80\x8D\xE2\x9D\xA4\xEF\xB8\x8F\xE2"
     "\x80\x8D\xF0\x9F\x92\x8B\xE2\x80\x8D\xF0\x9F\x91\xA9\xF0\x9F\x8F\xBD",
     "kiss: woman, woman, medium skin tone"},
    {"\xF0\x9F\x91\xA9\xF0\x9F\x8F\xBD\xE2\x80\x8D\xE2\x9D\xA4\xEF\xB8\x8F\xE2"
     "\x80\x8D\xF0\x9F\x92\x8B\xE2\x80\x8D\xF0\x9F\x91\xA9\xF0\x9F\x8F\xBE",
     "kiss: woman, woman, medium skin tone, medium-dark skin tone"},
    {"\xF0\x9F\x91\xA9\xF0\x9F\x8F\xBD\xE2\x80\x8D\xE2\x9D\xA4\xEF\xB8\x8F\xE2"
     "\x80\x8D\xF0\x9F\x92\x8B\xE2\x80\x8D\xF0\x9F\x91\xA9\xF0\x9F\x8F\xBF",
     "kiss: woman, woman, medium skin tone, dark skin tone"},
    {"\xF0\x9F\x91\xA9\xF0\x9F\x8F\xBE\xE2\x80\x8D\xE2\x9D\xA4\xEF\xB8\x8F\xE2"
     "\x80\x8D\xF0\x9F\x92\x8B\xE2\x80\x8D\xF0\x9F\x91\xA9\xF0\x9F\x8F\xBB",
     "kiss: woman, woman, medium-dark skin tone, light skin tone"},
    {"\xF0\x9F\x91\xA9\xF0\x9F\x8F\xBE\xE2\x80\x8D\xE2\x9D\xA4\xEF\xB8\x8F\xE2"
     "\x80\x8D\xF0\x9F\x92\x8B\xE2\x80\x8D\xF0\x9F\x91\xA9\xF0\x9F\x8F\xBC",
     "kiss: woman, woman, medium-dark skin tone, medium-light skin tone"},
    {"\xF0\x9F\x91\xA9\xF0\x9F\x8F\xBE\xE2\x80\x8D\xE2\x9D\xA4\xEF\xB8\x8F\xE2"
     "\x80\x8D\xF0\x9F\x92\x8B\xE2\x80\x8D\xF0\x9F\x91\xA9\xF0\x9F\x8F\xBD",
     "kiss: woman, woman, medium-dark skin tone, medium skin tone"},
    {"\xF0\x9F\x91\xA9\xF0\x9F\x8F\xBE\xE2\x80\x8D\xE2\x9D\xA4\xEF\xB8\x8F\xE2"
     "\x80\x8D\xF0\x9F\x92\x8B\xE2\x80\x8D\xF0\x9F\x91\xA9\xF0\x9F\x8F\xBE",
     "kiss: woman, woman, medium-dark skin tone"},
    {"\xF0\x9F\x91\xA9\xF0\x9F\x8F\xBE\xE2\x80\x8D\xE2\x9D\xA4\xEF\xB8\x8F\xE2"
     "\x80\x8D\xF0\x9F\x92\x8B\xE2\x80\x8D\xF0\x9F\x91\xA9\xF0\x9F\x8F\xBF",
     "kiss: woman, woman, medium-dark skin tone, dark skin tone"},
    {"\xF0\x9F\x91\xA9\xF0\x9F\x8F\xBF\xE2\x80\x8D\xE2\x9D\xA4\xEF\xB8\x8F\xE2"
     "\x80\x8D\xF0\x9F\x92\x8B\xE2\x80\x8D\xF0\x9F\x91\xA9\xF0\x9F\x8F\xBB",
     "kiss: woman, woman, dark skin tone, light skin tone"},
    {"\xF0\x9F\x91\xA9\xF0\x9F\x8F\xBF\xE2\x80\x8D\xE2\x9D\xA4\xEF\xB8\x8F\xE2"
     "\x80\x8D\xF0\x9F\x92\x8B\xE2\x80\x8D\xF0\x9F\x91\xA9\xF0\x9F\x8F\xBC",
     "kiss: woman, woman, dark skin tone, medium-light skin tone"},
    {"\xF0\x9F\x91\xA9\xF0\x9F\x8F\xBF\xE2\x80\x8D\xE2\x9D\xA4\xEF\xB8\x8F\xE2"
     "\x80\x8D\xF0\x9F\x92\x8B\xE2\x80\x8D\xF0\x9F\x91\xA9\xF0\x9F\x8F\xBD",
     "kiss: woman, woman, dark skin tone, medium skin tone"},
    {"\xF0\x9F\x91\xA9\xF0\x9F\x8F\xBF\xE2\x80\x8D\xE2\x9D\xA4\xEF\xB8\x8F\xE2"
     "\x80\x8D\xF0\x9F\x92\x8B\xE2\x80\x8D\xF0\x9F\x91\xA9\xF0\x9F\x8F\xBE",
     "kiss: woman, woman, dark skin tone, medium-dark skin tone"},
    {"\xF0\x9F\x91\xA9\xF0\x9F\x8F\xBF\xE2\x80\x8D\xE2\x9D\xA4\xEF\xB8\x8F\xE2"
     "\x80\x8D\xF0\x9F\x92\x8B\xE2\x80\x8D\xF0\x9F\x91\xA9\xF0\x9F\x8F\xBF",
     "kiss: woman, woman, dark skin tone"},
    {"\xF0\x9F\x92\x91", "couple with heart"},
    {"\xF0\x9F\x92\x91\xF0\x9F\x8F\xBB", "couple with heart: light skin tone"},
    {"\xF0\x9F\x92\x91\xF0\x9F\x8F\xBC",
     "couple with heart: medium-light skin tone"},
    {"\xF0\x9F\x92\x91\xF0\x9F\x8F\xBD", "couple with heart: medium skin tone"},
    {"\xF0\x9F\x92\x91\xF0\x9F\x8F\xBE",
     "couple with heart: medium-dark skin tone"},
    {"\xF0\x9F\x92\x91\xF0\x9F\x8F\xBF", "couple with heart: dark skin tone"},
    {"\xF0\x9F\xA7\x91\xF0\x9F\x8F\xBB\xE2\x80\x8D\xE2\x9D\xA4\xEF\xB8\x8F\xE2"
     "\x80\x8D\xF0\x9F\xA7\x91\xF0\x9F\x8F\xBC",
     "couple with heart: person, person, light skin tone, medium-light skin "
     "tone"},
    {"\xF0\x9F\xA7\x91\xF0\x9F\x8F\xBB\xE2\x80\x8D\xE2\x9D\xA4\xEF\xB8\x8F\xE2"
     "\x80\x8D\xF0\x9F\xA7\x91\xF0\x9F\x8F\xBD",
     "couple with heart: person, person, light skin tone, medium skin tone"},
    {"\xF0\x9F\xA7\x91\xF0\x9F\x8F\xBB\xE2\x80\x8D\xE2\x9D\xA4\xEF\xB8\x8F\xE2"
     "\x80\x8D\xF0\x9F\xA7\x91\xF0\x9F\x8F\xBE",
     "couple with heart: person, person, light skin tone, medium-dark skin "
     "tone"},
    {"\xF0\x9F\xA7\x91\xF0\x9F\x8F\xBB\xE2\x80\x8D\xE2\x9D\xA4\xEF\xB8\x8F\xE2"
     "\x80\x8D\xF0\x9F\xA7\x91\xF0\x9F\x8F\xBF",
     "couple with heart: person, person, light skin tone, dark skin tone"},
    {"\xF0\x9F\xA7\x91\xF0\x9F\x8F\xBC\xE2\x80\x8D\xE2\x9D\xA4\xEF\xB8\x8F\xE2"
     "\x80\x8D\xF0\x9F\xA7\x91\xF0\x9F\x8F\xBB",
     "couple with heart: person, person, medium-light skin tone, light skin "
     "tone"},
    {"\xF0\x9F\xA7\x91\xF0\x9F\x8F\xBC\xE2\x80\x8D\xE2\x9D\xA4\xEF\xB8\x8F\xE2"
     "\x80\x8D\xF0\x9F\xA7\x91\xF0\x9F\x8F\xBD",
     "couple with heart: person, person, medium-light skin tone, medium skin "
     "tone"},
    {"\xF0\x9F\xA7\x91\xF0\x9F\x8F\xBC\xE2\x80\x8D\xE2\x9D\xA4\xEF\xB8\x8F\xE2"
     "\x80\x8D\xF0\x9F\xA7\x91\xF0\x9F\x8F\xBE",
     "couple with heart: person, person, medium-light skin tone, medium-dark "
     "skin tone"},
    {"\xF0\x9F\xA7\x91\xF0\x9F\x8F\xBC\xE2\x80\x8D\xE2\x9D\xA4\xEF\xB8\x8F\xE2"
     "\x80\x8D\xF0\x9F\xA7\x91\xF0\x9F\x8F\xBF",
     "couple with heart: person, person, medium-light skin tone, dark skin "
     "tone"},
    {"\xF0\x9F\xA7\x91\xF0\x9F\x8F\xBD\xE2\x80\x8D\xE2\x9D\xA4\xEF\xB8\x8F\xE2"
     "\x80\x8D\xF0\x9F\xA7\x91\xF0\x9F\x8F\xBB",
     "couple with heart: person, person, medium skin tone, light skin tone"},
    {"\xF0\x9F\xA7\x91\xF0\x9F\x8F\xBD\xE2\x80\x8D\xE2\x9D\xA4\xEF\xB8\x8F\xE2"
     "\x80\x8D\xF0\x9F\xA7\x91\xF0\x9F\x8F\xBC",
     "couple with heart: person, person, medium skin tone, medium-light skin "
     "tone"},
    {"\xF0\x9F\xA7\x91\xF0\x9F\x8F\xBD\xE2\x80\x8D\xE2\x9D\xA4\xEF\xB8\x8F\xE2"
     "\x80\x8D\xF0\x9F\xA7\x91\xF0\x9F\x8F\xBE",
     "couple with heart: person, person, medium skin tone, medium-dark skin "
     "tone"},
    {"\xF0\x9F\xA7\x91\xF0\x9F\x8F\xBD\xE2\x80\x8D\xE2\x9D\xA4\xEF\xB8\x8F\xE2"
     "\x80\x8D\xF0\x9F\xA7\x91\xF0\x9F\x8F\xBF",
     "couple with heart: person, person, medium skin tone, dark skin tone"},
    {"\xF0\x9F\xA7\x91\xF0\x9F\x8F\xBE\xE2\x80\x8D\xE2\x9D\xA4\xEF\xB8\x8F\xE2"
     "\x80\x8D\xF0\x9F\xA7\x91\xF0\x9F\x8F\xBB",
     "couple with heart: person, person, medium-dark skin tone, light skin "
     "tone"},
    {"\xF0\x9F\xA7\x91\xF0\x9F\x8F\xBE\xE2\x80\x8D\xE2\x9D\xA4\xEF\xB8\x8F\xE2"
     "\x80\x8D\xF0\x9F\xA7\x91\xF0\x9F\x8F\xBC",
     "couple with heart: person, person, medium-dark skin tone, medium-light "
     "skin tone"},
    {"\xF0\x9F\xA7\x91\xF0\x9F\x8F\xBE\xE2\x80\x8D\xE2\x9D\xA4\xEF\xB8\x8F\xE2"
     "\x80\x8D\xF0\x9F\xA7\x91\xF0\x9F\x8F\xBD",
     "couple with heart: person, person, medium-dark skin tone, medium skin "
     "tone"},
    {"\xF0\x9F\xA7\x91\xF0\x9F\x8F\xBE\xE2\x80\x8D\xE2\x9D\xA4\xEF\xB8\x8F\xE2"
     "\x80\x8D\xF0\x9F\xA7\x91\xF0\x9F\x8F\xBF",
     "couple with heart: person, person, medium-dark skin tone, dark skin "
     "tone"},
    {"\xF0\x9F\xA7\x91\xF0\x9F\x8F\xBF\xE2\x80\x8D\xE2\x9D\xA4\xEF\xB8\x8F\xE2"
     "\x80\x8D\xF0\x9F\xA7\x91\xF0\x9F\x8F\xBB",
     "couple with heart: person, person, dark skin tone, light skin tone"},
    {"\xF0\x9F\xA7\x91\xF0\x9F\x8F\xBF\xE2\x80\x8D\xE2\x9D\xA4\xEF\xB8\x8F\xE2"
     "\x80\x8D\xF0\x9F\xA7\x91\xF0\x9F\x8F\xBC",
     "couple with heart: person, person, dark skin tone, medium-light skin "
     "tone"},
    {"\xF0\x9F\xA7\x91\xF0\x9F\x8F\xBF\xE2\x80\x8D\xE2\x9D\xA4\xEF\xB8\x8F\xE2"
     "\x80\x8D\xF0\x9F\xA7\x91\xF0\x9F\x8F\xBD",
     "couple with heart: person, person, dark skin tone, medium skin tone"},
    {"\xF0\x9F\xA7\x91\xF0\x9F\x8F\xBF\xE2\x80\x8D\xE2\x9D\xA4\xEF\xB8\x8F\xE2"
     "\x80\x8D\xF0\x9F\xA7\x91\xF0\x9F\x8F\xBE",
     "couple with heart: person, person, dark skin tone, medium-dark skin "
     "tone"},
    {"\xF0\x9F\x91\xA9\xE2\x80\x8D\xE2\x9D\xA4\xEF\xB8\x8F\xE2\x80\x8D\xF0\x9F"
     "\x91\xA8",
     "couple with heart: woman, man"},
    {"\xF0\x9F\x91\xA9\xF0\x9F\x8F\xBB\xE2\x80\x8D\xE2\x9D\xA4\xEF\xB8\x8F\xE2"
     "\x80\x8D\xF0\x9F\x91\xA8\xF0\x9F\x8F\xBB",
     "couple with heart: woman, man, light skin tone"},
    {"\xF0\x9F\x91\xA9\xF0\x9F\x8F\xBB\xE2\x80\x8D\xE2\x9D\xA4\xEF\xB8\x8F\xE2"
     "\x80\x8D\xF0\x9F\x91\xA8\xF0\x9F\x8F\xBC",
     "couple with heart: woman, man, light skin tone, medium-light skin tone"},
    {"\xF0\x9F\x91\xA9\xF0\x9F\x8F\xBB\xE2\x80\x8D\xE2\x9D\xA4\xEF\xB8\x8F\xE2"
     "\x80\x8D\xF0\x9F\x91\xA8\xF0\x9F\x8F\xBD",
     "couple with heart: woman, man, light skin tone, medium skin tone"},
    {"\xF0\x9F\x91\xA9\xF0\x9F\x8F\xBB\xE2\x80\x8D\xE2\x9D\xA4\xEF\xB8\x8F\xE2"
     "\x80\x8D\xF0\x9F\x91\xA8\xF0\x9F\x8F\xBE",
     "couple with heart: woman, man, light skin tone, medium-dark skin tone"},
    {"\xF0\x9F\x91\xA9\xF0\x9F\x8F\xBB\xE2\x80\x8D\xE2\x9D\xA4\xEF\xB8\x8F\xE2"
     "\x80\x8D\xF0\x9F\x91\xA8\xF0\x9F\x8F\xBF",
     "couple with heart: woman, man, light skin tone, dark skin tone"},
    {"\xF0\x9F\x91\xA9\xF0\x9F\x8F\xBC\xE2\x80\x8D\xE2\x9D\xA4\xEF\xB8\x8F\xE2"
     "\x80\x8D\xF0\x9F\x91\xA8\xF0\x9F\x8F\xBB",
     "couple with heart: woman, man, medium-light skin tone, light skin tone"},
    {"\xF0\x9F\x91\xA9\xF0\x9F\x8F\xBC\xE2\x80\x8D\xE2\x9D\xA4\xEF\xB8\x8F\xE2"
     "\x80\x8D\xF0\x9F\x91\xA8\xF0\x9F\x8F\xBC",
     "couple with heart: woman, man, medium-light skin tone"},
    {"\xF0\x9F\x91\xA9\xF0\x9F\x8F\xBC\xE2\x80\x8D\xE2\x9D\xA4\xEF\xB8\x8F\xE2"
     "\x80\x8D\xF0\x9F\x91\xA8\xF0\x9F\x8F\xBD",
     "couple with heart: woman, man, medium-light skin tone, medium skin tone"},
    {"\xF0\x9F\x91\xA9\xF0\x9F\x8F\xBC\xE2\x80\x8D\xE2\x9D\xA4\xEF\xB8\x8F\xE2"
     "\x80\x8D\xF0\x9F\x91\xA8\xF0\x9F\x8F\xBE",
     "couple with heart: woman, man, medium-light skin tone, medium-dark skin "
     "tone"},
    {"\xF0\x9F\x91\xA9\xF0\x9F\x8F\xBC\xE2\x80\x8D\xE2\x9D\xA4\xEF\xB8\x8F\xE2"
     "\x80\x8D\xF0\x9F\x91\xA8\xF0\x9F\x8F\xBF",
     "couple with heart: woman, man, medium-light skin tone, dark skin tone"},
    {"\xF0\x9F\x91\xA9\xF0\x9F\x8F\xBD\xE2\x80\x8D\xE2\x9D\xA4\xEF\xB8\x8F\xE2"
     "\x80\x8D\xF0\x9F\x91\xA8\xF0\x9F\x8F\xBB",
     "couple with heart: woman, man, medium skin tone, light skin tone"},
    {"\xF0\x9F\x91\xA9\xF0\x9F\x8F\xBD\xE2\x80\x8D\xE2\x9D\xA4\xEF\xB8\x8F\xE2"
     "\x80\x8D\xF0\x9F\x91\xA8\xF0\x9F\x8F\xBC",
     "couple with heart: woman, man, medium skin tone, medium-light skin tone"},
    {"\xF0\x9F\x91\xA9\xF0\x9F\x8F\xBD\xE2\x80\x8D\xE2\x9D\xA4\xEF\xB8\x8F\xE2"
     "\x80\x8D\xF0\x9F\x91\xA8\xF0\x9F\x8F\xBD",
     "couple with heart: woman, man, medium skin tone"},
    {"\xF0\x9F\x91\xA9\xF0\x9F\x8F\xBD\xE2\x80\x8D\xE2\x9D\xA4\xEF\xB8\x8F\xE2"
     "\x80\x8D\xF0\x9F\x91\xA8\xF0\x9F\x8F\xBE",
     "couple with heart: woman, man, medium skin tone, medium-dark skin tone"},
    {"\xF0\x9F\x91\xA9\xF0\x9F\x8F\xBD\xE2\x80\x8D\xE2\x9D\xA4\xEF\xB8\x8F\xE2"
     "\x80\x8D\xF0\x9F\x91\xA8\xF0\x9F\x8F\xBF",
     "couple with heart: woman, man, medium skin tone, dark skin tone"},
    {"\xF0\x9F\x91\xA9\xF0\x9F\x8F\xBE\xE2\x80\x8D\xE2\x9D\xA4\xEF\xB8\x8F\xE2"
     "\x80\x8D\xF0\x9F\x91\xA8\xF0\x9F\x8F\xBB",
     "couple with heart: woman, man, medium-dark skin tone, light skin tone"},
    {"\xF0\x9F\x91\xA9\xF0\x9F\x8F\xBE\xE2\x80\x8D\xE2\x9D\xA4\xEF\xB8\x8F\xE2"
     "\x80\x8D\xF0\x9F\x91\xA8\xF0\x9F\x8F\xBC",
     "couple with heart: woman, man, medium-dark skin tone, medium-light skin "
     "tone"},
    {"\xF0\x9F\x91\xA9\xF0\x9F\x8F\xBE\xE2\x80\x8D\xE2\x9D\xA4\xEF\xB8\x8F\xE2"
     "\x80\x8D\xF0\x9F\x91\xA8\xF0\x9F\x8F\xBD",
     "couple with heart: woman, man, medium-dark skin tone, medium skin tone"},
    {"\xF0\x9F\x91\xA9\xF0\x9F\x8F\xBE\xE2\x80\x8D\xE2\x9D\xA4\xEF\xB8\x8F\xE2"
     "\x80\x8D\xF0\x9F\x91\xA8\xF0\x9F\x8F\xBE",
     "couple with heart: woman, man, medium-dark skin tone"},
    {"\xF0\x9F\x91\xA9\xF0\x9F\x8F\xBE\xE2\x80\x8D\xE2\x9D\xA4\xEF\xB8\x8F\xE2"
     "\x80\x8D\xF0\x9F\x91\xA8\xF0\x9F\x8F\xBF",
     "couple with heart: woman, man, medium-dark skin tone, dark skin tone"},
    {"\xF0\x9F\x91\xA9\xF0\x9F\x8F\xBF\xE2\x80\x8D\xE2\x9D\xA4\xEF\xB8\x8F\xE2"
     "\x80\x8D\xF0\x9F\x91\xA8\xF0\x9F\x8F\xBB",
     "couple with heart: woman, man, dark skin tone, light skin tone"},
    {"\xF0\x9F\x91\xA9\xF0\x9F\x8F\xBF\xE2\x80\x8D\xE2\x9D\xA4\xEF\xB8\x8F\xE2"
     "\x80\x8D\xF0\x9F\x91\xA8\xF0\x9F\x8F\xBC",
     "couple with heart: woman, man, dark skin tone, medium-light skin tone"},
    {"\xF0\x9F\x91\xA9\xF0\x9F\x8F\xBF\xE2\x80\x8D\xE2\x9D\xA4\xEF\xB8\x8F\xE2"
     "\x80\x8D\xF0\x9F\x91\xA8\xF0\x9F\x8F\xBD",
     "couple with heart: woman, man, dark skin tone, medium skin tone"},
    {"\xF0\x9F\x91\xA9\xF0\x9F\x8F\xBF\xE2\x80\x8D\xE2\x9D\xA4\xEF\xB8\x8F\xE2"
     "\x80\x8D\xF0\x9F\x91\xA8\xF0\x9F\x8F\xBE",
     "couple with heart: woman, man, dark skin tone, medium-dark skin tone"},
    {"\xF0\x9F\x91\xA9\xF0\x9F\x8F\xBF\xE2\x80\x8D\xE2\x9D\xA4\xEF\xB8\x8F\xE2"
     "\x80\x8D\xF0\x9F\x91\xA8\xF0\x9F\x8F\xBF",
     "couple with heart: woman, man, dark skin tone"},
    {"\xF0\x9F\x91\xA8\xE2\x80\x8D\xE2\x9D\xA4\xEF\xB8\x8F\xE2\x80\x8D\xF0\x9F"
     "\x91\xA8",
     "couple with heart: man, man"},
    {"\xF0\x9F\x91\xA8\xF0\x9F\x8F\xBB\xE2\x80\x8D\xE2\x9D\xA4\xEF\xB8\x8F\xE2"
     "\x80\x8D\xF0\x9F\x91\xA8\xF0\x9F\x8F\xBB",
     "couple with heart: man, man, light skin tone"},
    {"\xF0\x9F\x91\xA8\xF0\x9F\x8F\xBB\xE2\x80\x8D\xE2\x9D\xA4\xEF\xB8\x8F\xE2"
     "\x80\x8D\xF0\x9F\x91\xA8\xF0\x9F\x8F\xBC",
     "couple with heart: man, man, light skin tone, medium-light skin tone"},
    {"\xF0\x9F\x91\xA8\xF0\x9F\x8F\xBB\xE2\x80\x8D\xE2\x9D\xA4\xEF\xB8\x8F\xE2"
     "\x80\x8D\xF0\x9F\x91\xA8\xF0\x9F\x8F\xBD",
     "couple with heart: man, man, light skin tone, medium skin tone"},
    {"\xF0\x9F\x91\xA8\xF0\x9F\x8F\xBB\xE2\x80\x8D\xE2\x9D\xA4\xEF\xB8\x8F\xE2"
     "\x80\x8D\xF0\x9F\x91\xA8\xF0\x9F\x8F\xBE",
     "couple with heart: man, man, light skin tone, medium-dark skin tone"},
    {"\xF0\x9F\x91\xA8\xF0\x9F\x8F\xBB\xE2\x80\x8D\xE2\x9D\xA4\xEF\xB8\x8F\xE2"
     "\x80\x8D\xF0\x9F\x91\xA8\xF0\x9F\x8F\xBF",
     "couple with heart: man, man, light skin tone, dark skin tone"},
    {"\xF0\x9F\x91\xA8\xF0\x9F\x8F\xBC\xE2\x80\x8D\xE2\x9D\xA4\xEF\xB8\x8F\xE2"
     "\x80\x8D\xF0\x9F\x91\xA8\xF0\x9F\x8F\xBB",
     "couple with heart: man, man, medium-light skin tone, light skin tone"},
    {"\xF0\x9F\x91\xA8\xF0\x9F\x8F\xBC\xE2\x80\x8D\xE2\x9D\xA4\xEF\xB8\x8F\xE2"
     "\x80\x8D\xF0\x9F\x91\xA8\xF0\x9F\x8F\xBC",
     "couple with heart: man, man, medium-light skin tone"},
    {"\xF0\x9F\x91\xA8\xF0\x9F\x8F\xBC\xE2\x80\x8D\xE2\x9D\xA4\xEF\xB8\x8F\xE2"
     "\x80\x8D\xF0\x9F\x91\xA8\xF0\x9F\x8F\xBD",
     "couple with heart: man, man, medium-light skin tone, medium skin tone"},
    {"\xF0\x9F\x91\xA8\xF0\x9F\x8F\xBC\xE2\x80\x8D\xE2\x9D\xA4\xEF\xB8\x8F\xE2"
     "\x80\x8D\xF0\x9F\x91\xA8\xF0\x9F\x8F\xBE",
     "couple with heart: man, man, medium-light skin tone, medium-dark skin "
     "tone"},
    {"\xF0\x9F\x91\xA8\xF0\x9F\x8F\xBC\xE2\x80\x8D\xE2\x9D\xA4\xEF\xB8\x8F\xE2"
     "\x80\x8D\xF0\x9F\x91\xA8\xF0\x9F\x8F\xBF",
     "couple with heart: man, man, medium-light skin tone, dark skin tone"},
    {"\xF0\x9F\x91\xA8\xF0\x9F\x8F\xBD\xE2\x80\x8D\xE2\x9D\xA4\xEF\xB8\x8F\xE2"
     "\x80\x8D\xF0\x9F\x91\xA8\xF0\x9F\x8F\xBB",
     "couple with heart: man, man, medium skin tone, light skin tone"},
    {"\xF0\x9F\x91\xA8\xF0\x9F\x8F\xBD\xE2\x80\x8D\xE2\x9D\xA4\xEF\xB8\x8F\xE2"
     "\x80\x8D\xF0\x9F\x91\xA8\xF0\x9F\x8F\xBC",
     "couple with heart: man, man, medium skin tone, medium-light skin tone"},
    {"\xF0\x9F\x91\xA8\xF0\x9F\x8F\xBD\xE2\x80\x8D\xE2\x9D\xA4\xEF\xB8\x8F\xE2"
     "\x80\x8D\xF0\x9F\x91\xA8\xF0\x9F\x8F\xBD",
     "couple with heart: man, man, medium skin tone"},
    {"\xF0\x9F\x91\xA8\xF0\x9F\x8F\xBD\xE2\x80\x8D\xE2\x9D\xA4\xEF\xB8\x8F\xE2"
     "\x80\x8D\xF0\x9F\x91\xA8\xF0\x9F\x8F\xBE",
     "couple with heart: man, man, medium skin tone, medium-dark skin tone"},
    {"\xF0\x9F\x91\xA8\xF0\x9F\x8F\xBD\xE2\x80\x8D\xE2\x9D\xA4\xEF\xB8\x8F\xE2"
     "\x80\x8D\xF0\x9F\x91\xA8\xF0\x9F\x8F\xBF",
     "couple with heart: man, man, medium skin tone, dark skin tone"},
    {"\xF0\x9F\x91\xA8\xF0\x9F\x8F\xBE\xE2\x80\x8D\xE2\x9D\xA4\xEF\xB8\x8F\xE2"
     "\x80\x8D\xF0\x9F\x91\xA8\xF0\x9F\x8F\xBB",
     "couple with heart: man, man, medium-dark skin tone, light skin tone"},
    {"\xF0\x9F\x91\xA8\xF0\x9F\x8F\xBE\xE2\x80\x8D\xE2\x9D\xA4\xEF\xB8\x8F\xE2"
     "\x80\x8D\xF0\x9F\x91\xA8\xF0\x9F\x8F\xBC",
     "couple with heart: man, man, medium-dark skin tone, medium-light skin "
     "tone"},
    {"\xF0\x9F\x91\xA8\xF0\x9F\x8F\xBE\xE2\x80\x8D\xE2\x9D\xA4\xEF\xB8\x8F\xE2"
     "\x80\x8D\xF0\x9F\x91\xA8\xF0\x9F\x8F\xBD",
     "couple with heart: man, man, medium-dark skin tone, medium skin tone"},
    {"\xF0\x9F\x91\xA8\xF0\x9F\x8F\xBE\xE2\x80\x8D\xE2\x9D\xA4\xEF\xB8\x8F\xE2"
     "\x80\x8D\xF0\x9F\x91\xA8\xF0\x9F\x8F\xBE",
     "couple with heart: man, man, medium-dark skin tone"},
    {"\xF0\x9F\x91\xA8\xF0\x9F\x8F\xBE\xE2\x80\x8D\xE2\x9D\xA4\xEF\xB8\x8F\xE2"
     "\x80\x8D\xF0\x9F\x91\xA8\xF0\x9F\x8F\xBF",
     "couple with heart: man, man, medium-dark skin tone, dark skin tone"},
    {"\xF0\x9F\x91\xA8\xF0\x9F\x8F\xBF\xE2\x80\x8D\xE2\x9D\xA4\xEF\xB8\x8F\xE2"
     "\x80\x8D\xF0\x9F\x91\xA8\xF0\x9F\x8F\xBB",
     "couple with heart: man, man, dark skin tone, light skin tone"},
    {"\xF0\x9F\x91\xA8\xF0\x9F\x8F\xBF\xE2\x80\x8D\xE2\x9D\xA4\xEF\xB8\x8F\xE2"
     "\x80\x8D\xF0\x9F\x91\xA8\xF0\x9F\x8F\xBC",
     "couple with heart: man, man, dark skin tone, medium-light skin tone"},
    {"\xF0\x9F\x91\xA8\xF0\x9F\x8F\xBF\xE2\x80\x8D\xE2\x9D\xA4\xEF\xB8\x8F\xE2"
     "\x80\x8D\xF0\x9F\x91\xA8\xF0\x9F\x8F\xBD",
     "couple with heart: man, man, dark skin tone, medium skin tone"},
    {"\xF0\x9F\x91\xA8\xF0\x9F\x8F\xBF\xE2\x80\x8D\xE2\x9D\xA4\xEF\xB8\x8F\xE2"
     "\x80\x8D\xF0\x9F\x91\xA8\xF0\x9F\x8F\xBE",
     "couple with heart: man, man, dark skin tone, medium-dark skin tone"},
    {"\xF0\x9F\x91\xA8\xF0\x9F\x8F\xBF\xE2\x80\x8D\xE2\x9D\xA4\xEF\xB8\x8F\xE2"
     "\x80\x8D\xF0\x9F\x91\xA8\xF0\x9F\x8F\xBF",
     "couple with heart: man, man, dark skin tone"},
    {"\xF0\x9F\x91\xA9\xE2\x80\x8D\xE2\x9D\xA4\xEF\xB8\x8F\xE2\x80\x8D\xF0\x9F"
     "\x91\xA9",
     "couple with heart: woman, woman"},
    {"\xF0\x9F\x91\xA9\xF0\x9F\x8F\xBB\xE2\x80\x8D\xE2\x9D\xA4\xEF\xB8\x8F\xE2"
     "\x80\x8D\xF0\x9F\x91\xA9\xF0\x9F\x8F\xBB",
     "couple with heart: woman, woman, light skin tone"},
    {"\xF0\x9F\x91\xA9\xF0\x9F\x8F\xBB\xE2\x80\x8D\xE2\x9D\xA4\xEF\xB8\x8F\xE2"
     "\x80\x8D\xF0\x9F\x91\xA9\xF0\x9F\x8F\xBC",
     "couple with heart: woman, woman, light skin tone, medium-light skin "
     "tone"},
    {"\xF0\x9F\x91\xA9\xF0\x9F\x8F\xBB\xE2\x80\x8D\xE2\x9D\xA4\xEF\xB8\x8F\xE2"
     "\x80\x8D\xF0\x9F\x91\xA9\xF0\x9F\x8F\xBD",
     "couple with heart: woman, woman, light skin tone, medium skin tone"},
    {"\xF0\x9F\x91\xA9\xF0\x9F\x8F\xBB\xE2\x80\x8D\xE2\x9D\xA4\xEF\xB8\x8F\xE2"
     "\x80\x8D\xF0\x9F\x91\xA9\xF0\x9F\x8F\xBE",
     "couple with heart: woman, woman, light skin tone, medium-dark skin tone"},
    {"\xF0\x9F\x91\xA9\xF0\x9F\x8F\xBB\xE2\x80\x8D\xE2\x9D\xA4\xEF\xB8\x8F\xE2"
     "\x80\x8D\xF0\x9F\x91\xA9\xF0\x9F\x8F\xBF",
     "couple with heart: woman, woman, light skin tone, dark skin tone"},
    {"\xF0\x9F\x91\xA9\xF0\x9F\x8F\xBC\xE2\x80\x8D\xE2\x9D\xA4\xEF\xB8\x8F\xE2"
     "\x80\x8D\xF0\x9F\x91\xA9\xF0\x9F\x8F\xBB",
     "couple with heart: woman, woman, medium-light skin tone, light skin "
     "tone"},
    {"\xF0\x9F\x91\xA9\xF0\x9F\x8F\xBC\xE2\x80\x8D\xE2\x9D\xA4\xEF\xB8\x8F\xE2"
     "\x80\x8D\xF0\x9F\x91\xA9\xF0\x9F\x8F\xBC",
     "couple with heart: woman, woman, medium-light skin tone"},
    {"\xF0\x9F\x91\xA9\xF0\x9F\x8F\xBC\xE2\x80\x8D\xE2\x9D\xA4\xEF\xB8\x8F\xE2"
     "\x80\x8D\xF0\x9F\x91\xA9\xF0\x9F\x8F\xBD",
     "couple with heart: woman, woman, medium-light skin tone, medium skin "
     "tone"},
    {"\xF0\x9F\x91\xA9\xF0\x9F\x8F\xBC\xE2\x80\x8D\xE2\x9D\xA4\xEF\xB8\x8F\xE2"
     "\x80\x8D\xF0\x9F\x91\xA9\xF0\x9F\x8F\xBE",
     "couple with heart: woman, woman, medium-light skin tone, medium-dark "
     "skin tone"},
    {"\xF0\x9F\x91\xA9\xF0\x9F\x8F\xBC\xE2\x80\x8D\xE2\x9D\xA4\xEF\xB8\x8F\xE2"
     "\x80\x8D\xF0\x9F\x91\xA9\xF0\x9F\x8F\xBF",
     "couple with heart: woman, woman, medium-light skin tone, dark skin tone"},
    {"\xF0\x9F\x91\xA9\xF0\x9F\x8F\xBD\xE2\x80\x8D\xE2\x9D\xA4\xEF\xB8\x8F\xE2"
     "\x80\x8D\xF0\x9F\x91\xA9\xF0\x9F\x8F\xBB",
     "couple with heart: woman, woman, medium skin tone, light skin tone"},
    {"\xF0\x9F\x91\xA9\xF0\x9F\x8F\xBD\xE2\x80\x8D\xE2\x9D\xA4\xEF\xB8\x8F\xE2"
     "\x80\x8D\xF0\x9F\x91\xA9\xF0\x9F\x8F\xBC",
     "couple with heart: woman, woman, medium skin tone, medium-light skin "
     "tone"},
    {"\xF0\x9F\x91\xA9\xF0\x9F\x8F\xBD\xE2\x80\x8D\xE2\x9D\xA4\xEF\xB8\x8F\xE2"
     "\x80\x8D\xF0\x9F\x91\xA9\xF0\x9F\x8F\xBD",
     "couple with heart: woman, woman, medium skin tone"},
    {"\xF0\x9F\x91\xA9\xF0\x9F\x8F\xBD\xE2\x80\x8D\xE2\x9D\xA4\xEF\xB8\x8F\xE2"
     "\x80\x8D\xF0\x9F\x91\xA9\xF0\x9F\x8F\xBE",
     "couple with heart: woman, woman, medium skin tone, medium-dark skin "
     "tone"},
    {"\xF0\x9F\x91\xA9\xF0\x9F\x8F\xBD\xE2\x80\x8D\xE2\x9D\xA4\xEF\xB8\x8F\xE2"
     "\x80\x8D\xF0\x9F\x91\xA9\xF0\x9F\x8F\xBF",
     "couple with heart: woman, woman, medium skin tone, dark skin tone"},
    {"\xF0\x9F\x91\xA9\xF0\x9F\x8F\xBE\xE2\x80\x8D\xE2\x9D\xA4\xEF\xB8\x8F\xE2"
     "\x80\x8D\xF0\x9F\x91\xA9\xF0\x9F\x8F\xBB",
     "couple with heart: woman, woman, medium-dark skin tone, light skin tone"},
    {"\xF0\x9F\x91\xA9\xF0\x9F\x8F\xBE\xE2\x80\x8D\xE2\x9D\xA4\xEF\xB8\x8F\xE2"
     "\x80\x8D\xF0\x9F\x91\xA9\xF0\x9F\x8F\xBC",
     "couple with heart: woman, woman, medium-dark skin tone, medium-light "
     "skin tone"},
    {"\xF0\x9F\x91\xA9\xF0\x9F\x8F\xBE\xE2\x80\x8D\xE2\x9D\xA4\xEF\xB8\x8F\xE2"
     "\x80\x8D\xF0\x9F\x91\xA9\xF0\x9F\x8F\xBD",
     "couple with heart: woman, woman, medium-dark skin tone, medium skin "
     "tone"},
    {"\xF0\x9F\x91\xA9\xF0\x9F\x8F\xBE\xE2\x80\x8D\xE2\x9D\xA4\xEF\xB8\x8F\xE2"
     "\x80\x8D\xF0\x9F\x91\xA9\xF0\x9F\x8F\xBE",
     "couple with heart: woman, woman, medium-dark skin tone"},
    {"\xF0\x9F\x91\xA9\xF0\x9F\x8F\xBE\xE2\x80\x8D\xE2\x9D\xA4\xEF\xB8\x8F\xE2"
     "\x80\x8D\xF0\x9F\x91\xA9\xF0\x9F\x8F\xBF",
     "couple with heart: woman, woman, medium-dark skin tone, dark skin tone"},
    {"\xF0\x9F\x91\xA9\xF0\x9F\x8F\xBF\xE2\x80\x8D\xE2\x9D\xA4\xEF\xB8\x8F\xE2"
     "\x80\x8D\xF0\x9F\x91\xA9\xF0\x9F\x8F\xBB",
     "couple with heart: woman, woman, dark skin tone, light skin tone"},
    {"\xF0\x9F\x91\xA9\xF0\x9F\x8F\xBF\xE2\x80\x8D\xE2\x9D\xA4\xEF\xB8\x8F\xE2"
     "\x80\x8D\xF0\x9F\x91\xA9\xF0\x9F\x8F\xBC",
     "couple with heart: woman, woman, dark skin tone, medium-light skin tone"},
    {"\xF0\x9F\x91\xA9\xF0\x9F\x8F\xBF\xE2\x80\x8D\xE2\x9D\xA4\xEF\xB8\x8F\xE2"
     "\x80\x8D\xF0\x9F\x91\xA9\xF0\x9F\x8F\xBD",
     "couple with heart: woman, woman, dark skin tone, medium skin tone"},
    {"\xF0\x9F\x91\xA9\xF0\x9F\x8F\xBF\xE2\x80\x8D\xE2\x9D\xA4\xEF\xB8\x8F\xE2"
     "\x80\x8D\xF0\x9F\x91\xA9\xF0\x9F\x8F\xBE",
     "couple with heart: woman, woman, dark skin tone, medium-dark skin tone"},
    {"\xF0\x9F\x91\xA9\xF0\x9F\x8F\xBF\xE2\x80\x8D\xE2\x9D\xA4\xEF\xB8\x8F\xE2"
     "\x80\x8D\xF0\x9F\x91\xA9\xF0\x9F\x8F\xBF",
     "couple with heart: woman, woman, dark skin tone"},
    {"\xF0\x9F\x91\xA8\xE2\x80\x8D\xF0\x9F\x91\xA9\xE2\x80\x8D\xF0\x9F\x91\xA6",
     "family: man, woman, boy"},
    {"\xF0\x9F\x91\xA8\xE2\x80\x8D\xF0\x9F\x91\xA9\xE2\x80\x8D\xF0\x9F\x91\xA7",
     "family: man, woman, girl"},
    {"\xF0\x9F\x91\xA8\xE2\x80\x8D\xF0\x9F\x91\xA9\xE2\x80\x8D\xF0\x9F\x91\xA7"
     "\xE2\x80\x8D\xF0\x9F\x91\xA6",
     "family: man, woman, girl, boy"},
    {"\xF0\x9F\x91\xA8\xE2\x80\x8D\xF0\x9F\x91\xA9\xE2\x80\x8D\xF0\x9F\x91\xA6"
     "\xE2\x80\x8D\xF0\x9F\x91\xA6",
     "family: man, woman, boy, boy"},
    {"\xF0\x9F\x91\xA8\xE2\x80\x8D\xF0\x9F\x91\xA9\xE2\x80\x8D\xF0\x9F\x91\xA7"
     "\xE2\x80\x8D\xF0\x9F\x91\xA7",
     "family: man, woman, girl, girl"},
    {"\xF0\x9F\x91\xA8\xE2\x80\x8D\xF0\x9F\x91\xA8\xE2\x80\x8D\xF0\x9F\x91\xA6",
     "family: man, man, boy"},
    {"\xF0\x9F\x91\xA8\xE2\x80\x8D\xF0\x9F\x91\xA8\xE2\x80\x8D\xF0\x9F\x91\xA7",
     "family: man, man, girl"},
    {"\xF0\x9F\x91\xA8\xE2\x80\x8D\xF0\x9F\x91\xA8\xE2\x80\x8D\xF0\x9F\x91\xA7"
     "\xE2\x80\x8D\xF0\x9F\x91\xA6",
     "family: man, man, girl, boy"},
    {"\xF0\x9F\x91\xA8\xE2\x80\x8D\xF0\x9F\x91\xA8\xE2\x80\x8D\xF0\x9F\x91\xA6"
     "\xE2\x80\x8D\xF0\x9F\x91\xA6",
     "family: man, man, boy, boy"},
    {"\xF0\x9F\x91\xA8\xE2\x80\x8D\xF0\x9F\x91\xA8\xE2\x80\x8D\xF0\x9F\x91\xA7"
     "\xE2\x80\x8D\xF0\x9F\x91\xA7",
     "family: man, man, girl, girl"},
    {"\xF0\x9F\x91\xA9\xE2\x80\x8D\xF0\x9F\x91\xA9\xE2\x80\x8D\xF0\x9F\x91\xA6",
     "family: woman, woman, boy"},
    {"\xF0\x9F\x91\xA9\xE2\x80\x8D\xF0\x9F\x91\xA9\xE2\x80\x8D\xF0\x9F\x91\xA7",
     "family: woman, woman, girl"},
    {"\xF0\x9F\x91\xA9\xE2\x80\x8D\xF0\x9F\x91\xA9\xE2\x80\x8D\xF0\x9F\x91\xA7"
     "\xE2\x80\x8D\xF0\x9F\x91\xA6",
     "family: woman, woman, girl, boy"},
    {"\xF0\x9F\x91\xA9\xE2\x80\x8D\xF0\x9F\x91\xA9\xE2\x80\x8D\xF0\x9F\x91\xA6"
     "\xE2\x80\x8D\xF0\x9F\x91\xA6",
     "family: woman, woman, boy, boy"},
    {"\xF0\x9F\x91\xA9\xE2\x80\x8D\xF0\x9F\x91\xA9\xE2\x80\x8D\xF0\x9F\x91\xA7"
     "\xE2\x80\x8D\xF0\x9F\x91\xA7",
     "family: woman, woman, girl, girl"},
    {"\xF0\x9F\x91\xA8\xE2\x80\x8D\xF0\x9F\x91\xA6", "family: man, boy"},
    {"\xF0\x9F\x91\xA8\xE2\x80\x8D\xF0\x9F\x91\xA6\xE2\x80\x8D\xF0\x9F\x91\xA6",
     "family: man, boy, boy"},
    {"\xF0\x9F\x91\xA8\xE2\x80\x8D\xF0\x9F\x91\xA7", "family: man, girl"},
    {"\xF0\x9F\x91\xA8\xE2\x80\x8D\xF0\x9F\x91\xA7\xE2\x80\x8D\xF0\x9F\x91\xA6",
     "family: man, girl, boy"},
    {"\xF0\x9F\x91\xA8\xE2\x80\x8D\xF0\x9F\x91\xA7\xE2\x80\x8D\xF0\x9F\x91\xA7",
     "family: man, girl, girl"},
    {"\xF0\x9F\x91\xA9\xE2\x80\x8D\xF0\x9F\x91\xA6", "family: woman, boy"},
    {"\xF0\x9F\x91\xA9\xE2\x80\x8D\xF0\x9F\x91\xA6\xE2\x80\x8D\xF0\x9F\x91\xA6",
     "family: woman, boy, boy"},
    {"\xF0\x9F\x91\xA9\xE2\x80\x8D\xF0\x9F\x91\xA7", "family: woman, girl"},
    {"\xF0\x9F\x91\xA9\xE2\x80\x8D\xF0\x9F\x91\xA7\xE2\x80\x8D\xF0\x9F\x91\xA6",
     "family: woman, girl, boy"},
    {"\xF0\x9F\x91\xA9\xE2\x80\x8D\xF0\x9F\x91\xA7\xE2\x80\x8D\xF0\x9F\x91\xA7",
     "family: woman, girl, girl"},
    {"\xF0\x9F\x97\xA3\xEF\xB8\x8F", "speaking head"},
    {"\xF0\x9F\x91\xA4", "bust in silhouette"},
    {"\xF0\x9F\x91\xA5", "busts in silhouette"},
    {"\xF0\x9F\xAB\x82", "people hugging"},
    {"\xF0\x9F\x91\xAA", "family"},
    {"\xF0\x9F\xA7\x91\xE2\x80\x8D\xF0\x9F\xA7\x91\xE2\x80\x8D\xF0\x9F\xA7\x92",
     "family: adult, adult, child"},
    {"\xF0\x9F\xA7\x91\xE2\x80\x8D\xF0\x9F\xA7\x91\xE2\x80\x8D\xF0\x9F\xA7\x92"
     "\xE2\x80\x8D\xF0\x9F\xA7\x92",
     "family: adult, adult, child, child"},
    {"\xF0\x9F\xA7\x91\xE2\x80\x8D\xF0\x9F\xA7\x92", "family: adult, child"},
    {"\xF0\x9F\xA7\x91\xE2\x80\x8D\xF0\x9F\xA7\x92\xE2\x80\x8D\xF0\x9F\xA7\x92",
     "family: adult, child, child"},
    {"\xF0\x9F\x91\xA3", "footprints"},
    {"\xF0\x9F\x90\xB5", "monkey face"},
    {"\xF0\x9F\x90\x92", "monkey"},
    {"\xF0\x9F\xA6\x8D", "gorilla"},
    {"\xF0\x9F\xA6\xA7", "orangutan"},
    {"\xF0\x9F\x90\xB6", "dog face"},
    {"\xF0\x9F\x90\x95", "dog"},
    {"\xF0\x9F\xA6\xAE", "guide dog"},
    {"\xF0\x9F\x90\x95\xE2\x80\x8D\xF0\x9F\xA6\xBA", "service dog"},
    {"\xF0\x9F\x90\xA9", "poodle"},
    {"\xF0\x9F\x90\xBA", "wolf"},
    {"\xF0\x9F\xA6\x8A", "fox"},
    {"\xF0\x9F\xA6\x9D", "raccoon"},
    {"\xF0\x9F\x90\xB1", "cat face"},
    {"\xF0\x9F\x90\x88", "cat"},
    {"\xF0\x9F\x90\x88\xE2\x80\x8D\xE2\xAC\x9B", "black cat"},
    {"\xF0\x9F\xA6\x81", "lion"},
    {"\xF0\x9F\x90\xAF", "tiger face"},
    {"\xF0\x9F\x90\x85", "tiger"},
    {"\xF0\x9F\x90\x86", "leopard"},
    {"\xF0\x9F\x90\xB4", "horse face"},
    {"\xF0\x9F\xAB\x8E", "moose"},
    {"\xF0\x9F\xAB\x8F", "donkey"},
    {"\xF0\x9F\x90\x8E", "horse"},
    {"\xF0\x9F\xA6\x84", "unicorn"},
    {"\xF0\x9F\xA6\x93", "zebra"},
    {"\xF0\x9F\xA6\x8C", "deer"},
    {"\xF0\x9F\xA6\xAC", "bison"},
    {"\xF0\x9F\x90\xAE", "cow face"},
    {"\xF0\x9F\x90\x82", "ox"},
    {"\xF0\x9F\x90\x83", "water buffalo"},
    {"\xF0\x9F\x90\x84", "cow"},
    {"\xF0\x9F\x90\xB7", "pig face"},
    {"\xF0\x9F\x90\x96", "pig"},
    {"\xF0\x9F\x90\x97", "boar"},
    {"\xF0\x9F\x90\xBD", "pig nose"},
    {"\xF0\x9F\x90\x8F", "ram"},
    {"\xF0\x9F\x90\x91", "ewe"},
    {"\xF0\x9F\x90\x90", "goat"},
    {"\xF0\x9F\x90\xAA", "camel"},
    {"\xF0\x9F\x90\xAB", "two-hump camel"},
    {"\xF0\x9F\xA6\x99", "llama"},
    {"\xF0\x9F\xA6\x92", "giraffe"},
    {"\xF0\x9F\x90\x98", "elephant"},
    {"\xF0\x9F\xA6\xA3", "mammoth"},
    {"\xF0\x9F\xA6\x8F", "rhinoceros"},
    {"\xF0\x9F\xA6\x9B", "hippopotamus"},
    {"\xF0\x9F\x90\xAD", "mouse face"},
    {"\xF0\x9F\x90\x81", "mouse"},
    {"\xF0\x9F\x90\x80", "rat"},
    {"\xF0\x9F\x90\xB9", "hamster"},
    {"\xF0\x9F\x90\xB0", "rabbit face"},
    {"\xF0\x9F\x90\x87", "rabbit"},
    {"\xF0\x9F\x90\xBF\xEF\xB8\x8F", "chipmunk"},
    {"\xF0\x9F\xA6\xAB", "beaver"},
    {"\xF0\x9F\xA6\x94", "hedgehog"},
    {"\xF0\x9F\xA6\x87", "bat"},
    {"\xF0\x9F\x90\xBB", "bear"},
    {"\xF0\x9F\x90\xBB\xE2\x80\x8D\xE2\x9D\x84\xEF\xB8\x8F", "polar bear"},
    {"\xF0\x9F\x90\xA8", "koala"},
    {"\xF0\x9F\x90\xBC", "panda"},
    {"\xF0\x9F\xA6\xA5", "sloth"},
    {"\xF0\x9F\xA6\xA6", "otter"},
    {"\xF0\x9F\xA6\xA8", "skunk"},
    {"\xF0\x9F\xA6\x98", "kangaroo"},
    {"\xF0\x9F\xA6\xA1", "badger"},
    {"\xF0\x9F\x90\xBE", "paw prints"},
    {"\xF0\x9F\xA6\x83", "turkey"},
    {"\xF0\x9F\x90\x94", "chicken"},
    {"\xF0\x9F\x90\x93", "rooster"},
    {"\xF0\x9F\x90\xA3", "hatching chick"},
    {"\xF0\x9F\x90\xA4", "baby chick"},
    {"\xF0\x9F\x90\xA5", "front-facing baby chick"},
    {"\xF0\x9F\x90\xA6", "bird"},
    {"\xF0\x9F\x90\xA7", "penguin"},
    {"\xF0\x9F\x95\x8A\xEF\xB8\x8F", "dove"},
    {"\xF0\x9F\xA6\x85", "eagle"},
    {"\xF0\x9F\xA6\x86", "duck"},
    {"\xF0\x9F\xA6\xA2", "swan"},
    {"\xF0\x9F\xA6\x89", "owl"},
    {"\xF0\x9F\xA6\xA4", "dodo"},
    {"\xF0\x9F\xAA\xB6", "feather"},
    {"\xF0\x9F\xA6\xA9", "flamingo"},
    {"\xF0\x9F\xA6\x9A", "peacock"},
    {"\xF0\x9F\xA6\x9C", "parrot"},
    {"\xF0\x9F\xAA\xBD", "wing"},
    {"\xF0\x9F\x90\xA6\xE2\x80\x8D\xE2\xAC\x9B", "black bird"},
    {"\xF0\x9F\xAA\xBF", "goose"},
    {"\xF0\x9F\x90\xA6\xE2\x80\x8D\xF0\x9F\x94\xA5", "phoenix"},
    {"\xF0\x9F\x90\xB8", "frog"},
    {"\xF0\x9F\x90\x8A", "crocodile"},
    {"\xF0\x9F\x90\xA2", "turtle"},
    {"\xF0\x9F\xA6\x8E", "lizard"},
    {"\xF0\x9F\x90\x8D", "snake"},
    {"\xF0\x9F\x90\xB2", "dragon face"},
    {"\xF0\x9F\x90\x89", "dragon"},
    {"\xF0\x9F\xA6\x95", "sauropod"},
    {"\xF0\x9F\xA6\x96", "T-Rex"},
    {"\xF0\x9F\x90\xB3", "spouting whale"},
    {"\xF0\x9F\x90\x8B", "whale"},
    {"\xF0\x9F\x90\xAC", "dolphin"},
    {"\xF0\x9F\xA6\xAD", "seal"},
    {"\xF0\x9F\x90\x9F", "fish"},
    {"\xF0\x9F\x90\xA0", "tropical fish"},
    {"\xF0\x9F\x90\xA1", "blowfish"},
    {"\xF0\x9F\xA6\x88", "shark"},
    {"\xF0\x9F\x90\x99", "octopus"},
    {"\xF0\x9F\x90\x9A", "spiral shell"},
    {"\xF0\x9F\xAA\xB8", "coral"},
    {"\xF0\x9F\xAA\xBC", "jellyfish"},
    {"\xF0\x9F\x90\x8C", "snail"},
    {"\xF0\x9F\xA6\x8B", "butterfly"},
    {"\xF0\x9F\x90\x9B", "bug"},
    {"\xF0\x9F\x90\x9C", "ant"},
    {"\xF0\x9F\x90\x9D", "honeybee"},
    {"\xF0\x9F\xAA\xB2", "beetle"},
    {"\xF0\x9F\x90\x9E", "lady beetle"},
    {"\xF0\x9F\xA6\x97", "cricket"},
    {"\xF0\x9F\xAA\xB3", "cockroach"},
    {"\xF0\x9F\x95\xB7\xEF\xB8\x8F", "spider"},
    {"\xF0\x9F\x95\xB8\xEF\xB8\x8F", "spider web"},
    {"\xF0\x9F\xA6\x82", "scorpion"},
    {"\xF0\x9F\xA6\x9F", "mosquito"},
    {"\xF0\x9F\xAA\xB0", "fly"},
    {"\xF0\x9F\xAA\xB1", "worm"},
    {"\xF0\x9F\xA6\xA0", "microbe"},
    {"\xF0\x9F\x92\x90", "bouquet"},
    {"\xF0\x9F\x8C\xB8", "cherry blossom"},
    {"\xF0\x9F\x92\xAE", "white flower"},
    {"\xF0\x9F\xAA\xB7", "lotus"},
    {"\xF0\x9F\x8F\xB5\xEF\xB8\x8F", "rosette"},
    {"\xF0\x9F\x8C\xB9", "rose"},
    {"\xF0\x9F\xA5\x80", "wilted flower"},
    {"\xF0\x9F\x8C\xBA", "hibiscus"},
    {"\xF0\x9F\x8C\xBB", "sunflower"},
    {"\xF0\x9F\x8C\xBC", "blossom"},
    {"\xF0\x9F\x8C\xB7", "tulip"},
    {"\xF0\x9F\xAA\xBB", "hyacinth"},
    {"\xF0\x9F\x8C\xB1", "seedling"},
    {"\xF0\x9F\xAA\xB4", "potted plant"},
    {"\xF0\x9F\x8C\xB2", "evergreen tree"},
    {"\xF0\x9F\x8C\xB3", "deciduous tree"},
    {"\xF0\x9F\x8C\xB4", "palm tree"},
    {"\xF0\x9F\x8C\xB5", "cactus"},
    {"\xF0\x9F\x8C\xBE", "sheaf of rice"},
    {"\xF0\x9F\x8C\xBF", "herb"},
    {"\xE2\x98\x98\xEF\xB8\x8F", "shamrock"},
    {"\xF0\x9F\x8D\x80", "four leaf clover"},
    {"\xF0\x9F\x8D\x81", "maple leaf"},
    {"\xF0\x9F\x8D\x82", "fallen leaf"},
    {"\xF0\x9F\x8D\x83", "leaf fluttering in wind"},
    {"\xF0\x9F\xAA\xB9", "empty nest"},
    {"\xF0\x9F\xAA\xBA", "nest with eggs"},
    {"\xF0\x9F\x8D\x84", "mushroom"},
    {"\xF0\x9F\x8D\x87", "grapes"},
    {"\xF0\x9F\x8D\x88", "melon"},
    {"\xF0\x9F\x8D\x89", "watermelon"},
    {"\xF0\x9F\x8D\x8A", "tangerine"},
    {"\xF0\x9F\x8D\x8B", "lemon"},
    {"\xF0\x9F\x8D\x8B\xE2\x80\x8D\xF0\x9F\x9F\xA9", "lime"},
    {"\xF0\x9F\x8D\x8C", "banana"},
    {"\xF0\x9F\x8D\x8D", "pineapple"},
    {"\xF0\x9F\xA5\xAD", "mango"},
    {"\xF0\x9F\x8D\x8E", "red apple"},
    {"\xF0\x9F\x8D\x8F", "green apple"},
    {"\xF0\x9F\x8D\x90", "pear"},
    {"\xF0\x9F\x8D\x91", "peach"},
    {"\xF0\x9F\x8D\x92", "cherries"},
    {"\xF0\x9F\x8D\x93", "strawberry"},
    {"\xF0\x9F\xAB\x90", "blueberries"},
    {"\xF0\x9F\xA5\x9D", "kiwi fruit"},
    {"\xF0\x9F\x8D\x85", "tomato"},
    {"\xF0\x9F\xAB\x92", "olive"},
    {"\xF0\x9F\xA5\xA5", "coconut"},
    {"\xF0\x9F\xA5\x91", "avocado"},
    {"\xF0\x9F\x8D\x86", "eggplant"},
    {"\xF0\x9F\xA5\x94", "potato"},
    {"\xF0\x9F\xA5\x95", "carrot"},
    {"\xF0\x9F\x8C\xBD", "ear of corn"},
    {"\xF0\x9F\x8C\xB6\xEF\xB8\x8F", "hot pepper"},
    {"\xF0\x9F\xAB\x91", "bell pepper"},
    {"\xF0\x9F\xA5\x92", "cucumber"},
    {"\xF0\x9F\xA5\xAC", "leafy green"},
    {"\xF0\x9F\xA5\xA6", "broccoli"},
    {"\xF0\x9F\xA7\x84", "garlic"},
    {"\xF0\x9F\xA7\x85", "onion"},
    {"\xF0\x9F\xA5\x9C", "peanuts"},
    {"\xF0\x9F\xAB\x98", "beans"},
    {"\xF0\x9F\x8C\xB0", "chestnut"},
    {"\xF0\x9F\xAB\x9A", "ginger root"},
    {"\xF0\x9F\xAB\x9B", "pea pod"},
    {"\xF0\x9F\x8D\x84\xE2\x80\x8D\xF0\x9F\x9F\xAB", "brown mushroom"},
    {"\xF0\x9F\x8D\x9E", "bread"},
    {"\xF0\x9F\xA5\x90", "croissant"},
    {"\xF0\x9F\xA5\x96", "baguette bread"},
    {"\xF0\x9F\xAB\x93", "flatbread"},
    {"\xF0\x9F\xA5\xA8", "pretzel"},
    {"\xF0\x9F\xA5\xAF", "bagel"},
    {"\xF0\x9F\xA5\x9E", "pancakes"},
    {"\xF0\x9F\xA7\x87", "waffle"},
    {"\xF0\x9F\xA7\x80", "cheese wedge"},
    {"\xF0\x9F\x8D\x96", "meat on bone"},
    {"\xF0\x9F\x8D\x97", "poultry leg"},
    {"\xF0\x9F\xA5\xA9", "cut of meat"},
    {"\xF0\x9F\xA5\x93", "bacon"},
    {"\xF0\x9F\x8D\x94", "hamburger"},
    {"\xF0\x9F\x8D\x9F", "french fries"},
    {"\xF0\x9F\x8D\x95", "pizza"},
    {"\xF0\x9F\x8C\xAD", "hot dog"},
    {"\xF0\x9F\xA5\xAA", "sandwich"},
    {"\xF0\x9F\x8C\xAE", "taco"},
    {"\xF0\x9F\x8C\xAF", "burrito"},
    {"\xF0\x9F\xAB\x94", "tamale"},
    {"\xF0\x9F\xA5\x99", "stuffed flatbread"},
    {"\xF0\x9F\xA7\x86", "falafel"},
    {"\xF0\x9F\xA5\x9A", "egg"},
    {"\xF0\x9F\x8D\xB3", "cooking"},
    {"\xF0\x9F\xA5\x98", "shallow pan of food"},
    {"\xF0\x9F\x8D\xB2", "pot of food"},
    {"\xF0\x9F\xAB\x95", "fondue"},
    {"\xF0\x9F\xA5\xA3", "bowl with spoon"},
    {"\xF0\x9F\xA5\x97", "green salad"},
    {"\xF0\x9F\x8D\xBF", "popcorn"},
    {"\xF0\x9F\xA7\x88", "butter"},
    {"\xF0\x9F\xA7\x82", "salt"},
    {"\xF0\x9F\xA5\xAB", "canned food"},
    {"\xF0\x9F\x8D\xB1", "bento box"},
    {"\xF0\x9F\x8D\x98", "rice cracker"},
    {"\xF0\x9F\x8D\x99", "rice ball"},
    {"\xF0\x9F\x8D\x9A", "cooked rice"},
    {"\xF0\x9F\x8D\x9B", "curry rice"},
    {"\xF0\x9F\x8D\x9C", "steaming bowl"},
    {"\xF0\x9F\x8D\x9D", "spaghetti"},
    {"\xF0\x9F\x8D\xA0", "roasted sweet potato"},
    {"\xF0\x9F\x8D\xA2", "oden"},
    {"\xF0\x9F\x8D\xA3", "sushi"},
    {"\xF0\x9F\x8D\xA4", "fried shrimp"},
    {"\xF0\x9F\x8D\xA5", "fish cake with swirl"},
    {"\xF0\x9F\xA5\xAE", "moon cake"},
    {"\xF0\x9F\x8D\xA1", "dango"},
    {"\xF0\x9F\xA5\x9F", "dumpling"},
    {"\xF0\x9F\xA5\xA0", "fortune cookie"},
    {"\xF0\x9F\xA5\xA1", "takeout box"},
    {"\xF0\x9F\xA6\x80", "crab"},
    {"\xF0\x9F\xA6\x9E", "lobster"},
    {"\xF0\x9F\xA6\x90", "shrimp"},
    {"\xF0\x9F\xA6\x91", "squid"},
    {"\xF0\x9F\xA6\xAA", "oyster"},
    {"\xF0\x9F\x8D\xA6", "soft ice cream"},
    {"\xF0\x9F\x8D\xA7", "shaved ice"},
    {"\xF0\x9F\x8D\xA8", "ice cream"},
    {"\xF0\x9F\x8D\xA9", "doughnut"},
    {"\xF0\x9F\x8D\xAA", "cookie"},
    {"\xF0\x9F\x8E\x82", "birthday cake"},
    {"\xF0\x9F\x8D\xB0", "shortcake"},
    {"\xF0\x9F\xA7\x81", "cupcake"},
    {"\xF0\x9F\xA5\xA7", "pie"},
    {"\xF0\x9F\x8D\xAB", "chocolate bar"},
    {"\xF0\x9F\x8D\xAC", "candy"},
    {"\xF0\x9F\x8D\xAD", "lollipop"},
    {"\xF0\x9F\x8D\xAE", "custard"},
    {"\xF0\x9F\x8D\xAF", "honey pot"},
    {"\xF0\x9F\x8D\xBC", "baby bottle"},
    {"\xF0\x9F\xA5\x9B", "glass of milk"},
    {"\xE2\x98\x95", "hot beverage"},
    {"\xF0\x9F\xAB\x96", "teapot"},
    {"\xF0\x9F\x8D\xB5", "teacup without handle"},
    {"\xF0\x9F\x8D\xB6", "sake"},
    {"\xF0\x9F\x8D\xBE", "bottle with popping cork"},
    {"\xF0\x9F\x8D\xB7", "wine glass"},
    {"\xF0\x9F\x8D\xB8", "cocktail glass"},
    {"\xF0\x9F\x8D\xB9", "tropical drink"},
    {"\xF0\x9F\x8D\xBA", "beer mug"},
    {"\xF0\x9F\x8D\xBB", "clinking beer mugs"},
    {"\xF0\x9F\xA5\x82", "clinking glasses"},
    {"\xF0\x9F\xA5\x83", "tumbler glass"},
    {"\xF0\x9F\xAB\x97", "pouring liquid"},
    {"\xF0\x9F\xA5\xA4", "cup with straw"},
    {"\xF0\x9F\xA7\x8B", "bubble tea"},
    {"\xF0\x9F\xA7\x83", "beverage box"},
    {"\xF0\x9F\xA7\x89", "mate"},
    {"\xF0\x9F\xA7\x8A", "ice"},
    {"\xF0\x9F\xA5\xA2", "chopsticks"},
    {"\xF0\x9F\x8D\xBD\xEF\xB8\x8F", "fork and knife with plate"},
    {"\xF0\x9F\x8D\xB4", "fork and knife"},
    {"\xF0\x9F\xA5\x84", "spoon"},
    {"\xF0\x9F\x94\xAA", "kitchen knife"},
    {"\xF0\x9F\xAB\x99", "jar"},
    {"\xF0\x9F\x8F\xBA", "amphora"},
    {"\xF0\x9F\x8C\x8D", "globe showing Europe-Africa"},
    {"\xF0\x9F\x8C\x8E", "globe showing Americas"},
    {"\xF0\x9F\x8C\x8F", "globe showing Asia-Australia"},
    {"\xF0\x9F\x8C\x90", "globe with meridians"},
    {"\xF0\x9F\x97\xBA\xEF\xB8\x8F", "world map"},
    {"\xF0\x9F\x97\xBE", "map of Japan"},
    {"\xF0\x9F\xA7\xAD", "compass"},
    {"\xF0\x9F\x8F\x94\xEF\xB8\x8F", "snow-capped mountain"},
    {"\xE2\x9B\xB0\xEF\xB8\x8F", "mountain"},
    {"\xF0\x9F\x8C\x8B", "volcano"},
    {"\xF0\x9F\x97\xBB", "mount fuji"},
    {"\xF0\x9F\x8F\x95\xEF\xB8\x8F", "camping"},
    {"\xF0\x9F\x8F\x96\xEF\xB8\x8F", "beach with umbrella"},
    {"\xF0\x9F\x8F\x9C\xEF\xB8\x8F", "desert"},
    {"\xF0\x9F\x8F\x9D\xEF\xB8\x8F", "desert island"},
    {"\xF0\x9F\x8F\x9E\xEF\xB8\x8F", "national park"},
    {"\xF0\x9F\x8F\x9F\xEF\xB8\x8F", "stadium"},
    {"\xF0\x9F\x8F\x9B\xEF\xB8\x8F", "classical building"},
    {"\xF0\x9F\x8F\x97\xEF\xB8\x8F", "building construction"},
    {"\xF0\x9F\xA7\xB1", "brick"},
    {"\xF0\x9F\xAA\xA8", "rock"},
    {"\xF0\x9F\xAA\xB5", "wood"},
    {"\xF0\x9F\x9B\x96", "hut"},
    {"\xF0\x9F\x8F\x98\xEF\xB8\x8F", "houses"},
    {"\xF0\x9F\x8F\x9A\xEF\xB8\x8F", "derelict house"},
    {"\xF0\x9F\x8F\xA0", "house"},
    {"\xF0\x9F\x8F\xA1", "house with garden"},
    {"\xF0\x9F\x8F\xA2", "office building"},
    {"\xF0\x9F\x8F\xA3", "Japanese post office"},
    {"\xF0\x9F\x8F\xA4", "post office"},
    {"\xF0\x9F\x8F\xA5", "hospital"},
    {"\xF0\x9F\x8F\xA6", "bank"},
    {"\xF0\x9F\x8F\xA8", "hotel"},
    {"\xF0\x9F\x8F\xA9", "love hotel"},
    {"\xF0\x9F\x8F\xAA", "convenience store"},
    {"\xF0\x9F\x8F\xAB", "school"},
    {"\xF0\x9F\x8F\xAC", "department store"},
    {"\xF0\x9F\x8F\xAD", "factory"},
    {"\xF0\x9F\x8F\xAF", "Japanese castle"},
    {"\xF0\x9F\x8F\xB0", "castle"},
    {"\xF0\x9F\x92\x92", "wedding"},
    {"\xF0\x9F\x97\xBC", "Tokyo tower"},
    {"\xF0\x9F\x97\xBD", "Statue of Liberty"},
    {"\xE2\x9B\xAA", "church"},
    {"\xF0\x9F\x95\x8C", "mosque"},
    {"\xF0\x9F\x9B\x95", "hindu temple"},
    {"\xF0\x9F\x95\x8D", "synagogue"},
    {"\xE2\x9B\xA9\xEF\xB8\x8F", "shinto shrine"},
    {"\xF0\x9F\x95\x8B", "kaaba"},
    {"\xE2\x9B\xB2", "fountain"},
    {"\xE2\x9B\xBA", "tent"},
    {"\xF0\x9F\x8C\x81", "foggy"},
    {"\xF0\x9F\x8C\x83", "night with stars"},
    {"\xF0\x9F\x8F\x99\xEF\xB8\x8F", "cityscape"},
    {"\xF0\x9F\x8C\x84", "sunrise over mountains"},
    {"\xF0\x9F\x8C\x85", "sunrise"},
    {"\xF0\x9F\x8C\x86", "cityscape at dusk"},
    {"\xF0\x9F\x8C\x87", "sunset"},
    {"\xF0\x9F\x8C\x89", "bridge at night"},
    {"\xE2\x99\xA8\xEF\xB8\x8F", "hot springs"},
    {"\xF0\x9F\x8E\xA0", "carousel horse"},
    {"\xF0\x9F\x9B\x9D", "playground slide"},
    {"\xF0\x9F\x8E\xA1", "ferris wheel"},
    {"\xF0\x9F\x8E\xA2", "roller coaster"},
    {"\xF0\x9F\x92\x88", "barber pole"},
    {"\xF0\x9F\x8E\xAA", "circus tent"},
    {"\xF0\x9F\x9A\x82", "locomotive"},
    {"\xF0\x9F\x9A\x83", "railway car"},
    {"\xF0\x9F\x9A\x84", "high-speed train"},
    {"\xF0\x9F\x9A\x85", "bullet train"},
    {"\xF0\x9F\x9A\x86", "train"},
    {"\xF0\x9F\x9A\x87", "metro"},
    {"\xF0\x9F\x9A\x88", "light rail"},
    {"\xF0\x9F\x9A\x89", "station"},
    {"\xF0\x9F\x9A\x8A", "tram"},
    {"\xF0\x9F\x9A\x9D", "monorail"},
    {"\xF0\x9F\x9A\x9E", "mountain railway"},
    {"\xF0\x9F\x9A\x8B", "tram car"},
    {"\xF0\x9F\x9A\x8C", "bus"},
    {"\xF0\x9F\x9A\x8D", "oncoming bus"},
    {"\xF0\x9F\x9A\x8E", "trolleybus"},
    {"\xF0\x9F\x9A\x90", "minibus"},
    {"\xF0\x9F\x9A\x91", "ambulance"},
    {"\xF0\x9F\x9A\x92", "fire engine"},
    {"\xF0\x9F\x9A\x93", "police car"},
    {"\xF0\x9F\x9A\x94", "oncoming police car"},
    {"\xF0\x9F\x9A\x95", "taxi"},
    {"\xF0\x9F\x9A\x96", "oncoming taxi"},
    {"\xF0\x9F\x9A\x97", "automobile"},
    {"\xF0\x9F\x9A\x98", "oncoming automobile"},
    {"\xF0\x9F\x9A\x99", "sport utility vehicle"},
    {"\xF0\x9F\x9B\xBB", "pickup truck"},
    {"\xF0\x9F\x9A\x9A", "delivery truck"},
    {"\xF0\x9F\x9A\x9B", "articulated lorry"},
    {"\xF0\x9F\x9A\x9C", "tractor"},
    {"\xF0\x9F\x8F\x8E\xEF\xB8\x8F", "racing car"},
    {"\xF0\x9F\x8F\x8D\xEF\xB8\x8F", "motorcycle"},
    {"\xF0\x9F\x9B\xB5", "motor scooter"},
    {"\xF0\x9F\xA6\xBD", "manual wheelchair"},
    {"\xF0\x9F\xA6\xBC", "motorized wheelchair"},
    {"\xF0\x9F\x9B\xBA", "auto rickshaw"},
    {"\xF0\x9F\x9A\xB2", "bicycle"},
    {"\xF0\x9F\x9B\xB4", "kick scooter"},
    {"\xF0\x9F\x9B\xB9", "skateboard"},
    {"\xF0\x9F\x9B\xBC", "roller skate"},
    {"\xF0\x9F\x9A\x8F", "bus stop"},
    {"\xF0\x9F\x9B\xA3\xEF\xB8\x8F", "motorway"},
    {"\xF0\x9F\x9B\xA4\xEF\xB8\x8F", "railway track"},
    {"\xF0\x9F\x9B\xA2\xEF\xB8\x8F", "oil drum"},
    {"\xE2\x9B\xBD", "fuel pump"},
    {"\xF0\x9F\x9B\x9E", "wheel"},
    {"\xF0\x9F\x9A\xA8", "police car light"},
    {"\xF0\x9F\x9A\xA5", "horizontal traffic light"},
    {"\xF0\x9F\x9A\xA6", "vertical traffic light"},
    {"\xF0\x9F\x9B\x91", "stop sign"},
    {"\xF0\x9F\x9A\xA7", "construction"},
    {"\xE2\x9A\x93", "anchor"},
    {"\xF0\x9F\x9B\x9F", "ring buoy"},
    {"\xE2\x9B\xB5", "sailboat"},
    {"\xF0\x9F\x9B\xB6", "canoe"},
    {"\xF0\x9F\x9A\xA4", "speedboat"},
    {"\xF0\x9F\x9B\xB3\xEF\xB8\x8F", "passenger ship"},
    {"\xE2\x9B\xB4\xEF\xB8\x8F", "ferry"},
    {"\xF0\x9F\x9B\xA5\xEF\xB8\x8F", "motor boat"},
    {"\xF0\x9F\x9A\xA2", "ship"},
    {"\xE2\x9C\x88\xEF\xB8\x8F", "airplane"},
    {"\xF0\x9F\x9B\xA9\xEF\xB8\x8F", "small airplane"},
    {"\xF0\x9F\x9B\xAB", "airplane departure"},
    {"\xF0\x9F\x9B\xAC", "airplane arrival"},
    {"\xF0\x9F\xAA\x82", "parachute"},
    {"\xF0\x9F\x92\xBA", "seat"},
    {"\xF0\x9F\x9A\x81", "helicopter"},
    {"\xF0\x9F\x9A\x9F", "suspension railway"},
    {"\xF0\x9F\x9A\xA0", "mountain cableway"},
    {"\xF0\x9F\x9A\xA1", "aerial tramway"},
    {"\xF0\x9F\x9B\xB0\xEF\xB8\x8F", "satellite"},
    {"\xF0\x9F\x9A\x80", "rocket"},
    {"\xF0\x9F\x9B\xB8", "flying saucer"},
    {"\xF0\x9F\x9B\x8E\xEF\xB8\x8F", "bellhop bell"},
    {"\xF0\x9F\xA7\xB3", "luggage"},
    {"\xE2\x8C\x9B", "hourglass done"},
    {"\xE2\x8F\xB3", "hourglass not done"},
    {"\xE2\x8C\x9A", "watch"},
    {"\xE2\x8F\xB0", "alarm clock"},
    {"\xE2\x8F\xB1\xEF\xB8\x8F", "stopwatch"},
    {"\xE2\x8F\xB2\xEF\xB8\x8F", "timer clock"},
    {"\xF0\x9F\x95\xB0\xEF\xB8\x8F", "mantelpiece clock"},
    {"\xF0\x9F\x95\x9B", "twelve oclock"},
    {"\xF0\x9F\x95\xA7", "twelve-thirty"},
    {"\xF0\x9F\x95\x90", "one oclock"},
    {"\xF0\x9F\x95\x9C", "one-thirty"},
    {"\xF0\x9F\x95\x91", "two oclock"},
    {"\xF0\x9F\x95\x9D", "two-thirty"},
    {"\xF0\x9F\x95\x92", "three oclock"},
    {"\xF0\x9F\x95\x9E", "three-thirty"},
    {"\xF0\x9F\x95\x93", "four oclock"},
    {"\xF0\x9F\x95\x9F", "four-thirty"},
    {"\xF0\x9F\x95\x94", "five oclock"},
    {"\xF0\x9F\x95\xA0", "five-thirty"},
    {"\xF0\x9F\x95\x95", "six oclock"},
    {"\xF0\x9F\x95\xA1", "six-thirty"},
    {"\xF0\x9F\x95\x96", "seven oclock"},
    {"\xF0\x9F\x95\xA2", "seven-thirty"},
    {"\xF0\x9F\x95\x97", "eight oclock"},
    {"\xF0\x9F\x95\xA3", "eight-thirty"},
    {"\xF0\x9F\x95\x98", "nine oclock"},
    {"\xF0\x9F\x95\xA4", "nine-thirty"},
    {"\xF0\x9F\x95\x99", "ten oclock"},
    {"\xF0\x9F\x95\xA5", "ten-thirty"},
    {"\xF0\x9F\x95\x9A", "eleven oclock"},
    {"\xF0\x9F\x95\xA6", "eleven-thirty"},
    {"\xF0\x9F\x8C\x91", "new moon"},
    {"\xF0\x9F\x8C\x92", "waxing crescent moon"},
    {"\xF0\x9F\x8C\x93", "first quarter moon"},
    {"\xF0\x9F\x8C\x94", "waxing gibbous moon"},
    {"\xF0\x9F\x8C\x95", "full moon"},
    {"\xF0\x9F\x8C\x96", "waning gibbous moon"},
    {"\xF0\x9F\x8C\x97", "last quarter moon"},
    {"\xF0\x9F\x8C\x98", "waning crescent moon"},
    {"\xF0\x9F\x8C\x99", "crescent moon"},
    {"\xF0\x9F\x8C\x9A", "new moon face"},
    {"\xF0\x9F\x8C\x9B", "first quarter moon face"},
    {"\xF0\x9F\x8C\x9C", "last quarter moon face"},
    {"\xF0\x9F\x8C\xA1\xEF\xB8\x8F", "thermometer"},
    {"\xE2\x98\x80\xEF\xB8\x8F", "sun"},
    {"\xF0\x9F\x8C\x9D", "full moon face"},
    {"\xF0\x9F\x8C\x9E", "sun with face"},
    {"\xF0\x9F\xAA\x90", "ringed planet"},
    {"\xE2\xAD\x90", "star"},
    {"\xF0\x9F\x8C\x9F", "glowing star"},
    {"\xF0\x9F\x8C\xA0", "shooting star"},
    {"\xF0\x9F\x8C\x8C", "milky way"},
    {"\xE2\x98\x81\xEF\xB8\x8F", "cloud"},
    {"\xE2\x9B\x85", "sun behind cloud"},
    {"\xE2\x9B\x88\xEF\xB8\x8F", "cloud with lightning and rain"},
    {"\xF0\x9F\x8C\xA4\xEF\xB8\x8F", "sun behind small cloud"},
    {"\xF0\x9F\x8C\xA5\xEF\xB8\x8F", "sun behind large cloud"},
    {"\xF0\x9F\x8C\xA6\xEF\xB8\x8F", "sun behind rain cloud"},
    {"\xF0\x9F\x8C\xA7\xEF\xB8\x8F", "cloud with rain"},
    {"\xF0\x9F\x8C\xA8\xEF\xB8\x8F", "cloud with snow"},
    {"\xF0\x9F\x8C\xA9\xEF\xB8\x8F", "cloud with lightning"},
    {"\xF0\x9F\x8C\xAA\xEF\xB8\x8F", "tornado"},
    {"\xF0\x9F\x8C\xAB\xEF\xB8\x8F", "fog"},
    {"\xF0\x9F\x8C\xAC\xEF\xB8\x8F", "wind face"},
    {"\xF0\x9F\x8C\x80", "cyclone"},
    {"\xF0\x9F\x8C\x88", "rainbow"},
    {"\xF0\x9F\x8C\x82", "closed umbrella"},
    {"\xE2\x98\x82\xEF\xB8\x8F", "umbrella"},
    {"\xE2\x98\x94", "umbrella with rain drops"},
    {"\xE2\x9B\xB1\xEF\xB8\x8F", "umbrella on ground"},
    {"\xE2\x9A\xA1", "high voltage"},
    {"\xE2\x9D\x84\xEF\xB8\x8F", "snowflake"},
    {"\xE2\x98\x83\xEF\xB8\x8F", "snowman"},
    {"\xE2\x9B\x84", "snowman without snow"},
    {"\xE2\x98\x84\xEF\xB8\x8F", "comet"},
    {"\xF0\x9F\x94\xA5", "fire"},
    {"\xF0\x9F\x92\xA7", "droplet"},
    {"\xF0\x9F\x8C\x8A", "water wave"},
    {"\xF0\x9F\x8E\x83", "jack-o-lantern"},
    {"\xF0\x9F\x8E\x84", "Christmas tree"},
    {"\xF0\x9F\x8E\x86", "fireworks"},
    {"\xF0\x9F\x8E\x87", "sparkler"},
    {"\xF0\x9F\xA7\xA8", "firecracker"},
    {"\xE2\x9C\xA8", "sparkles"},
    {"\xF0\x9F\x8E\x88", "balloon"},
    {"\xF0\x9F\x8E\x89", "party popper"},
    {"\xF0\x9F\x8E\x8A", "confetti ball"},
    {"\xF0\x9F\x8E\x8B", "tanabata tree"},
    {"\xF0\x9F\x8E\x8D", "pine decoration"},
    {"\xF0\x9F\x8E\x8E", "Japanese dolls"},
    {"\xF0\x9F\x8E\x8F", "carp streamer"},
    {"\xF0\x9F\x8E\x90", "wind chime"},
    {"\xF0\x9F\x8E\x91", "moon viewing ceremony"},
    {"\xF0\x9F\xA7\xA7", "red envelope"},
    {"\xF0\x9F\x8E\x80", "ribbon"},
    {"\xF0\x9F\x8E\x81", "wrapped gift"},
    {"\xF0\x9F\x8E\x97\xEF\xB8\x8F", "reminder ribbon"},
    {"\xF0\x9F\x8E\x9F\xEF\xB8\x8F", "admission tickets"},
    {"\xF0\x9F\x8E\xAB", "ticket"},
    {"\xF0\x9F\x8E\x96\xEF\xB8\x8F", "military medal"},
    {"\xF0\x9F\x8F\x86", "trophy"},
    {"\xF0\x9F\x8F\x85", "sports medal"},
    {"\xF0\x9F\xA5\x87", "1st place medal"},
    {"\xF0\x9F\xA5\x88", "2nd place medal"},
    {"\xF0\x9F\xA5\x89", "3rd place medal"},
    {"\xE2\x9A\xBD", "soccer ball"},
    {"\xE2\x9A\xBE", "baseball"},
    {"\xF0\x9F\xA5\x8E", "softball"},
    {"\xF0\x9F\x8F\x80", "basketball"},
    {"\xF0\x9F\x8F\x90", "volleyball"},
    {"\xF0\x9F\x8F\x88", "american football"},
    {"\xF0\x9F\x8F\x89", "rugby football"},
    {"\xF0\x9F\x8E\xBE", "tennis"},
    {"\xF0\x9F\xA5\x8F", "flying disc"},
    {"\xF0\x9F\x8E\xB3", "bowling"},
    {"\xF0\x9F\x8F\x8F", "cricket game"},
    {"\xF0\x9F\x8F\x91", "field hockey"},
    {"\xF0\x9F\x8F\x92", "ice hockey"},
    {"\xF0\x9F\xA5\x8D", "lacrosse"},
    {"\xF0\x9F\x8F\x93", "ping pong"},
    {"\xF0\x9F\x8F\xB8", "badminton"},
    {"\xF0\x9F\xA5\x8A", "boxing glove"},
    {"\xF0\x9F\xA5\x8B", "martial arts uniform"},
    {"\xF0\x9F\xA5\x85", "goal net"},
    {"\xE2\x9B\xB3", "flag in hole"},
    {"\xE2\x9B\xB8\xEF\xB8\x8F", "ice skate"},
    {"\xF0\x9F\x8E\xA3", "fishing pole"},
    {"\xF0\x9F\xA4\xBF", "diving mask"},
    {"\xF0\x9F\x8E\xBD", "running shirt"},
    {"\xF0\x9F\x8E\xBF", "skis"},
    {"\xF0\x9F\x9B\xB7", "sled"},
    {"\xF0\x9F\xA5\x8C", "curling stone"},
    {"\xF0\x9F\x8E\xAF", "bullseye"},
    {"\xF0\x9F\xAA\x80", "yo-yo"},
    {"\xF0\x9F\xAA\x81", "kite"},
    {"\xF0\x9F\x94\xAB", "water pistol"},
    {"\xF0\x9F\x8E\xB1", "pool 8 ball"},
    {"\xF0\x9F\x94\xAE", "crystal ball"},
    {"\xF0\x9F\xAA\x84", "magic wand"},
    {"\xF0\x9F\x8E\xAE", "video game"},
    {"\xF0\x9F\x95\xB9\xEF\xB8\x8F", "joystick"},
    {"\xF0\x9F\x8E\xB0", "slot machine"},
    {"\xF0\x9F\x8E\xB2", "game die"},
    {"\xF0\x9F\xA7\xA9", "puzzle piece"},
    {"\xF0\x9F\xA7\xB8", "teddy bear"},
    {"\xF0\x9F\xAA\x85", "pinata"},
    {"\xF0\x9F\xAA\xA9", "mirror ball"},
    {"\xF0\x9F\xAA\x86", "nesting dolls"},
    {"\xE2\x99\xA0\xEF\xB8\x8F", "spade suit"},
    {"\xE2\x99\xA5\xEF\xB8\x8F", "heart suit"},
    {"\xE2\x99\xA6\xEF\xB8\x8F", "diamond suit"},
    {"\xE2\x99\xA3\xEF\xB8\x8F", "club suit"},
    {"\xE2\x99\x9F\xEF\xB8\x8F", "chess pawn"},
    {"\xF0\x9F\x83\x8F", "joker"},
    {"\xF0\x9F\x80\x84", "mahjong red dragon"},
    {"\xF0\x9F\x8E\xB4", "flower playing cards"},
    {"\xF0\x9F\x8E\xAD", "performing arts"},
    {"\xF0\x9F\x96\xBC\xEF\xB8\x8F", "framed picture"},
    {"\xF0\x9F\x8E\xA8", "artist palette"},
    {"\xF0\x9F\xA7\xB5", "thread"},
    {"\xF0\x9F\xAA\xA1", "sewing needle"},
    {"\xF0\x9F\xA7\xB6", "yarn"},
    {"\xF0\x9F\xAA\xA2", "knot"},
    {"\xF0\x9F\x91\x93", "glasses"},
    {"\xF0\x9F\x95\xB6\xEF\xB8\x8F", "sunglasses"},
    {"\xF0\x9F\xA5\xBD", "goggles"},
    {"\xF0\x9F\xA5\xBC", "lab coat"},
    {"\xF0\x9F\xA6\xBA", "safety vest"},
    {"\xF0\x9F\x91\x94", "necktie"},
    {"\xF0\x9F\x91\x95", "t-shirt"},
    {"\xF0\x9F\x91\x96", "jeans"},
    {"\xF0\x9F\xA7\xA3", "scarf"},
    {"\xF0\x9F\xA7\xA4", "gloves"},
    {"\xF0\x9F\xA7\xA5", "coat"},
    {"\xF0\x9F\xA7\xA6", "socks"},
    {"\xF0\x9F\x91\x97", "dress"},
    {"\xF0\x9F\x91\x98", "kimono"},
    {"\xF0\x9F\xA5\xBB", "sari"},
    {"\xF0\x9F\xA9\xB1", "one-piece swimsuit"},
    {"\xF0\x9F\xA9\xB2", "briefs"},
    {"\xF0\x9F\xA9\xB3", "shorts"},
    {"\xF0\x9F\x91\x99", "bikini"},
    {"\xF0\x9F\x91\x9A", "womans clothes"},
    {"\xF0\x9F\xAA\xAD", "folding hand fan"},
    {"\xF0\x9F\x91\x9B", "purse"},
    {"\xF0\x9F\x91\x9C", "handbag"},
    {"\xF0\x9F\x91\x9D", "clutch bag"},
    {"\xF0\x9F\x9B\x8D\xEF\xB8\x8F", "shopping bags"},
    {"\xF0\x9F\x8E\x92", "backpack"},
    {"\xF0\x9F\xA9\xB4", "thong sandal"},
    {"\xF0\x9F\x91\x9E", "mans shoe"},
    {"\xF0\x9F\x91\x9F", "running shoe"},
    {"\xF0\x9F\xA5\xBE", "hiking boot"},
    {"\xF0\x9F\xA5\xBF", "flat shoe"},
    {"\xF0\x9F\x91\xA0", "high-heeled shoe"},
    {"\xF0\x9F\x91\xA1", "womans sandal"},
    {"\xF0\x9F\xA9\xB0", "ballet shoes"},
    {"\xF0\x9F\x91\xA2", "womans boot"},
    {"\xF0\x9F\xAA\xAE", "hair pick"},
    {"\xF0\x9F\x91\x91", "crown"},
    {"\xF0\x9F\x91\x92", "womans hat"},
    {"\xF0\x9F\x8E\xA9", "top hat"},
    {"\xF0\x9F\x8E\x93", "graduation cap"},
    {"\xF0\x9F\xA7\xA2", "billed cap"},
    {"\xF0\x9F\xAA\x96", "military helmet"},
    {"\xE2\x9B\x91\xEF\xB8\x8F", "rescue workers helmet"},
    {"\xF0\x9F\x93\xBF", "prayer beads"},
    {"\xF0\x9F\x92\x84", "lipstick"},
    {"\xF0\x9F\x92\x8D", "ring"},
    {"\xF0\x9F\x92\x8E", "gem stone"},
    {"\xF0\x9F\x94\x87", "muted speaker"},
    {"\xF0\x9F\x94\x88", "speaker low volume"},
    {"\xF0\x9F\x94\x89", "speaker medium volume"},
    {"\xF0\x9F\x94\x8A", "speaker high volume"},
    {"\xF0\x9F\x93\xA2", "loudspeaker"},
    {"\xF0\x9F\x93\xA3", "megaphone"},
    {"\xF0\x9F\x93\xAF", "postal horn"},
    {"\xF0\x9F\x94\x94", "bell"},
    {"\xF0\x9F\x94\x95", "bell with slash"},
    {"\xF0\x9F\x8E\xBC", "musical score"},
    {"\xF0\x9F\x8E\xB5", "musical note"},
    {"\xF0\x9F\x8E\xB6", "musical notes"},
    {"\xF0\x9F\x8E\x99\xEF\xB8\x8F", "studio microphone"},
    {"\xF0\x9F\x8E\x9A\xEF\xB8\x8F", "level slider"},
    {"\xF0\x9F\x8E\x9B\xEF\xB8\x8F", "control knobs"},
    {"\xF0\x9F\x8E\xA4", "microphone"},
    {"\xF0\x9F\x8E\xA7", "headphone"},
    {"\xF0\x9F\x93\xBB", "radio"},
    {"\xF0\x9F\x8E\xB7", "saxophone"},
    {"\xF0\x9F\xAA\x97", "accordion"},
    {"\xF0\x9F\x8E\xB8", "guitar"},
    {"\xF0\x9F\x8E\xB9", "musical keyboard"},
    {"\xF0\x9F\x8E\xBA", "trumpet"},
    {"\xF0\x9F\x8E\xBB", "violin"},
    {"\xF0\x9F\xAA\x95", "banjo"},
    {"\xF0\x9F\xA5\x81", "drum"},
    {"\xF0\x9F\xAA\x98", "long drum"},
    {"\xF0\x9F\xAA\x87", "maracas"},
    {"\xF0\x9F\xAA\x88", "flute"},
    {"\xF0\x9F\x93\xB1", "mobile phone"},
    {"\xF0\x9F\x93\xB2", "mobile phone with arrow"},
    {"\xE2\x98\x8E\xEF\xB8\x8F", "telephone"},
    {"\xF0\x9F\x93\x9E", "telephone receiver"},
    {"\xF0\x9F\x93\x9F", "pager"},
    {"\xF0\x9F\x93\xA0", "fax machine"},
    {"\xF0\x9F\x94\x8B", "battery"},
    {"\xF0\x9F\xAA\xAB", "low battery"},
    {"\xF0\x9F\x94\x8C", "electric plug"},
    {"\xF0\x9F\x92\xBB", "laptop"},
    {"\xF0\x9F\x96\xA5\xEF\xB8\x8F", "desktop computer"},
    {"\xF0\x9F\x96\xA8\xEF\xB8\x8F", "printer"},
    {"\xE2\x8C\xA8\xEF\xB8\x8F", "keyboard"},
    {"\xF0\x9F\x96\xB1\xEF\xB8\x8F", "computer mouse"},
    {"\xF0\x9F\x96\xB2\xEF\xB8\x8F", "trackball"},
    {"\xF0\x9F\x92\xBD", "computer disk"},
    {"\xF0\x9F\x92\xBE", "floppy disk"},
    {"\xF0\x9F\x92\xBF", "optical disk"},
    {"\xF0\x9F\x93\x80", "dvd"},
    {"\xF0\x9F\xA7\xAE", "abacus"},
    {"\xF0\x9F\x8E\xA5", "movie camera"},
    {"\xF0\x9F\x8E\x9E\xEF\xB8\x8F", "film frames"},
    {"\xF0\x9F\x93\xBD\xEF\xB8\x8F", "film projector"},
    {"\xF0\x9F\x8E\xAC", "clapper board"},
    {"\xF0\x9F\x93\xBA", "television"},
    {"\xF0\x9F\x93\xB7", "camera"},
    {"\xF0\x9F\x93\xB8", "camera with flash"},
    {"\xF0\x9F\x93\xB9", "video camera"},
    {"\xF0\x9F\x93\xBC", "videocassette"},
    {"\xF0\x9F\x94\x8D", "magnifying glass tilted left"},
    {"\xF0\x9F\x94\x8E", "magnifying glass tilted right"},
    {"\xF0\x9F\x95\xAF\xEF\xB8\x8F", "candle"},
    {"\xF0\x9F\x92\xA1", "light bulb"},
    {"\xF0\x9F\x94\xA6", "flashlight"},
    {"\xF0\x9F\x8F\xAE", "red paper lantern"},
    {"\xF0\x9F\xAA\x94", "diya lamp"},
    {"\xF0\x9F\x93\x94", "notebook with decorative cover"},
    {"\xF0\x9F\x93\x95", "closed book"},
    {"\xF0\x9F\x93\x96", "open book"},
    {"\xF0\x9F\x93\x97", "green book"},
    {"\xF0\x9F\x93\x98", "blue book"},
    {"\xF0\x9F\x93\x99", "orange book"},
    {"\xF0\x9F\x93\x9A", "books"},
    {"\xF0\x9F\x93\x93", "notebook"},
    {"\xF0\x9F\x93\x92", "ledger"},
    {"\xF0\x9F\x93\x83", "page with curl"},
    {"\xF0\x9F\x93\x9C", "scroll"},
    {"\xF0\x9F\x93\x84", "page facing up"},
    {"\xF0\x9F\x93\xB0", "newspaper"},
    {"\xF0\x9F\x97\x9E\xEF\xB8\x8F", "rolled-up newspaper"},
    {"\xF0\x9F\x93\x91", "bookmark tabs"},
    {"\xF0\x9F\x94\x96", "bookmark"},
    {"\xF0\x9F\x8F\xB7\xEF\xB8\x8F", "label"},
    {"\xF0\x9F\x92\xB0", "money bag"},
    {"\xF0\x9F\xAA\x99", "coin"},
    {"\xF0\x9F\x92\xB4", "yen banknote"},
    {"\xF0\x9F\x92\xB5", "dollar banknote"},
    {"\xF0\x9F\x92\xB6", "euro banknote"},
    {"\xF0\x9F\x92\xB7", "pound banknote"},
    {"\xF0\x9F\x92\xB8", "money with wings"},
    {"\xF0\x9F\x92\xB3", "credit card"},
    {"\xF0\x9F\xA7\xBE", "receipt"},
    {"\xF0\x9F\x92\xB9", "chart increasing with yen"},
    {"\xE2\x9C\x89\xEF\xB8\x8F", "envelope"},
    {"\xF0\x9F\x93\xA7", "e-mail"},
    {"\xF0\x9F\x93\xA8", "incoming envelope"},
    {"\xF0\x9F\x93\xA9", "envelope with arrow"},
    {"\xF0\x9F\x93\xA4", "outbox tray"},
    {"\xF0\x9F\x93\xA5", "inbox tray"},
    {"\xF0\x9F\x93\xA6", "package"},
    {"\xF0\x9F\x93\xAB", "closed mailbox with raised flag"},
    {"\xF0\x9F\x93\xAA", "closed mailbox with lowered flag"},
    {"\xF0\x9F\x93\xAC", "open mailbox with raised flag"},
    {"\xF0\x9F\x93\xAD", "open mailbox with lowered flag"},
    {"\xF0\x9F\x93\xAE", "postbox"},
    {"\xF0\x9F\x97\xB3\xEF\xB8\x8F", "ballot box with ballot"},
    {"\xE2\x9C\x8F\xEF\xB8\x8F", "pencil"},
    {"\xE2\x9C\x92\xEF\xB8\x8F", "black nib"},
    {"\xF0\x9F\x96\x8B\xEF\xB8\x8F", "fountain pen"},
    {"\xF0\x9F\x96\x8A\xEF\xB8\x8F", "pen"},
    {"\xF0\x9F\x96\x8C\xEF\xB8\x8F", "paintbrush"},
    {"\xF0\x9F\x96\x8D\xEF\xB8\x8F", "crayon"},
    {"\xF0\x9F\x93\x9D", "memo"},
    {"\xF0\x9F\x92\xBC", "briefcase"},
    {"\xF0\x9F\x93\x81", "file folder"},
    {"\xF0\x9F\x93\x82", "open file folder"},
    {"\xF0\x9F\x97\x82\xEF\xB8\x8F", "card index dividers"},
    {"\xF0\x9F\x93\x85", "calendar"},
    {"\xF0\x9F\x93\x86", "tear-off calendar"},
    {"\xF0\x9F\x97\x92\xEF\xB8\x8F", "spiral notepad"},
    {"\xF0\x9F\x97\x93\xEF\xB8\x8F", "spiral calendar"},
    {"\xF0\x9F\x93\x87", "card index"},
    {"\xF0\x9F\x93\x88", "chart increasing"},
    {"\xF0\x9F\x93\x89", "chart decreasing"},
    {"\xF0\x9F\x93\x8A", "bar chart"},
    {"\xF0\x9F\x93\x8B", "clipboard"},
    {"\xF0\x9F\x93\x8C", "pushpin"},
    {"\xF0\x9F\x93\x8D", "round pushpin"},
    {"\xF0\x9F\x93\x8E", "paperclip"},
    {"\xF0\x9F\x96\x87\xEF\xB8\x8F", "linked paperclips"},
    {"\xF0\x9F\x93\x8F", "straight ruler"},
    {"\xF0\x9F\x93\x90", "triangular ruler"},
    {"\xE2\x9C\x82\xEF\xB8\x8F", "scissors"},
    {"\xF0\x9F\x97\x83\xEF\xB8\x8F", "card file box"},
    {"\xF0\x9F\x97\x84\xEF\xB8\x8F", "file cabinet"},
    {"\xF0\x9F\x97\x91\xEF\xB8\x8F", "wastebasket"},
    {"\xF0\x9F\x94\x92", "locked"},
    {"\xF0\x9F\x94\x93", "unlocked"},
    {"\xF0\x9F\x94\x8F", "locked with pen"},
    {"\xF0\x9F\x94\x90", "locked with key"},
    {"\xF0\x9F\x94\x91", "key"},
    {"\xF0\x9F\x97\x9D\xEF\xB8\x8F", "old key"},
    {"\xF0\x9F\x94\xA8", "hammer"},
    {"\xF0\x9F\xAA\x93", "axe"},
    {"\xE2\x9B\x8F\xEF\xB8\x8F", "pick"},
    {"\xE2\x9A\x92\xEF\xB8\x8F", "hammer and pick"},
    {"\xF0\x9F\x9B\xA0\xEF\xB8\x8F", "hammer and wrench"},
    {"\xF0\x9F\x97\xA1\xEF\xB8\x8F", "dagger"},
    {"\xE2\x9A\x94\xEF\xB8\x8F", "crossed swords"},
    {"\xF0\x9F\x92\xA3", "bomb"},
    {"\xF0\x9F\xAA\x83", "boomerang"},
    {"\xF0\x9F\x8F\xB9", "bow and arrow"},
    {"\xF0\x9F\x9B\xA1\xEF\xB8\x8F", "shield"},
    {"\xF0\x9F\xAA\x9A", "carpentry saw"},
    {"\xF0\x9F\x94\xA7", "wrench"},
    {"\xF0\x9F\xAA\x9B", "screwdriver"},
    {"\xF0\x9F\x94\xA9", "nut and bolt"},
    {"\xE2\x9A\x99\xEF\xB8\x8F", "gear"},
    {"\xF0\x9F\x97\x9C\xEF\xB8\x8F", "clamp"},
    {"\xE2\x9A\x96\xEF\xB8\x8F", "balance scale"},
    {"\xF0\x9F\xA6\xAF", "white cane"},
    {"\xF0\x9F\x94\x97", "link"},
    {"\xE2\x9B\x93\xEF\xB8\x8F\xE2\x80\x8D\xF0\x9F\x92\xA5", "broken chain"},
    {"\xE2\x9B\x93\xEF\xB8\x8F", "chains"},
    {"\xF0\x9F\xAA\x9D", "hook"},
    {"\xF0\x9F\xA7\xB0", "toolbox"},
    {"\xF0\x9F\xA7\xB2", "magnet"},
    {"\xF0\x9F\xAA\x9C", "ladder"},
    {"\xE2\x9A\x97\xEF\xB8\x8F", "alembic"},
    {"\xF0\x9F\xA7\xAA", "test tube"},
    {"\xF0\x9F\xA7\xAB", "petri dish"},
    {"\xF0\x9F\xA7\xAC", "dna"},
    {"\xF0\x9F\x94\xAC", "microscope"},
    {"\xF0\x9F\x94\xAD", "telescope"},
    {"\xF0\x9F\x93\xA1", "satellite antenna"},
    {"\xF0\x9F\x92\x89", "syringe"},
    {"\xF0\x9F\xA9\xB8", "drop of blood"},
    {"\xF0\x9F\x92\x8A", "pill"},
    {"\xF0\x9F\xA9\xB9", "adhesive bandage"},
    {"\xF0\x9F\xA9\xBC", "crutch"},
    {"\xF0\x9F\xA9\xBA", "stethoscope"},
    {"\xF0\x9F\xA9\xBB", "x-ray"},
    {"\xF0\x9F\x9A\xAA", "door"},
    {"\xF0\x9F\x9B\x97", "elevator"},
    {"\xF0\x9F\xAA\x9E", "mirror"},
    {"\xF0\x9F\xAA\x9F", "window"},
    {"\xF0\x9F\x9B\x8F\xEF\xB8\x8F", "bed"},
    {"\xF0\x9F\x9B\x8B\xEF\xB8\x8F", "couch and lamp"},
    {"\xF0\x9F\xAA\x91", "chair"},
    {"\xF0\x9F\x9A\xBD", "toilet"},
    {"\xF0\x9F\xAA\xA0", "plunger"},
    {"\xF0\x9F\x9A\xBF", "shower"},
    {"\xF0\x9F\x9B\x81", "bathtub"},
    {"\xF0\x9F\xAA\xA4", "mouse trap"},
    {"\xF0\x9F\xAA\x92", "razor"},
    {"\xF0\x9F\xA7\xB4", "lotion bottle"},
    {"\xF0\x9F\xA7\xB7", "safety pin"},
    {"\xF0\x9F\xA7\xB9", "broom"},
    {"\xF0\x9F\xA7\xBA", "basket"},
    {"\xF0\x9F\xA7\xBB", "roll of paper"},
    {"\xF0\x9F\xAA\xA3", "bucket"},
    {"\xF0\x9F\xA7\xBC", "soap"},
    {"\xF0\x9F\xAB\xA7", "bubbles"},
    {"\xF0\x9F\xAA\xA5", "toothbrush"},
    {"\xF0\x9F\xA7\xBD", "sponge"},
    {"\xF0\x9F\xA7\xAF", "fire extinguisher"},
    {"\xF0\x9F\x9B\x92", "shopping cart"},
    {"\xF0\x9F\x9A\xAC", "cigarette"},
    {"\xE2\x9A\xB0\xEF\xB8\x8F", "coffin"},
    {"\xF0\x9F\xAA\xA6", "headstone"},
    {"\xE2\x9A\xB1\xEF\xB8\x8F", "funeral urn"},
    {"\xF0\x9F\xA7\xBF", "nazar amulet"},
    {"\xF0\x9F\xAA\xAC", "hamsa"},
    {"\xF0\x9F\x97\xBF", "moai"},
    {"\xF0\x9F\xAA\xA7", "placard"},
    {"\xF0\x9F\xAA\xAA", "identification card"},
    {"\xF0\x9F\x8F\xA7", "ATM sign"},
    {"\xF0\x9F\x9A\xAE", "litter in bin sign"},
    {"\xF0\x9F\x9A\xB0", "potable water"},
    {"\xE2\x99\xBF", "wheelchair symbol"},
    {"\xF0\x9F\x9A\xB9", "mens room"},
    {"\xF0\x9F\x9A\xBA", "womens room"},
    {"\xF0\x9F\x9A\xBB", "restroom"},
    {"\xF0\x9F\x9A\xBC", "baby symbol"},
    {"\xF0\x9F\x9A\xBE", "water closet"},
    {"\xF0\x9F\x9B\x82", "passport control"},
    {"\xF0\x9F\x9B\x83", "customs"},
    {"\xF0\x9F\x9B\x84", "baggage claim"},
    {"\xF0\x9F\x9B\x85", "left luggage"},
    {"\xE2\x9A\xA0\xEF\xB8\x8F", "warning"},
    {"\xF0\x9F\x9A\xB8", "children crossing"},
    {"\xE2\x9B\x94", "no entry"},
    {"\xF0\x9F\x9A\xAB", "prohibited"},
    {"\xF0\x9F\x9A\xB3", "no bicycles"},
    {"\xF0\x9F\x9A\xAD", "no smoking"},
    {"\xF0\x9F\x9A\xAF", "no littering"},
    {"\xF0\x9F\x9A\xB1", "non-potable water"},
    {"\xF0\x9F\x9A\xB7", "no pedestrians"},
    {"\xF0\x9F\x93\xB5", "no mobile phones"},
    {"\xF0\x9F\x94\x9E", "no one under eighteen"},
    {"\xE2\x98\xA2\xEF\xB8\x8F", "radioactive"},
    {"\xE2\x98\xA3\xEF\xB8\x8F", "biohazard"},
    {"\xE2\xAC\x86\xEF\xB8\x8F", "up arrow"},
    {"\xE2\x86\x97\xEF\xB8\x8F", "up-right arrow"},
    {"\xE2\x9E\xA1\xEF\xB8\x8F", "right arrow"},
    {"\xE2\x86\x98\xEF\xB8\x8F", "down-right arrow"},
    {"\xE2\xAC\x87\xEF\xB8\x8F", "down arrow"},
    {"\xE2\x86\x99\xEF\xB8\x8F", "down-left arrow"},
    {"\xE2\xAC\x85\xEF\xB8\x8F", "left arrow"},
    {"\xE2\x86\x96\xEF\xB8\x8F", "up-left arrow"},
    {"\xE2\x86\x95\xEF\xB8\x8F", "up-down arrow"},
    {"\xE2\x86\x94\xEF\xB8\x8F", "left-right arrow"},
    {"\xE2\x86\xA9\xEF\xB8\x8F", "right arrow curving left"},
    {"\xE2\x86\xAA\xEF\xB8\x8F", "left arrow curving right"},
    {"\xE2\xA4\xB4\xEF\xB8\x8F", "right arrow curving up"},
    {"\xE2\xA4\xB5\xEF\xB8\x8F", "right arrow curving down"},
    {"\xF0\x9F\x94\x83", "clockwise vertical arrows"},
    {"\xF0\x9F\x94\x84", "counterclockwise arrows button"},
    {"\xF0\x9F\x94\x99", "BACK arrow"},
    {"\xF0\x9F\x94\x9A", "END arrow"},
    {"\xF0\x9F\x94\x9B", "ON! arrow"},
    {"\xF0\x9F\x94\x9C", "SOON arrow"},
    {"\xF0\x9F\x94\x9D", "TOP arrow"},
    {"\xF0\x9F\x9B\x90", "place of worship"},
    {"\xE2\x9A\x9B\xEF\xB8\x8F", "atom symbol"},
    {"\xF0\x9F\x95\x89\xEF\xB8\x8F", "om"},
    {"\xE2\x9C\xA1\xEF\xB8\x8F", "star of David"},
    {"\xE2\x98\xB8\xEF\xB8\x8F", "wheel of dharma"},
    {"\xE2\x98\xAF\xEF\xB8\x8F", "yin yang"},
    {"\xE2\x9C\x9D\xEF\xB8\x8F", "latin cross"},
    {"\xE2\x98\xA6\xEF\xB8\x8F", "orthodox cross"},
    {"\xE2\x98\xAA\xEF\xB8\x8F", "star and crescent"},
    {"\xE2\x98\xAE\xEF\xB8\x8F", "peace symbol"},
    {"\xF0\x9F\x95\x8E", "menorah"},
    {"\xF0\x9F\x94\xAF", "dotted six-pointed star"},
    {"\xF0\x9F\xAA\xAF", "khanda"},
    {"\xE2\x99\x88", "Aries"},
    {"\xE2\x99\x89", "Taurus"},
    {"\xE2\x99\x8A", "Gemini"},
    {"\xE2\x99\x8B", "Cancer"},
    {"\xE2\x99\x8C", "Leo"},
    {"\xE2\x99\x8D", "Virgo"},
    {"\xE2\x99\x8E", "Libra"},
    {"\xE2\x99\x8F", "Scorpio"},
    {"\xE2\x99\x90", "Sagittarius"},
    {"\xE2\x99\x91", "Capricorn"},
    {"\xE2\x99\x92", "Aquarius"},
    {"\xE2\x99\x93", "Pisces"},
    {"\xE2\x9B\x8E", "Ophiuchus"},
    {"\xF0\x9F\x94\x80", "shuffle tracks button"},
    {"\xF0\x9F\x94\x81", "repeat button"},
    {"\xF0\x9F\x94\x82", "repeat single button"},
    {"\xE2\x96\xB6\xEF\xB8\x8F", "play button"},
    {"\xE2\x8F\xA9", "fast-forward button"},
    {"\xE2\x8F\xAD\xEF\xB8\x8F", "next track button"},
    {"\xE2\x8F\xAF\xEF\xB8\x8F", "play or pause button"},
    {"\xE2\x97\x80\xEF\xB8\x8F", "reverse button"},
    {"\xE2\x8F\xAA", "fast reverse button"},
    {"\xE2\x8F\xAE\xEF\xB8\x8F", "last track button"},
    {"\xF0\x9F\x94\xBC", "upwards button"},
    {"\xE2\x8F\xAB", "fast up button"},
    {"\xF0\x9F\x94\xBD", "downwards button"},
    {"\xE2\x8F\xAC", "fast down button"},
    {"\xE2\x8F\xB8\xEF\xB8\x8F", "pause button"},
    {"\xE2\x8F\xB9\xEF\xB8\x8F", "stop button"},
    {"\xE2\x8F\xBA\xEF\xB8\x8F", "record button"},
    {"\xE2\x8F\x8F\xEF\xB8\x8F", "eject button"},
    {"\xF0\x9F\x8E\xA6", "cinema"},
    {"\xF0\x9F\x94\x85", "dim button"},
    {"\xF0\x9F\x94\x86", "bright button"},
    {"\xF0\x9F\x93\xB6", "antenna bars"},
    {"\xF0\x9F\x9B\x9C", "wireless"},
    {"\xF0\x9F\x93\xB3", "vibration mode"},
    {"\xF0\x9F\x93\xB4", "mobile phone off"},
    {"\xE2\x99\x80\xEF\xB8\x8F", "female sign"},
    {"\xE2\x99\x82\xEF\xB8\x8F", "male sign"},
    {"\xE2\x9A\xA7\xEF\xB8\x8F", "transgender symbol"},
    {"\xE2\x9C\x96\xEF\xB8\x8F", "multiply"},
    {"\xE2\x9E\x95", "plus"},
    {"\xE2\x9E\x96", "minus"},
    {"\xE2\x9E\x97", "divide"},
    {"\xF0\x9F\x9F\xB0", "heavy equals sign"},
    {"\xE2\x99\xBE\xEF\xB8\x8F", "infinity"},
    {"\xE2\x80\xBC\xEF\xB8\x8F", "double exclamation mark"},
    {"\xE2\x81\x89\xEF\xB8\x8F", "exclamation question mark"},
    {"\xE2\x9D\x93", "red question mark"},
    {"\xE2\x9D\x94", "white question mark"},
    {"\xE2\x9D\x95", "white exclamation mark"},
    {"\xE2\x9D\x97", "red exclamation mark"},
    {"\xE3\x80\xB0\xEF\xB8\x8F", "wavy dash"},
    {"\xF0\x9F\x92\xB1", "currency exchange"},
    {"\xF0\x9F\x92\xB2", "heavy dollar sign"},
    {"\xE2\x9A\x95\xEF\xB8\x8F", "medical symbol"},
    {"\xE2\x99\xBB\xEF\xB8\x8F", "recycling symbol"},
    {"\xE2\x9A\x9C\xEF\xB8\x8F", "fleur-de-lis"},
    {"\xF0\x9F\x94\xB1", "trident emblem"},
    {"\xF0\x9F\x93\x9B", "name badge"},
    {"\xF0\x9F\x94\xB0", "Japanese symbol for beginner"},
    {"\xE2\xAD\x95", "hollow red circle"},
    {"\xE2\x9C\x85", "check mark button"},
    {"\xE2\x98\x91\xEF\xB8\x8F", "check box with check"},
    {"\xE2\x9C\x94\xEF\xB8\x8F", "check mark"},
    {"\xE2\x9D\x8C", "cross mark"},
    {"\xE2\x9D\x8E", "cross mark button"},
    {"\xE2\x9E\xB0", "curly loop"},
    {"\xE2\x9E\xBF", "double curly loop"},
    {"\xE3\x80\xBD\xEF\xB8\x8F", "part alternation mark"},
    {"\xE2\x9C\xB3\xEF\xB8\x8F", "eight-spoked asterisk"},
    {"\xE2\x9C\xB4\xEF\xB8\x8F", "eight-pointed star"},
    {"\xE2\x9D\x87\xEF\xB8\x8F", "sparkle"},
    {"\xC2\xA9\xEF\xB8\x8F", "copyright"},
    {"\xC2\xAE\xEF\xB8\x8F", "registered"},
    {"\xE2\x84\xA2\xEF\xB8\x8F", "trade mark"},
    {"\x23\xEF\xB8\x8F\xE2\x83\xA3", "keycap: #"},
    {"\x2A\xEF\xB8\x8F\xE2\x83\xA3", "keycap: *"},
    {"\x30\xEF\xB8\x8F\xE2\x83\xA3", "keycap: 0"},
    {"\x31\xEF\xB8\x8F\xE2\x83\xA3", "keycap: 1"},
    {"\x32\xEF\xB8\x8F\xE2\x83\xA3", "keycap: 2"},
    {"\x33\xEF\xB8\x8F\xE2\x83\xA3", "keycap: 3"},
    {"\x34\xEF\xB8\x8F\xE2\x83\xA3", "keycap: 4"},
    {"\x35\xEF\xB8\x8F\xE2\x83\xA3", "keycap: 5"},
    {"\x36\xEF\xB8\x8F\xE2\x83\xA3", "keycap: 6"},
    {"\x37\xEF\xB8\x8F\xE2\x83\xA3", "keycap: 7"},
    {"\x38\xEF\xB8\x8F\xE2\x83\xA3", "keycap: 8"},
    {"\x39\xEF\xB8\x8F\xE2\x83\xA3", "keycap: 9"},
    {"\xF0\x9F\x94\x9F", "keycap: 10"},
    {"\xF0\x9F\x94\xA0", "input latin uppercase"},
    {"\xF0\x9F\x94\xA1", "input latin lowercase"},
    {"\xF0\x9F\x94\xA2", "input numbers"},
    {"\xF0\x9F\x94\xA3", "input symbols"},
    {"\xF0\x9F\x94\xA4", "input latin letters"},
    {"\xF0\x9F\x85\xB0\xEF\xB8\x8F", "A button (blood type)"},
    {"\xF0\x9F\x86\x8E", "AB button (blood type)"},
    {"\xF0\x9F\x85\xB1\xEF\xB8\x8F", "B button (blood type)"},
    {"\xF0\x9F\x86\x91", "CL button"},
    {"\xF0\x9F\x86\x92", "COOL button"},
    {"\xF0\x9F\x86\x93", "FREE button"},
    {"\xE2\x84\xB9\xEF\xB8\x8F", "information"},
    {"\xF0\x9F\x86\x94", "ID button"},
    {"\xE2\x93\x82\xEF\xB8\x8F", "circled M"},
    {"\xF0\x9F\x86\x95", "NEW button"},
    {"\xF0\x9F\x86\x96", "NG button"},
    {"\xF0\x9F\x85\xBE\xEF\xB8\x8F", "O button (blood type)"},
    {"\xF0\x9F\x86\x97", "OK button"},
    {"\xF0\x9F\x85\xBF\xEF\xB8\x8F", "P button"},
    {"\xF0\x9F\x86\x98", "SOS button"},
    {"\xF0\x9F\x86\x99", "UP! button"},
    {"\xF0\x9F\x86\x9A", "VS button"},
    {"\xF0\x9F\x88\x81", "Japanese here button"},
    {"\xF0\x9F\x88\x82\xEF\xB8\x8F", "Japanese service charge button"},
    {"\xF0\x9F\x88\xB7\xEF\xB8\x8F", "Japanese monthly amount button"},
    {"\xF0\x9F\x88\xB6", "Japanese not free of charge button"},
    {"\xF0\x9F\x88\xAF", "Japanese reserved button"},
    {"\xF0\x9F\x89\x90", "Japanese bargain button"},
    {"\xF0\x9F\x88\xB9", "Japanese discount button"},
    {"\xF0\x9F\x88\x9A", "Japanese free of charge button"},
    {"\xF0\x9F\x88\xB2", "Japanese prohibited button"},
    {"\xF0\x9F\x89\x91", "Japanese acceptable button"},
    {"\xF0\x9F\x88\xB8", "Japanese application button"},
    {"\xF0\x9F\x88\xB4", "Japanese passing grade button"},
    {"\xF0\x9F\x88\xB3", "Japanese vacancy button"},
    {"\xE3\x8A\x97\xEF\xB8\x8F", "Japanese congratulations button"},
    {"\xE3\x8A\x99\xEF\xB8\x8F", "Japanese secret button"},
    {"\xF0\x9F\x88\xBA", "Japanese open for business button"},
    {"\xF0\x9F\x88\xB5", "Japanese no vacancy button"},
    {"\xF0\x9F\x94\xB4", "red circle"},
    {"\xF0\x9F\x9F\xA0", "orange circle"},
    {"\xF0\x9F\x9F\xA1", "yellow circle"},
    {"\xF0\x9F\x9F\xA2", "green circle"},
    {"\xF0\x9F\x94\xB5", "blue circle"},
    {"\xF0\x9F\x9F\xA3", "purple circle"},
    {"\xF0\x9F\x9F\xA4", "brown circle"},
    {"\xE2\x9A\xAB", "black circle"},
    {"\xE2\x9A\xAA", "white circle"},
    {"\xF0\x9F\x9F\xA5", "red square"},
    {"\xF0\x9F\x9F\xA7", "orange square"},
    {"\xF0\x9F\x9F\xA8", "yellow square"},
    {"\xF0\x9F\x9F\xA9", "green square"},
    {"\xF0\x9F\x9F\xA6", "blue square"},
    {"\xF0\x9F\x9F\xAA", "purple square"},
    {"\xF0\x9F\x9F\xAB", "brown square"},
    {"\xE2\xAC\x9B", "black large square"},
    {"\xE2\xAC\x9C", "white large square"},
    {"\xE2\x97\xBC\xEF\xB8\x8F", "black medium square"},
    {"\xE2\x97\xBB\xEF\xB8\x8F", "white medium square"},
    {"\xE2\x97\xBE", "black medium-small square"},
    {"\xE2\x97\xBD", "white medium-small square"},
    {"\xE2\x96\xAA\xEF\xB8\x8F", "black small square"},
    {"\xE2\x96\xAB\xEF\xB8\x8F", "white small square"},
    {"\xF0\x9F\x94\xB6", "large orange diamond"},
    {"\xF0\x9F\x94\xB7", "large blue diamond"},
    {"\xF0\x9F\x94\xB8", "small orange diamond"},
    {"\xF0\x9F\x94\xB9", "small blue diamond"},
    {"\xF0\x9F\x94\xBA", "red triangle pointed up"},
    {"\xF0\x9F\x94\xBB", "red triangle pointed down"},
    {"\xF0\x9F\x92\xA0", "diamond with a dot"},
    {"\xF0\x9F\x94\x98", "radio button"},
    {"\xF0\x9F\x94\xB3", "white square button"},
    {"\xF0\x9F\x94\xB2", "black square button"},
    {"\xF0\x9F\x8F\x81", "chequered flag"},
    {"\xF0\x9F\x9A\xA9", "triangular flag"},
    {"\xF0\x9F\x8E\x8C", "crossed flags"},
    {"\xF0\x9F\x8F\xB4", "black flag"},
    {"\xF0\x9F\x8F\xB3\xEF\xB8\x8F", "white flag"},
    {"\xF0\x9F\x8F\xB3\xEF\xB8\x8F\xE2\x80\x8D\xF0\x9F\x8C\x88",
     "rainbow flag"},
    {"\xF0\x9F\x8F\xB3\xEF\xB8\x8F\xE2\x80\x8D\xE2\x9A\xA7\xEF\xB8\x8F",
     "transgender flag"},
    {"\xF0\x9F\x8F\xB4\xE2\x80\x8D\xE2\x98\xA0\xEF\xB8\x8F", "pirate flag"},
    {"\xF0\x9F\x87\xA6\xF0\x9F\x87\xA8", "flag: Ascension Island"},
    {"\xF0\x9F\x87\xA6\xF0\x9F\x87\xA9", "flag: Andorra"},
    {"\xF0\x9F\x87\xA6\xF0\x9F\x87\xAA", "flag: United Arab Emirates"},
    {"\xF0\x9F\x87\xA6\xF0\x9F\x87\xAB", "flag: Afghanistan"},
    {"\xF0\x9F\x87\xA6\xF0\x9F\x87\xAC", "flag: Antigua & Barbuda"},
    {"\xF0\x9F\x87\xA6\xF0\x9F\x87\xAE", "flag: Anguilla"},
    {"\xF0\x9F\x87\xA6\xF0\x9F\x87\xB1", "flag: Albania"},
    {"\xF0\x9F\x87\xA6\xF0\x9F\x87\xB2", "flag: Armenia"},
    {"\xF0\x9F\x87\xA6\xF0\x9F\x87\xB4", "flag: Angola"},
    {"\xF0\x9F\x87\xA6\xF0\x9F\x87\xB6", "flag: Antarctica"},
    {"\xF0\x9F\x87\xA6\xF0\x9F\x87\xB7", "flag: Argentina"},
    {"\xF0\x9F\x87\xA6\xF0\x9F\x87\xB8", "flag: American Samoa"},
    {"\xF0\x9F\x87\xA6\xF0\x9F\x87\xB9", "flag: Austria"},
    {"\xF0\x9F\x87\xA6\xF0\x9F\x87\xBA", "flag: Australia"},
    {"\xF0\x9F\x87\xA6\xF0\x9F\x87\xBC", "flag: Aruba"},
    {"\xF0\x9F\x87\xA6\xF0\x9F\x87\xBD", "flag: Aland Islands"},
    {"\xF0\x9F\x87\xA6\xF0\x9F\x87\xBF", "flag: Azerbaijan"},
    {"\xF0\x9F\x87\xA7\xF0\x9F\x87\xA6", "flag: Bosnia & Herzegovina"},
    {"\xF0\x9F\x87\xA7\xF0\x9F\x87\xA7", "flag: Barbados"},
    {"\xF0\x9F\x87\xA7\xF0\x9F\x87\xA9", "flag: Bangladesh"},
    {"\xF0\x9F\x87\xA7\xF0\x9F\x87\xAA", "flag: Belgium"},
    {"\xF0\x9F\x87\xA7\xF0\x9F\x87\xAB", "flag: Burkina Faso"},
    {"\xF0\x9F\x87\xA7\xF0\x9F\x87\xAC", "flag: Bulgaria"},
    {"\xF0\x9F\x87\xA7\xF0\x9F\x87\xAD", "flag: Bahrain"},
    {"\xF0\x9F\x87\xA7\xF0\x9F\x87\xAE", "flag: Burundi"},
    {"\xF0\x9F\x87\xA7\xF0\x9F\x87\xAF", "flag: Benin"},
    {"\xF0\x9F\x87\xA7\xF0\x9F\x87\xB1", "flag: St. Barthelemy"},
    {"\xF0\x9F\x87\xA7\xF0\x9F\x87\xB2", "flag: Bermuda"},
    {"\xF0\x9F\x87\xA7\xF0\x9F\x87\xB3", "flag: Brunei"},
    {"\xF0\x9F\x87\xA7\xF0\x9F\x87\xB4", "flag: Bolivia"},
    {"\xF0\x9F\x87\xA7\xF0\x9F\x87\xB6", "flag: Caribbean Netherlands"},
    {"\xF0\x9F\x87\xA7\xF0\x9F\x87\xB7", "flag: Brazil"},
    {"\xF0\x9F\x87\xA7\xF0\x9F\x87\xB8", "flag: Bahamas"},
    {"\xF0\x9F\x87\xA7\xF0\x9F\x87\xB9", "flag: Bhutan"},
    {"\xF0\x9F\x87\xA7\xF0\x9F\x87\xBB", "flag: Bouvet Island"},
    {"\xF0\x9F\x87\xA7\xF0\x9F\x87\xBC", "flag: Botswana"},
    {"\xF0\x9F\x87\xA7\xF0\x9F\x87\xBE", "flag: Belarus"},
    {"\xF0\x9F\x87\xA7\xF0\x9F\x87\xBF", "flag: Belize"},
    {"\xF0\x9F\x87\xA8\xF0\x9F\x87\xA6", "flag: Canada"},
    {"\xF0\x9F\x87\xA8\xF0\x9F\x87\xA8", "flag: Cocos (Keeling) Islands"},
    {"\xF0\x9F\x87\xA8\xF0\x9F\x87\xA9", "flag: Congo - Kinshasa"},
    {"\xF0\x9F\x87\xA8\xF0\x9F\x87\xAB", "flag: Central African Republic"},
    {"\xF0\x9F\x87\xA8\xF0\x9F\x87\xAC", "flag: Congo - Brazzaville"},
    {"\xF0\x9F\x87\xA8\xF0\x9F\x87\xAD", "flag: Switzerland"},
    {"\xF0\x9F\x87\xA8\xF0\x9F\x87\xAE", "flag: Cote dIvoire"},
    {"\xF0\x9F\x87\xA8\xF0\x9F\x87\xB0", "flag: Cook Islands"},
    {"\xF0\x9F\x87\xA8\xF0\x9F\x87\xB1", "flag: Chile"},
    {"\xF0\x9F\x87\xA8\xF0\x9F\x87\xB2", "flag: Cameroon"},
    {"\xF0\x9F\x87\xA8\xF0\x9F\x87\xB3", "flag: China"},
    {"\xF0\x9F\x87\xA8\xF0\x9F\x87\xB4", "flag: Colombia"},
    {"\xF0\x9F\x87\xA8\xF0\x9F\x87\xB5", "flag: Clipperton Island"},
    {"\xF0\x9F\x87\xA8\xF0\x9F\x87\xB7", "flag: Costa Rica"},
    {"\xF0\x9F\x87\xA8\xF0\x9F\x87\xBA", "flag: Cuba"},
    {"\xF0\x9F\x87\xA8\xF0\x9F\x87\xBB", "flag: Cape Verde"},
    {"\xF0\x9F\x87\xA8\xF0\x9F\x87\xBC", "flag: Curacao"},
    {"\xF0\x9F\x87\xA8\xF0\x9F\x87\xBD", "flag: Christmas Island"},
    {"\xF0\x9F\x87\xA8\xF0\x9F\x87\xBE", "flag: Cyprus"},
    {"\xF0\x9F\x87\xA8\xF0\x9F\x87\xBF", "flag: Czechia"},
    {"\xF0\x9F\x87\xA9\xF0\x9F\x87\xAA", "flag: Germany"},
    {"\xF0\x9F\x87\xA9\xF0\x9F\x87\xAC", "flag: Diego Garcia"},
    {"\xF0\x9F\x87\xA9\xF0\x9F\x87\xAF", "flag: Djibouti"},
    {"\xF0\x9F\x87\xA9\xF0\x9F\x87\xB0", "flag: Denmark"},
    {"\xF0\x9F\x87\xA9\xF0\x9F\x87\xB2", "flag: Dominica"},
    {"\xF0\x9F\x87\xA9\xF0\x9F\x87\xB4", "flag: Dominican Republic"},
    {"\xF0\x9F\x87\xA9\xF0\x9F\x87\xBF", "flag: Algeria"},
    {"\xF0\x9F\x87\xAA\xF0\x9F\x87\xA6", "flag: Ceuta & Melilla"},
    {"\xF0\x9F\x87\xAA\xF0\x9F\x87\xA8", "flag: Ecuador"},
    {"\xF0\x9F\x87\xAA\xF0\x9F\x87\xAA", "flag: Estonia"},
    {"\xF0\x9F\x87\xAA\xF0\x9F\x87\xAC", "flag: Egypt"},
    {"\xF0\x9F\x87\xAA\xF0\x9F\x87\xAD", "flag: Western Sahara"},
    {"\xF0\x9F\x87\xAA\xF0\x9F\x87\xB7", "flag: Eritrea"},
    {"\xF0\x9F\x87\xAA\xF0\x9F\x87\xB8", "flag: Spain"},
    {"\xF0\x9F\x87\xAA\xF0\x9F\x87\xB9", "flag: Ethiopia"},
    {"\xF0\x9F\x87\xAA\xF0\x9F\x87\xBA", "flag: European Union"},
    {"\xF0\x9F\x87\xAB\xF0\x9F\x87\xAE", "flag: Finland"},
    {"\xF0\x9F\x87\xAB\xF0\x9F\x87\xAF", "flag: Fiji"},
    {"\xF0\x9F\x87\xAB\xF0\x9F\x87\xB0", "flag: Falkland Islands"},
    {"\xF0\x9F\x87\xAB\xF0\x9F\x87\xB2", "flag: Micronesia"},
    {"\xF0\x9F\x87\xAB\xF0\x9F\x87\xB4", "flag: Faroe Islands"},
    {"\xF0\x9F\x87\xAB\xF0\x9F\x87\xB7", "flag: France"},
    {"\xF0\x9F\x87\xAC\xF0\x9F\x87\xA6", "flag: Gabon"},
    {"\xF0\x9F\x87\xAC\xF0\x9F\x87\xA7", "flag: United Kingdom"},
    {"\xF0\x9F\x87\xAC\xF0\x9F\x87\xA9", "flag: Grenada"},
    {"\xF0\x9F\x87\xAC\xF0\x9F\x87\xAA", "flag: Georgia"},
    {"\xF0\x9F\x87\xAC\xF0\x9F\x87\xAB", "flag: French Guiana"},
    {"\xF0\x9F\x87\xAC\xF0\x9F\x87\xAC", "flag: Guernsey"},
    {"\xF0\x9F\x87\xAC\xF0\x9F\x87\xAD", "flag: Ghana"},
    {"\xF0\x9F\x87\xAC\xF0\x9F\x87\xAE", "flag: Gibraltar"},
    {"\xF0\x9F\x87\xAC\xF0\x9F\x87\xB1", "flag: Greenland"},
    {"\xF0\x9F\x87\xAC\xF0\x9F\x87\xB2", "flag: Gambia"},
    {"\xF0\x9F\x87\xAC\xF0\x9F\x87\xB3", "flag: Guinea"},
    {"\xF0\x9F\x87\xAC\xF0\x9F\x87\xB5", "flag: Guadeloupe"},
    {"\xF0\x9F\x87\xAC\xF0\x9F\x87\xB6", "flag: Equatorial Guinea"},
    {"\xF0\x9F\x87\xAC\xF0\x9F\x87\xB7", "flag: Greece"},
    {"\xF0\x9F\x87\xAC\xF0\x9F\x87\xB8",
     "flag: South Georgia & South Sandwich Islands"},
    {"\xF0\x9F\x87\xAC\xF0\x9F\x87\xB9", "flag: Guatemala"},
    {"\xF0\x9F\x87\xAC\xF0\x9F\x87\xBA", "flag: Guam"},
    {"\xF0\x9F\x87\xAC\xF0\x9F\x87\xBC", "flag: Guinea-Bissau"},
    {"\xF0\x9F\x87\xAC\xF0\x9F\x87\xBE", "flag: Guyana"},
    {"\xF0\x9F\x87\xAD\xF0\x9F\x87\xB0", "flag: Hong Kong SAR China"},
    {"\xF0\x9F\x87\xAD\xF0\x9F\x87\xB2", "flag: Heard & McDonald Islands"},
    {"\xF0\x9F\x87\xAD\xF0\x9F\x87\xB3", "flag: Honduras"},
    {"\xF0\x9F\x87\xAD\xF0\x9F\x87\xB7", "flag: Croatia"},
    {"\xF0\x9F\x87\xAD\xF0\x9F\x87\xB9", "flag: Haiti"},
    {"\xF0\x9F\x87\xAD\xF0\x9F\x87\xBA", "flag: Hungary"},
    {"\xF0\x9F\x87\xAE\xF0\x9F\x87\xA8", "flag: Canary Islands"},
    {"\xF0\x9F\x87\xAE\xF0\x9F\x87\xA9", "flag: Indonesia"},
    {"\xF0\x9F\x87\xAE\xF0\x9F\x87\xAA", "flag: Ireland"},
    {"\xF0\x9F\x87\xAE\xF0\x9F\x87\xB1", "flag: Israel"},
    {"\xF0\x9F\x87\xAE\xF0\x9F\x87\xB2", "flag: Isle of Man"},
    {"\xF0\x9F\x87\xAE\xF0\x9F\x87\xB3", "flag: India"},
    {"\xF0\x9F\x87\xAE\xF0\x9F\x87\xB4",
     "flag: British Indian Ocean Territory"},
    {"\xF0\x9F\x87\xAE\xF0\x9F\x87\xB6", "flag: Iraq"},
    {"\xF0\x9F\x87\xAE\xF0\x9F\x87\xB7", "flag: Iran"},
    {"\xF0\x9F\x87\xAE\xF0\x9F\x87\xB8", "flag: Iceland"},
    {"\xF0\x9F\x87\xAE\xF0\x9F\x87\xB9", "flag: Italy"},
    {"\xF0\x9F\x87\xAF\xF0\x9F\x87\xAA", "flag: Jersey"},
    {"\xF0\x9F\x87\xAF\xF0\x9F\x87\xB2", "flag: Jamaica"},
    {"\xF0\x9F\x87\xAF\xF0\x9F\x87\xB4", "flag: Jordan"},
    {"\xF0\x9F\x87\xAF\xF0\x9F\x87\xB5", "flag: Japan"},
    {"\xF0\x9F\x87\xB0\xF0\x9F\x87\xAA", "flag: Kenya"},
    {"\xF0\x9F\x87\xB0\xF0\x9F\x87\xAC", "flag: Kyrgyzstan"},
    {"\xF0\x9F\x87\xB0\xF0\x9F\x87\xAD", "flag: Cambodia"},
    {"\xF0\x9F\x87\xB0\xF0\x9F\x87\xAE", "flag: Kiribati"},
    {"\xF0\x9F\x87\xB0\xF0\x9F\x87\xB2", "flag: Comoros"},
    {"\xF0\x9F\x87\xB0\xF0\x9F\x87\xB3", "flag: St. Kitts & Nevis"},
    {"\xF0\x9F\x87\xB0\xF0\x9F\x87\xB5", "flag: North Korea"},
    {"\xF0\x9F\x87\xB0\xF0\x9F\x87\xB7", "flag: South Korea"},
    {"\xF0\x9F\x87\xB0\xF0\x9F\x87\xBC", "flag: Kuwait"},
    {"\xF0\x9F\x87\xB0\xF0\x9F\x87\xBE", "flag: Cayman Islands"},
    {"\xF0\x9F\x87\xB0\xF0\x9F\x87\xBF", "flag: Kazakhstan"},
    {"\xF0\x9F\x87\xB1\xF0\x9F\x87\xA6", "flag: Laos"},
    {"\xF0\x9F\x87\xB1\xF0\x9F\x87\xA7", "flag: Lebanon"},
    {"\xF0\x9F\x87\xB1\xF0\x9F\x87\xA8", "flag: St. Lucia"},
    {"\xF0\x9F\x87\xB1\xF0\x9F\x87\xAE", "flag: Liechtenstein"},
    {"\xF0\x9F\x87\xB1\xF0\x9F\x87\xB0", "flag: Sri Lanka"},
    {"\xF0\x9F\x87\xB1\xF0\x9F\x87\xB7", "flag: Liberia"},
    {"\xF0\x9F\x87\xB1\xF0\x9F\x87\xB8", "flag: Lesotho"},
    {"\xF0\x9F\x87\xB1\xF0\x9F\x87\xB9", "flag: Lithuania"},
    {"\xF0\x9F\x87\xB1\xF0\x9F\x87\xBA", "flag: Luxembourg"},
    {"\xF0\x9F\x87\xB1\xF0\x9F\x87\xBB", "flag: Latvia"},
    {"\xF0\x9F\x87\xB1\xF0\x9F\x87\xBE", "flag: Libya"},
    {"\xF0\x9F\x87\xB2\xF0\x9F\x87\xA6", "flag: Morocco"},
    {"\xF0\x9F\x87\xB2\xF0\x9F\x87\xA8", "flag: Monaco"},
    {"\xF0\x9F\x87\xB2\xF0\x9F\x87\xA9", "flag: Moldova"},
    {"\xF0\x9F\x87\xB2\xF0\x9F\x87\xAA", "flag: Montenegro"},
    {"\xF0\x9F\x87\xB2\xF0\x9F\x87\xAB", "flag: St. Martin"},
    {"\xF0\x9F\x87\xB2\xF0\x9F\x87\xAC", "flag: Madagascar"},
    {"\xF0\x9F\x87\xB2\xF0\x9F\x87\xAD", "flag: Marshall Islands"},
    {"\xF0\x9F\x87\xB2\xF0\x9F\x87\xB0", "flag: North Macedonia"},
    {"\xF0\x9F\x87\xB2\xF0\x9F\x87\xB1", "flag: Mali"},
    {"\xF0\x9F\x87\xB2\xF0\x9F\x87\xB2", "flag: Myanmar (Burma)"},
    {"\xF0\x9F\x87\xB2\xF0\x9F\x87\xB3", "flag: Mongolia"},
    {"\xF0\x9F\x87\xB2\xF0\x9F\x87\xB4", "flag: Macao SAR China"},
    {"\xF0\x9F\x87\xB2\xF0\x9F\x87\xB5", "flag: Northern Mariana Islands"},
    {"\xF0\x9F\x87\xB2\xF0\x9F\x87\xB6", "flag: Martinique"},
    {"\xF0\x9F\x87\xB2\xF0\x9F\x87\xB7", "flag: Mauritania"},
    {"\xF0\x9F\x87\xB2\xF0\x9F\x87\xB8", "flag: Montserrat"},
    {"\xF0\x9F\x87\xB2\xF0\x9F\x87\xB9", "flag: Malta"},
    {"\xF0\x9F\x87\xB2\xF0\x9F\x87\xBA", "flag: Mauritius"},
    {"\xF0\x9F\x87\xB2\xF0\x9F\x87\xBB", "flag: Maldives"},
    {"\xF0\x9F\x87\xB2\xF0\x9F\x87\xBC", "flag: Malawi"},
    {"\xF0\x9F\x87\xB2\xF0\x9F\x87\xBD", "flag: Mexico"},
    {"\xF0\x9F\x87\xB2\xF0\x9F\x87\xBE", "flag: Malaysia"},
    {"\xF0\x9F\x87\xB2\xF0\x9F\x87\xBF", "flag: Mozambique"},
    {"\xF0\x9F\x87\xB3\xF0\x9F\x87\xA6", "flag: Namibia"},
    {"\xF0\x9F\x87\xB3\xF0\x9F\x87\xA8", "flag: New Caledonia"},
    {"\xF0\x9F\x87\xB3\xF0\x9F\x87\xAA", "flag: Niger"},
    {"\xF0\x9F\x87\xB3\xF0\x9F\x87\xAB", "flag: Norfolk Island"},
    {"\xF0\x9F\x87\xB3\xF0\x9F\x87\xAC", "flag: Nigeria"},
    {"\xF0\x9F\x87\xB3\xF0\x9F\x87\xAE", "flag: Nicaragua"},
    {"\xF0\x9F\x87\xB3\xF0\x9F\x87\xB1", "flag: Netherlands"},
    {"\xF0\x9F\x87\xB3\xF0\x9F\x87\xB4", "flag: Norway"},
    {"\xF0\x9F\x87\xB3\xF0\x9F\x87\xB5", "flag: Nepal"},
    {"\xF0\x9F\x87\xB3\xF0\x9F\x87\xB7", "flag: Nauru"},
    {"\xF0\x9F\x87\xB3\xF0\x9F\x87\xBA", "flag: Niue"},
    {"\xF0\x9F\x87\xB3\xF0\x9F\x87\xBF", "flag: New Zealand"},
    {"\xF0\x9F\x87\xB4\xF0\x9F\x87\xB2", "flag: Oman"},
    {"\xF0\x9F\x87\xB5\xF0\x9F\x87\xA6", "flag: Panama"},
    {"\xF0\x9F\x87\xB5\xF0\x9F\x87\xAA", "flag: Peru"},
    {"\xF0\x9F\x87\xB5\xF0\x9F\x87\xAB", "flag: French Polynesia"},
    {"\xF0\x9F\x87\xB5\xF0\x9F\x87\xAC", "flag: Papua New Guinea"},
    {"\xF0\x9F\x87\xB5\xF0\x9F\x87\xAD", "flag: Philippines"},
    {"\xF0\x9F\x87\xB5\xF0\x9F\x87\xB0", "flag: Pakistan"},
    {"\xF0\x9F\x87\xB5\xF0\x9F\x87\xB1", "flag: Poland"},
    {"\xF0\x9F\x87\xB5\xF0\x9F\x87\xB2", "flag: St. Pierre & Miquelon"},
    {"\xF0\x9F\x87\xB5\xF0\x9F\x87\xB3", "flag: Pitcairn Islands"},
    {"\xF0\x9F\x87\xB5\xF0\x9F\x87\xB7", "flag: Puerto Rico"},
    {"\xF0\x9F\x87\xB5\xF0\x9F\x87\xB8", "flag: Palestinian Territories"},
    {"\xF0\x9F\x87\xB5\xF0\x9F\x87\xB9", "flag: Portugal"},
    {"\xF0\x9F\x87\xB5\xF0\x9F\x87\xBC", "flag: Palau"},
    {"\xF0\x9F\x87\xB5\xF0\x9F\x87\xBE", "flag: Paraguay"},
    {"\xF0\x9F\x87\xB6\xF0\x9F\x87\xA6", "flag: Qatar"},
    {"\xF0\x9F\x87\xB7\xF0\x9F\x87\xAA", "flag: Reunion"},
    {"\xF0\x9F\x87\xB7\xF0\x9F\x87\xB4", "flag: Romania"},
    {"\xF0\x9F\x87\xB7\xF0\x9F\x87\xB8", "flag: Serbia"},
    {"\xF0\x9F\x87\xB7\xF0\x9F\x87\xBA", "flag: Russia"},
    {"\xF0\x9F\x87\xB7\xF0\x9F\x87\xBC", "flag: Rwanda"},
    {"\xF0\x9F\x87\xB8\xF0\x9F\x87\xA6", "flag: Saudi Arabia"},
    {"\xF0\x9F\x87\xB8\xF0\x9F\x87\xA7", "flag: Solomon Islands"},
    {"\xF0\x9F\x87\xB8\xF0\x9F\x87\xA8", "flag: Seychelles"},
    {"\xF0\x9F\x87\xB8\xF0\x9F\x87\xA9", "flag: Sudan"},
    {"\xF0\x9F\x87\xB8\xF0\x9F\x87\xAA", "flag: Sweden"},
    {"\xF0\x9F\x87\xB8\xF0\x9F\x87\xAC", "flag: Singapore"},
    {"\xF0\x9F\x87\xB8\xF0\x9F\x87\xAD", "flag: St. Helena"},
    {"\xF0\x9F\x87\xB8\xF0\x9F\x87\xAE", "flag: Slovenia"},
    {"\xF0\x9F\x87\xB8\xF0\x9F\x87\xAF", "flag: Svalbard & Jan Mayen"},
    {"\xF0\x9F\x87\xB8\xF0\x9F\x87\xB0", "flag: Slovakia"},
    {"\xF0\x9F\x87\xB8\xF0\x9F\x87\xB1", "flag: Sierra Leone"},
    {"\xF0\x9F\x87\xB8\xF0\x9F\x87\xB2", "flag: San Marino"},
    {"\xF0\x9F\x87\xB8\xF0\x9F\x87\xB3", "flag: Senegal"},
    {"\xF0\x9F\x87\xB8\xF0\x9F\x87\xB4", "flag: Somalia"},
    {"\xF0\x9F\x87\xB8\xF0\x9F\x87\xB7", "flag: Suriname"},
    {"\xF0\x9F\x87\xB8\xF0\x9F\x87\xB8", "flag: South Sudan"},
    {"\xF0\x9F\x87\xB8\xF0\x9F\x87\xB9", "flag: Sao Tome & Principe"},
    {"\xF0\x9F\x87\xB8\xF0\x9F\x87\xBB", "flag: El Salvador"},
    {"\xF0\x9F\x87\xB8\xF0\x9F\x87\xBD", "flag: Sint Maarten"},
    {"\xF0\x9F\x87\xB8\xF0\x9F\x87\xBE", "flag: Syria"},
    {"\xF0\x9F\x87\xB8\xF0\x9F\x87\xBF", "flag: Eswatini"},
    {"\xF0\x9F\x87\xB9\xF0\x9F\x87\xA6", "flag: Tristan da Cunha"},
    {"\xF0\x9F\x87\xB9\xF0\x9F\x87\xA8", "flag: Turks & Caicos Islands"},
    {"\xF0\x9F\x87\xB9\xF0\x9F\x87\xA9", "flag: Chad"},
    {"\xF0\x9F\x87\xB9\xF0\x9F\x87\xAB", "flag: French Southern Territories"},
    {"\xF0\x9F\x87\xB9\xF0\x9F\x87\xAC", "flag: Togo"},
    {"\xF0\x9F\x87\xB9\xF0\x9F\x87\xAD", "flag: Thailand"},
    {"\xF0\x9F\x87\xB9\xF0\x9F\x87\xAF", "flag: Tajikistan"},
    {"\xF0\x9F\x87\xB9\xF0\x9F\x87\xB0", "flag: Tokelau"},
    {"\xF0\x9F\x87\xB9\xF0\x9F\x87\xB1", "flag: Timor-Leste"},
    {"\xF0\x9F\x87\xB9\xF0\x9F\x87\xB2", "flag: Turkmenistan"},
    {"\xF0\x9F\x87\xB9\xF0\x9F\x87\xB3", "flag: Tunisia"},
    {"\xF0\x9F\x87\xB9\xF0\x9F\x87\xB4", "flag: Tonga"},
    {"\xF0\x9F\x87\xB9\xF0\x9F\x87\xB7", "flag: Turkiye"},
    {"\xF0\x9F\x87\xB9\xF0\x9F\x87\xB9", "flag: Trinidad & Tobago"},
    {"\xF0\x9F\x87\xB9\xF0\x9F\x87\xBB", "flag: Tuvalu"},
    {"\xF0\x9F\x87\xB9\xF0\x9F\x87\xBC", "flag: Taiwan"},
    {"\xF0\x9F\x87\xB9\xF0\x9F\x87\xBF", "flag: Tanzania"},
    {"\xF0\x9F\x87\xBA\xF0\x9F\x87\xA6", "flag: Ukraine"},
    {"\xF0\x9F\x87\xBA\xF0\x9F\x87\xAC", "flag: Uganda"},
    {"\xF0\x9F\x87\xBA\xF0\x9F\x87\xB2", "flag: U.S. Outlying Islands"},
    {"\xF0\x9F\x87\xBA\xF0\x9F\x87\xB3", "flag: United Nations"},
    {"\xF0\x9F\x87\xBA\xF0\x9F\x87\xB8", "flag: United States"},
    {"\xF0\x9F\x87\xBA\xF0\x9F\x87\xBE", "flag: Uruguay"},
    {"\xF0\x9F\x87\xBA\xF0\x9F\x87\xBF", "flag: Uzbekistan"},
    {"\xF0\x9F\x87\xBB\xF0\x9F\x87\xA6", "flag: Vatican City"},
    {"\xF0\x9F\x87\xBB\xF0\x9F\x87\xA8", "flag: St. Vincent & Grenadines"},
    {"\xF0\x9F\x87\xBB\xF0\x9F\x87\xAA", "flag: Venezuela"},
    {"\xF0\x9F\x87\xBB\xF0\x9F\x87\xAC", "flag: British Virgin Islands"},
    {"\xF0\x9F\x87\xBB\xF0\x9F\x87\xAE", "flag: U.S. Virgin Islands"},
    {"\xF0\x9F\x87\xBB\xF0\x9F\x87\xB3", "flag: Vietnam"},
    {"\xF0\x9F\x87\xBB\xF0\x9F\x87\xBA", "flag: Vanuatu"},
    {"\xF0\x9F\x87\xBC\xF0\x9F\x87\xAB", "flag: Wallis & Futuna"},
    {"\xF0\x9F\x87\xBC\xF0\x9F\x87\xB8", "flag: Samoa"},
    {"\xF0\x9F\x87\xBD\xF0\x9F\x87\xB0", "flag: Kosovo"},
    {"\xF0\x9F\x87\xBE\xF0\x9F\x87\xAA", "flag: Yemen"},
    {"\xF0\x9F\x87\xBE\xF0\x9F\x87\xB9", "flag: Mayotte"},
    {"\xF0\x9F\x87\xBF\xF0\x9F\x87\xA6", "flag: South Africa"},
    {"\xF0\x9F\x87\xBF\xF0\x9F\x87\xB2", "flag: Zambia"},
    {"\xF0\x9F\x87\xBF\xF0\x9F\x87\xBC", "flag: Zimbabwe"},
    {"\xF0\x9F\x8F\xB4\xF3\xA0\x81\xA7\xF3\xA0\x81\xA2\xF3\xA0\x81\xA5\xF3\xA0"
     "\x81\xAE\xF3\xA0\x81\xA7\xF3\xA0\x81\xBF",
     "flag: England"},
    {"\xF0\x9F\x8F\xB4\xF3\xA0\x81\xA7\xF3\xA0\x81\xA2\xF3\xA0\x81\xB3\xF3\xA0"
     "\x81\xA3\xF3\xA0\x81\xB4\xF3\xA0\x81\xBF",
     "flag: Scotland"},
    {"\xF0\x9F\x8F\xB4\xF3\xA0\x81\xA7\xF3\xA0\x81\xA2\xF3\xA0\x81\xB7\xF3\xA0"
     "\x81\xAC\xF3\xA0\x81\xB3\xF3\xA0\x81\xBF",
     "flag: Wales"},
};
